[Licensing::Module] Trying to connect to existing licensing client channel...
[Licensing::IpcConnector] Successfully connected to: "LicenseClient-Compuomart" at "2026-09-27T03:53:51.5142737Z"
Built from '6000.6/respin/6000.6.0f1-fa21a270ab12' branch; Version is '6000.6.0f1 (f7f8ed4d1e24) revision 16251117'; Using compiler version '194234433'; Build Type 'Release'
OS: 'Windows 11  (10.0.26200) Professional' Language: 'en' Physical Memory: 32559 MB
BatchMode: 1, IsHumanControllingUs: 0, StartBugReporterOnCrash: 0, Is64bit: 1
System  architecture: x64
Process architecture: x64
Date: 2026-09-27T03:53:51Z

COMMAND LINE ARGUMENTS:
E:\tools\Unity-editor\6000.6.0f1\Editor\Unity.exe
-adb2
-batchMode
-noUpm
-name
AssetImportWorkerHW0
-projectPath
E:/DEPI_2026/Chitin-Ash
-logFile
Logs/AssetImportWorkerHW0.log
-srvPort
58564
-parentPid
6948
-analyticsCloudUserId
anonymous
-analyticsLocalProjectId
b674b2dcc0c4ad04d9f437df6e9f970f
-editorAnalyticsEnabled
1
-cbmEditorLicense
7a9fff89b35e761d76722f24307524ea36dcb4dc
-cbmMachineId
3KfzeB2xIpe6WxQyZRYSQ203QzE=
-licensingIpc
LicenseClient-Compuomart
-noDiagnosticSwitchPersistentStore
-job-worker-count
5
-background-job-worker-count
8
-asset-garbage-collectors
1
-force-d3d12
-name
AssetImport
Successfully changed project path to: E:/DEPI_2026/Chitin-Ash
E:/DEPI_2026/Chitin-Ash
[UnityMemory] Configuration Parameters - Can be set up in boot.config
    "memorysetup-temp-allocator-size-gi-baking-worker=262144"
    "memorysetup-temp-allocator-size-gi-baking-worker=262144"
    "memorysetup-temp-allocator-size-gi-baking-worker=262144"
    "memorysetup-temp-allocator-size-gi-baking-worker=262144"
    "memorysetup-temp-allocator-size-gi-baking-worker=262144"
    "memorysetup-temp-allocator-size-nav-mesh-worker=65536"
    "memorysetup-temp-allocator-size-audio-worker=65536"
    "memorysetup-temp-allocator-size-cloud-worker=32768"
    "memorysetup-temp-allocator-size-gfx=262144"
    "memorysetup-remapper-allocator-initial-capacity=32768"
    "memorysetup-temp-allocator-size-preload-manager=33554432"
    "memorysetup-allocator-temp-initial-block-size-main=262144"
    "memorysetup-allocator-temp-initial-block-size-worker=262144"
    "memorysetup-temp-allocator-size-job-worker=262144"
    "memorysetup-temp-allocator-size-background-worker=32768"
    "memorysetup-bucket-allocator-granularity=16"
    "memorysetup-bucket-allocator-bucket-count=8"
    "memorysetup-bucket-allocator-block-size=33554432"
    "memorysetup-bucket-allocator-block-count=8"
    "memorysetup-main-allocator-block-size=16777216"
    "memorysetup-thread-allocator-block-size=16777216"
    "memorysetup-main-allocator-mimalloc-enabled=1"
    "memorysetup-gfx-main-allocator-block-size=16777216"
    "memorysetup-gfx-thread-allocator-block-size=16777216"
    "memorysetup-cache-allocator-block-size=4194304"
    "memorysetup-typetree-allocator-block-size=2097152"
    "memorysetup-profiler-bucket-allocator-granularity=16"
    "memorysetup-profiler-bucket-allocator-bucket-count=8"
    "memorysetup-profiler-bucket-allocator-block-size=33554432"
    "memorysetup-profiler-bucket-allocator-block-count=8"
    "memorysetup-profiler-allocator-block-size=16777216"
    "memorysetup-profiler-editor-allocator-block-size=1048576"
    "memorysetup-temp-allocator-size-main=16777216"
    "memorysetup-job-temp-allocator-block-size=2097152"
    "memorysetup-job-temp-allocator-block-size-background=1048576"
    "memorysetup-job-temp-allocator-reduction-small-platforms=262144"
Player connection [26212]  Target information:

Player connection [26212]  * "[IP] 192.168.1.114 [Port] 0 [Flags] 2 [Guid] 3984754425 [EditorId] 3984754425 [Version] 1048832 [Id] WindowsEditor(7,DESKTOP-INOIHPV) [Debug] 1 [PackageName] WindowsEditor [ProjectName] Editor" 

Player connection [26212]  * "[IP] 172.30.48.1 [Port] 0 [Flags] 2 [Guid] 3984754425 [EditorId] 3984754425 [Version] 1048832 [Id] WindowsEditor(7,DESKTOP-INOIHPV) [Debug] 1 [PackageName] WindowsEditor [ProjectName] Editor" 

Player connection [26212] Host joined multi-casting on [225.0.0.222:54997]...
Player connection [26212] Host joined alternative multi-casting on [225.0.0.222:34997]...
JobSystem: Creating JobQueue using job-worker-count value 5
Input System module state changed to: Initialized.
[Physics::Module] Initialized fallback backend.
[Physics::Module] Id: 0xdecafbad
Library Redirect Path: Library/
Initialising UDS system complete:
  - System type: Client
  - Resource namespace: 837e251385ba5a87ec48f5f5226270e0
  - Shared memory size: 1073741824
  - Command buffer id: 1052576
  - Command buffer size: 8192
  - Hashmap size: 4194304
  - Service connected: true
  - Service working directory: Library/DataStore/
[Physics::Module] Selected backend.
[Physics::Module] Name: PhysX
[Physics::Module] Id: 0xf2b8ea05
[Physics::Module] SDK Version: 4.1.2
[Physics::Module] Integration Version: 1.0.0
[Physics::Module] Threading Mode: Multi-Threaded
Initialize engine version: 6000.6.0f1 (f7f8ed4d1e24)
[EntityIdStore] init: VM path (explicit commit), pageSize=4096, blockCount=1048576, entitiesPerBlock=256, slots reserved=4294967296 bytes
[Subsystems] Discovering subsystems at path E:/tools/Unity-editor/6000.6.0f1/Editor/Data/Resources/UnitySubsystems
[Subsystems] Discovering subsystems at path E:/DEPI_2026/Chitin-Ash/Assets
Forcing GfxDevice: Direct3D 12
GfxDevice: creating device client; kGfxThreadingModeNonThreaded
[Licensing::Client] Error: HandshakeResponse reported an error:
	ResponseCode: 505
	ResponseStatus: Unsupported protocol version '1.18.3'.
[Licensing::Module] Error: Failed to handshake to channel: "LicenseClient-Compuomart"
[Licensing::IpcConnector] LicenseClient-Compuomart channel disconnected successfully.
[Licensing::IpcConnector] Successfully connected to: "LicenseClient-Compuomart-6000.6.0" at "2026-09-27T03:53:53.2134229Z"
[Licensing::Client] Code 10 while verifying Licensing Client signature (process Id: 15508, path: "E:/tools/Unity-editor/6000.6.0f1/Editor/Data/Resources/Licensing/Client/Unity.Licensing.Client.exe")
[Licensing::Module] LicensingClient has failed validation; ignoring
[Licensing::Client] Handshaking with LicensingClient:
  Version:                 1.18.3+d7ffd15
  Session Id:              3833b6b75ce3472e958f36c89264448a
  Correlation Id:          de9b0cb9a158842890c510d67dbc2f5b
  External correlation Id: 1873532925520336485
  Machine Id:              3KfzeB2xIpe6WxQyZRYSQ203QzE=
[Licensing::Module] Successfully connected to LicensingClient on channel: "LicenseClient-Compuomart-6000.6.0" (connect: 0.00s, validation: 0.00s, handshake: 0.01s)
[Licensing::IpcConnector] Successfully connected to: "LicenseClient-Compuomart-6000.6.0-notifications" at "2026-09-27T03:53:53.2245634Z"
[Licensing::Module] Licensing Background thread has ended after 1.71s
d3d12: failed to query info queue interface (0x80004002).
Direct3D:
    Version:         Direct3D 12 [level 12.2]
    Renderer:        NVIDIA GeForce RTX 3060 (ID=0x2504)
    Vendor:          NVIDIA
    VRAM:            12115 MB
    App VRAM Budget: 11347 MB
    Driver:          32.0.15.9186
Initialize mono
Mono path[0] = 'E:/tools/Unity-editor/6000.6.0f1/Editor/Data/Managed'
Mono path[1] = 'E:/tools/Unity-editor/6000.6.0f1/Editor/Data/BCLExtensions/runtime/netstandard2.1'
Mono path[2] = 'E:/tools/Unity-editor/6000.6.0f1/Editor/Data/MonoBleedingEdge/lib/mono/unityjit-win32'
Mono config path = 'E:/tools/Unity-editor/6000.6.0f1/Editor/Data/MonoBleedingEdge/etc'
Using monoOptions --debugger-agent=transport=dt_socket,embedding=1,server=y,suspend=n,address=127.0.0.1:56504
CodeReloadManager initialized
Begin MonoManager ReloadAssembly
Registering precompiled unity dll's ...
Register platform support module: E:/tools/Unity-editor/6000.6.0f1/Editor/Data/PlaybackEngines/WindowsStandaloneSupport/UnityEditor.WindowsStandalone.Extensions.dll
Registered in 0.001410 seconds.
Native extension for WindowsStandalone target not found
Package Manager log level set to [2]
[Package Manager] Failed to launch server process. Reason: Unity was launched with the -noUpm command-line argument
[Package Manager] Unable to send message (not connected to server process).
[Package Manager] Cannot connect to Unity Package Manager local server
ScheduleIndexationOnStartup MainProcess:False IndexOnStartup:False
Scripting: successfully reloaded assembly
- Finished resetting the current domain, in  0.883 seconds
Domain Reload Profiling: 1781ms
	BeginReloadAssembly (200ms)
	RebuildCommonClasses (9ms)
	RebuildNativeTypeToScriptingClass (33ms)
	initialDomainReloadingComplete (96ms)
	LoadAllAssembliesAndSetupDomain (560ms)
		LoadAssemblies (198ms)
		TypeCache.Refresh (400ms)
			TypeCache.ScanAssembly (378ms)
		AnalyzeDomain (1ms)
	FinalizeReload (885ms)
		SetupLoadedEditorAssemblies (0ms)
			InitializePlatformSupportModulesInManaged (4ms)
			BeforeProcessingInitializeOnLoad (191ms)
			ProcessInitializeOnLoadAttributes (214ms)
			ProcessInitializeOnLoadMethodAttributes (324ms)
Initializing Unity extensions:
[Licensing::Client] Successfully resolved entitlement details
[Licensing::Module] License group:
  Id: 11270228173407-UnityPersXXXX
  Product: Unity Personal
  Type: Assigned
  Expiration: Unlimited
========================================================================
Worker process is ready to serve import requests
Import Worker Mode flag is 0x00
Begin MonoManager ReloadAssembly
Native extension for WindowsStandalone target not found
[Package Manager] Failed to launch server process. Reason: Unity was launched with the -noUpm command-line argument
[Package Manager] Unable to send message (not connected to server process).
[Package Manager] Cannot connect to Unity Package Manager local server
ScheduleIndexationOnStartup MainProcess:False IndexOnStartup:False
Scripting: successfully reloaded assembly
- Finished resetting the current domain, in  0.680 seconds
Domain Reload Profiling: 1476ms
	BeginReloadAssembly (402ms)
		DisableScriptedObjects (13ms)
		CreateAndSetChildDomain (60ms)
	RebuildCommonClasses (10ms)
	RebuildNativeTypeToScriptingClass (26ms)
	initialDomainReloadingComplete (57ms)
	LoadAllAssembliesAndSetupDomain (299ms)
		LoadAssemblies (301ms)
		TypeCache.Refresh (26ms)
			TypeCache.ScanAssembly (15ms)
		AnalyzeDomain (10ms)
			BuildScriptInfoCaches (8ms)
	FinalizeReload (681ms)
		SetupLoadedEditorAssemblies (0ms)
			LogAssemblyErrors (3ms)
			BeforeProcessingInitializeOnLoad (180ms)
			ProcessInitializeOnLoadAttributes (122ms)
			ProcessInitializeOnLoadMethodAttributes (57ms)
			AfterProcessingInitializeOnLoad (3ms)
		AwakeInstancesAfterBackupRestoration (11ms)
AcceleratorClientConnectionCallback - disconnected - :0
Launched and connected shader compiler UnityShaderCompiler.exe after 0.02 seconds
Unloading 1 Unused Serialized files (Serialized files now loaded: 0)
Unloading 485 unused Assets / (161.5 KB). Loaded Objects now: 1174.
Memory consumption went from 183.7 MB to 183.6 MB.
Total: 7.759500 ms (FindLiveObjects: 0.247600 ms CreateObjectMapping: 0.029000 ms MarkObjects: 7.113700 ms  DeleteObjects: 0.233300 ms)

========================================================================
Received Import Request.
  Time of request: 2026-09-27T03:54:22.336364Z
  Time since last request: 146327.60237639999832 seconds.
  importAddress: GUID: b73b3de0d473d4a1c887ab31f69b1a8d - Path: Packages/com.unity.ide.visualstudio/Editor/Testing/TestAdaptor.cs - Importer: ScriptedImporter/UnityEditor.QuickSearchModule:UnityEditor.Search:ASIAI0B
Importing 'GUID: b73b3de0d473d4a1c887ab31f69b1a8d - Path: Packages/com.unity.ide.visualstudio/Editor/Testing/TestAdaptor.cs - Importer: ScriptedImporter/UnityEditor.QuickSearchModule:UnityEditor.Search:ASIAI0B' with importer (ScriptedImporter : UnityEditor.QuickSearchModule:UnityEditor.Search:ASIAI0B)
Imported 'GUID: b73b3de0d473d4a1c887ab31f69b1a8d' -> (Import Result ID: '070ed14565dda75c159ff1c79bdd4af8') in 0.282 seconds [static and dynamic dependencies]. Details - ImportResultOutputID=3c80d454af9bc90e5ab2c5aa804e4e32 DependenciesID=5cd527fc9cd734d81403d965e41ec006 StaticDependenciesID=07e99c7fa9d1a3d7f28e77fdf6b77ac9 
Number of updated asset objects reloaded before import = 0
Number of asset objects unloaded after import = 0
========================================================================
Received Import Request.
  Time of request: 2026-09-27T03:54:22.6303845Z
  Time since last request: 0.0099469 seconds.
  importAddress: GUID: fbbb1ee655846b043baf6c3502b5ce49 - Path: Packages/com.unity.ide.visualstudio/Editor/SolutionParser.cs - Importer: ScriptedImporter/UnityEditor.QuickSearchModule:UnityEditor.Search:ASIAI0B
Importing 'GUID: fbbb1ee655846b043baf6c3502b5ce49 - Path: Packages/com.unity.ide.visualstudio/Editor/SolutionParser.cs - Importer: ScriptedImporter/UnityEditor.QuickSearchModule:UnityEditor.Search:ASIAI0B' with importer (ScriptedImporter : UnityEditor.QuickSearchModule:UnityEditor.Search:ASIAI0B)
Imported 'GUID: fbbb1ee655846b043baf6c3502b5ce49' -> (Import Result ID: '30f9c617009dfac72b3421820e56ae7f') in 0.002 seconds [static and dynamic dependencies]. Details - ImportResultOutputID=383766f0b4f864377c3d3bb8cd1c96de DependenciesID=a2322ad89c57f4cc2c7765e4c407dc48 StaticDependenciesID=cf8fabae8936e50802e0306eda65f411 
Number of updated asset objects reloaded before import = 0
Number of asset objects unloaded after import = 0
========================================================================
Received Import Request.
  Time of request: 2026-09-27T03:54:22.6339233Z
  Time since last request: 0.0007714 seconds.
  importAddress: GUID: a3f71b076c36a204a864f8c44142b3a9 - Path: Packages/com.unity.ide.visualstudio/ValidationConfig.json - Importer: ScriptedImporter/UnityEditor.QuickSearchModule:UnityEditor.Search:ASIAI0B
Importing 'GUID: a3f71b076c36a204a864f8c44142b3a9 - Path: Packages/com.unity.ide.visualstudio/ValidationConfig.json - Importer: ScriptedImporter/UnityEditor.QuickSearchModule:UnityEditor.Search:ASIAI0B' with importer (ScriptedImporter : UnityEditor.QuickSearchModule:UnityEditor.Search:ASIAI0B)
Imported 'GUID: a3f71b076c36a204a864f8c44142b3a9' -> (Import Result ID: '9550851aa758f261065196fcabfb1824') in 0.037 seconds [static and dynamic dependencies]. Details - ImportResultOutputID=dbc695aa7399dfff69a56373fb46f24b DependenciesID=8b704b719ba470cb4a249aca86ea3801 StaticDependenciesID=8e5826559af3bdf31948b3884c2c4b67 
Number of updated asset objects reloaded before import = 0
Number of asset objects unloaded after import = 1
========================================================================
Received Import Request.
  Time of request: 2026-09-27T03:54:22.672301Z
  Time since last request: 0.0006916 seconds.
  importAddress: GUID: 5c1b8a755d2c97640bbb207c43f4cf61 - Path: Packages/com.unity.ide.visualstudio/Editor/SolutionProjectEntry.cs - Importer: ScriptedImporter/UnityEditor.QuickSearchModule:UnityEditor.Search:ASIAI0B
Importing 'GUID: 5c1b8a755d2c97640bbb207c43f4cf61 - Path: Packages/com.unity.ide.visualstudio/Editor/SolutionProjectEntry.cs - Importer: ScriptedImporter/UnityEditor.QuickSearchModule:UnityEditor.Search:ASIAI0B' with importer (ScriptedImporter : UnityEditor.QuickSearchModule:UnityEditor.Search:ASIAI0B)
Imported 'GUID: 5c1b8a755d2c97640bbb207c43f4cf61' -> (Import Result ID: '1fecf928e7ce9d24fe2fd73fe6f870fb') in 0.002 seconds [static and dynamic dependencies]. Details - ImportResultOutputID=44b4d16a490cdf3c3357143a04a3f804 DependenciesID=687940e5230c1cc537f20b4032cc3842 StaticDependenciesID=6938db1261c82ba5f1ff5c5794f5192b 
Number of updated asset objects reloaded before import = 0
Number of asset objects unloaded after import = 0
========================================================================
Received Import Request.
  Time of request: 2026-09-27T03:54:22.6755483Z
  Time since last request: 0.0005616 seconds.
  importAddress: GUID: f7b5530092b3a7646bdc7865f1f6ee94 - Path: Packages/com.unity.ide.visualstudio/Editor/Cli.cs - Importer: ScriptedImporter/UnityEditor.QuickSearchModule:UnityEditor.Search:ASIAI0B
Importing 'GUID: f7b5530092b3a7646bdc7865f1f6ee94 - Path: Packages/com.unity.ide.visualstudio/Editor/Cli.cs - Importer: ScriptedImporter/UnityEditor.QuickSearchModule:UnityEditor.Search:ASIAI0B' with importer (ScriptedImporter : UnityEditor.QuickSearchModule:UnityEditor.Search:ASIAI0B)
Imported 'GUID: f7b5530092b3a7646bdc7865f1f6ee94' -> (Import Result ID: 'e12ccb2165a5b0a9029c17c125c8d409') in 0.003 seconds [static and dynamic dependencies]. Details - ImportResultOutputID=475be325fa2b40945ce84f545e939d7a DependenciesID=620ae46ef67b7e7054a81e1c65a897fe StaticDependenciesID=31398e6dd497873eff3ece03d4e55e3b 
Number of updated asset objects reloaded before import = 0
Number of asset objects unloaded after import = 0
========================================================================
Received Import Request.
  Time of request: 2026-09-27T03:54:22.67904Z
  Time since last request: 0.0006539 seconds.
  importAddress: GUID: 3070b6395b0f5f04faaab13164c6256d - Path: Packages/com.unity.ide.visualstudio/Editor/ProjectGeneration/LegacyStyleProjectGeneration.cs - Importer: ScriptedImporter/UnityEditor.QuickSearchModule:UnityEditor.Search:ASIAI0B
Importing 'GUID: 3070b6395b0f5f04faaab13164c6256d - Path: Packages/com.unity.ide.visualstudio/Editor/ProjectGeneration/LegacyStyleProjectGeneration.cs - Importer: ScriptedImporter/UnityEditor.QuickSearchModule:UnityEditor.Search:ASIAI0B' with importer (ScriptedImporter : UnityEditor.QuickSearchModule:UnityEditor.Search:ASIAI0B)
Imported 'GUID: 3070b6395b0f5f04faaab13164c6256d' -> (Import Result ID: 'aadc469590f35d44b761dc7298fc56c7') in 0.002 seconds [static and dynamic dependencies]. Details - ImportResultOutputID=a16320c8c91c60ca7e6d3fc8ec6c2281 DependenciesID=2d3c10cd2c2ad10808e70993b04d3443 StaticDependenciesID=a03e3d9030bef4d3f0c9507ac070f147 
Number of updated asset objects reloaded before import = 0
Number of asset objects unloaded after import = 0
========================================================================
Received Import Request.
  Time of request: 2026-09-27T03:54:22.6816116Z
  Time since last request: 0.0005137 seconds.
  importAddress: GUID: b9308b762484008498bb5cd1886aa491 - Path: Packages/com.unity.ide.visualstudio/Editor/Symbols.cs - Importer: ScriptedImporter/UnityEditor.QuickSearchModule:UnityEditor.Search:ASIAI0B
Importing 'GUID: b9308b762484008498bb5cd1886aa491 - Path: Packages/com.unity.ide.visualstudio/Editor/Symbols.cs - Importer: ScriptedImporter/UnityEditor.QuickSearchModule:UnityEditor.Search:ASIAI0B' with importer (ScriptedImporter : UnityEditor.QuickSearchModule:UnityEditor.Search:ASIAI0B)
Imported 'GUID: b9308b762484008498bb5cd1886aa491' -> (Import Result ID: '0b487d87622df61667f0f3d3a560b2c4') in 0.002 seconds [static and dynamic dependencies]. Details - ImportResultOutputID=913bba42781d67011120f881d09c25bd DependenciesID=5e09dd6ecd6c48e2fdb9eabaee08a896 StaticDependenciesID=0297133a19a11b201fad99b9704ff07f 
Number of updated asset objects reloaded before import = 0
Number of asset objects unloaded after import = 0
========================================================================
Received Import Request.
  Time of request: 2026-09-27T03:54:22.6845785Z
  Time since last request: 0.0006388 seconds.
  importAddress: GUID: cd78ce5b75b8be84d8b94cd99903161f - Path: Packages/com.unity.ide.visualstudio/CONTRIBUTING.md - Importer: ScriptedImporter/UnityEditor.QuickSearchModule:UnityEditor.Search:ASIAI0B
Importing 'GUID: cd78ce5b75b8be84d8b94cd99903161f - Path: Packages/com.unity.ide.visualstudio/CONTRIBUTING.md - Importer: ScriptedImporter/UnityEditor.QuickSearchModule:UnityEditor.Search:ASIAI0B' with importer (ScriptedImporter : UnityEditor.QuickSearchModule:UnityEditor.Search:ASIAI0B)
Imported 'GUID: cd78ce5b75b8be84d8b94cd99903161f' -> (Import Result ID: '8c935c0f2c2d2326ca4a04c35edf7e53') in 0.002 seconds [static and dynamic dependencies]. Details - ImportResultOutputID=a3132726b98ab85ecdf6443d5c76b6e5 DependenciesID=75e36343d51f7e4fb76328e61e37d06e StaticDependenciesID=3d5da7662bac8de2e20218fa6a7937f1 
Number of updated asset objects reloaded before import = 0
Number of asset objects unloaded after import = 1
========================================================================
Received Import Request.
  Time of request: 2026-09-27T03:54:22.6874924Z
  Time since last request: 0.0006655 seconds.
  importAddress: GUID: ffe1bdf971d321f4db593c4c6ebd6e47 - Path: Packages/com.unity.ide.visualstudio/Editor/VersionPair.cs - Importer: ScriptedImporter/UnityEditor.QuickSearchModule:UnityEditor.Search:ASIAI0B
Importing 'GUID: ffe1bdf971d321f4db593c4c6ebd6e47 - Path: Packages/com.unity.ide.visualstudio/Editor/VersionPair.cs - Importer: ScriptedImporter/UnityEditor.QuickSearchModule:UnityEditor.Search:ASIAI0B' with importer (ScriptedImporter : UnityEditor.QuickSearchModule:UnityEditor.Search:ASIAI0B)
Imported 'GUID: ffe1bdf971d321f4db593c4c6ebd6e47' -> (Import Result ID: '763b41fc07f83b61c25880868961331f') in 0.002 seconds [static and dynamic dependencies]. Details - ImportResultOutputID=bfbb3f9664b10a7169c824f3ea2b2983 DependenciesID=f08f22d43fc69a2b9d26767e213a6d2d StaticDependenciesID=9596017d723e277574932dac3ccefae2 
Number of updated asset objects reloaded before import = 0
Number of asset objects unloaded after import = 0
========================================================================
Received Import Request.
  Time of request: 2026-09-27T03:54:22.6902004Z
  Time since last request: 0.0006829 seconds.
  importAddress: GUID: 0173aff8c07e06b42af07ebdd7f08032 - Path: Packages/com.unity.ide.visualstudio/Editor/VisualStudioEditor.cs - Importer: ScriptedImporter/UnityEditor.QuickSearchModule:UnityEditor.Search:ASIAI0B
Importing 'GUID: 0173aff8c07e06b42af07ebdd7f08032 - Path: Packages/com.unity.ide.visualstudio/Editor/VisualStudioEditor.cs - Importer: ScriptedImporter/UnityEditor.QuickSearchModule:UnityEditor.Search:ASIAI0B' with importer (ScriptedImporter : UnityEditor.QuickSearchModule:UnityEditor.Search:ASIAI0B)
Imported 'GUID: 0173aff8c07e06b42af07ebdd7f08032' -> (Import Result ID: '502fe39d7d61be5fb106cc57ad5c639a') in 0.002 seconds [static and dynamic dependencies]. Details - ImportResultOutputID=e03f91d7d02134df2105284e6430df54 DependenciesID=92954a6d4334862fe0a2a670557097d6 StaticDependenciesID=db4816cd1808883456357c7ec0a42e45 
Number of updated asset objects reloaded before import = 0
Number of asset objects unloaded after import = 0
========================================================================
Received Import Request.
  Time of request: 2026-09-27T03:54:22.6931524Z
  Time since last request: 0.0006598 seconds.
  importAddress: GUID: 48fcd6ebd5ce8fd4cbe931895233677d - Path: Packages/com.unity.ide.visualstudio/Editor/VisualStudioIntegration.cs - Importer: ScriptedImporter/UnityEditor.QuickSearchModule:UnityEditor.Search:ASIAI0B
Importing 'GUID: 48fcd6ebd5ce8fd4cbe931895233677d - Path: Packages/com.unity.ide.visualstudio/Editor/VisualStudioIntegration.cs - Importer: ScriptedImporter/UnityEditor.QuickSearchModule:UnityEditor.Search:ASIAI0B' with importer (ScriptedImporter : UnityEditor.QuickSearchModule:UnityEditor.Search:ASIAI0B)
Imported 'GUID: 48fcd6ebd5ce8fd4cbe931895233677d' -> (Import Result ID: '40755b2ef39cf7b1178128a506343123') in 0.002 seconds [static and dynamic dependencies]. Details - ImportResultOutputID=5818fedb2b7f4302d070764593b333da DependenciesID=d2f76c62e4707f007bfaaa70282136eb StaticDependenciesID=85b035757fb46d09f2e35bfa3a5211c8 
Number of updated asset objects reloaded before import = 0
Number of asset objects unloaded after import = 0
========================================================================
Received Import Request.
  Time of request: 2026-09-27T03:54:22.6964837Z
  Time since last request: 0.000711 seconds.
  importAddress: GUID: 553737203d61a8109f9544a97201e1aa - Path: Packages/com.unity.modules.unitywebrequestaudio/package.ModuleCompilationTrigger - Importer: ScriptedImporter/UnityEditor.QuickSearchModule:UnityEditor.Search:ASIAI0B
Importing 'GUID: 553737203d61a8109f9544a97201e1aa - Path: Packages/com.unity.modules.unitywebrequestaudio/package.ModuleCompilationTrigger - Importer: ScriptedImporter/UnityEditor.QuickSearchModule:UnityEditor.Search:ASIAI0B' with importer (ScriptedImporter : UnityEditor.QuickSearchModule:UnityEditor.Search:ASIAI0B)
Imported 'GUID: 553737203d61a8109f9544a97201e1aa' -> (Import Result ID: 'd04ef7094c24e2c8104153e87c216f05') in 0.004 seconds [static and dynamic dependencies]. Details - ImportResultOutputID=d15c3fbfe2185e455757d7dbd564c736 DependenciesID=8f0df454cb76717f7e63c930e0b67db4 StaticDependenciesID=6fd915dcc1be570eee32e478c7b5fb0c 
Number of updated asset objects reloaded before import = 0
Number of asset objects unloaded after import = 1
========================================================================
Received Import Request.
  Time of request: 2026-09-27T03:54:22.7012669Z
  Time since last request: 0.0005311 seconds.
  importAddress: GUID: fa7011e2ea1ff024083fea2179f3df08 - Path: Packages/com.unity.ide.visualstudio/Editor/ProjectGeneration/ProjectProperties.cs - Importer: ScriptedImporter/UnityEditor.QuickSearchModule:UnityEditor.Search:ASIAI0B
Importing 'GUID: fa7011e2ea1ff024083fea2179f3df08 - Path: Packages/com.unity.ide.visualstudio/Editor/ProjectGeneration/ProjectProperties.cs - Importer: ScriptedImporter/UnityEditor.QuickSearchModule:UnityEditor.Search:ASIAI0B' with importer (ScriptedImporter : UnityEditor.QuickSearchModule:UnityEditor.Search:ASIAI0B)
Imported 'GUID: fa7011e2ea1ff024083fea2179f3df08' -> (Import Result ID: '289b311b057ca71d22b1dedb12ae5c8e') in 0.002 seconds [static and dynamic dependencies]. Details - ImportResultOutputID=98f38b4e49549466d2f181bea36fb801 DependenciesID=e5e37f77dbe58efe699e118d6f3ddbe0 StaticDependenciesID=04717c9f65b812df9d0344468e8f7988 
Number of updated asset objects reloaded before import = 0
Number of asset objects unloaded after import = 0
========================================================================
Received Import Request.
  Time of request: 2026-09-27T03:54:22.7046832Z
  Time since last request: 0.0010028 seconds.
  importAddress: GUID: ed8e7c93c781e48df93d063a3c0d2972 - Path: Packages/com.unity.ide.visualstudio/Editor/SimpleJSON.cs - Importer: ScriptedImporter/UnityEditor.QuickSearchModule:UnityEditor.Search:ASIAI0B
Importing 'GUID: ed8e7c93c781e48df93d063a3c0d2972 - Path: Packages/com.unity.ide.visualstudio/Editor/SimpleJSON.cs - Importer: ScriptedImporter/UnityEditor.QuickSearchModule:UnityEditor.Search:ASIAI0B' with importer (ScriptedImporter : UnityEditor.QuickSearchModule:UnityEditor.Search:ASIAI0B)
Imported 'GUID: ed8e7c93c781e48df93d063a3c0d2972' -> (Import Result ID: 'e4eafff50e650018e8620aa7865c811d') in 0.002 seconds [static and dynamic dependencies]. Details - ImportResultOutputID=26e2f906c754bc632c041fd4ef5db5b0 DependenciesID=ea6136c26dd30f4798b18ff01e8e800a StaticDependenciesID=9ce2857e6a602a196378a78ce9a2f734 
Number of updated asset objects reloaded before import = 0
Number of asset objects unloaded after import = 0
========================================================================
Received Import Request.
  Time of request: 2026-09-27T03:54:22.7083156Z
  Time since last request: 0.0005759 seconds.
  importAddress: GUID: 369c09afe05d2c346af49faef943c773 - Path: Packages/com.unity.ide.visualstudio/Editor/Messaging/Serializer.cs - Importer: ScriptedImporter/UnityEditor.QuickSearchModule:UnityEditor.Search:ASIAI0B
Importing 'GUID: 369c09afe05d2c346af49faef943c773 - Path: Packages/com.unity.ide.visualstudio/Editor/Messaging/Serializer.cs - Importer: ScriptedImporter/UnityEditor.QuickSearchModule:UnityEditor.Search:ASIAI0B' with importer (ScriptedImporter : UnityEditor.QuickSearchModule:UnityEditor.Search:ASIAI0B)
Imported 'GUID: 369c09afe05d2c346af49faef943c773' -> (Import Result ID: '17afbac67405c81e9ea7a93735f80451') in 0.002 seconds [static and dynamic dependencies]. Details - ImportResultOutputID=22fefea593cb82a35fb6340caabfb5e0 DependenciesID=7c8ccb7805bb1295b2f0fea33539a395 StaticDependenciesID=743835a87b6589ba4bbf5a51b8ca5e6c 
Number of updated asset objects reloaded before import = 0
Number of asset objects unloaded after import = 0
========================================================================
Received Import Request.
  Time of request: 2026-09-27T03:54:22.7118645Z
  Time since last request: 0.0006534 seconds.
  importAddress: GUID: af4c2c762e1d8e949a6bc458973df6e7 - Path: Packages/com.unity.ide.visualstudio/Editor/Solution.cs - Importer: ScriptedImporter/UnityEditor.QuickSearchModule:UnityEditor.Search:ASIAI0B
Importing 'GUID: af4c2c762e1d8e949a6bc458973df6e7 - Path: Packages/com.unity.ide.visualstudio/Editor/Solution.cs - Importer: ScriptedImporter/UnityEditor.QuickSearchModule:UnityEditor.Search:ASIAI0B' with importer (ScriptedImporter : UnityEditor.QuickSearchModule:UnityEditor.Search:ASIAI0B)
Imported 'GUID: af4c2c762e1d8e949a6bc458973df6e7' -> (Import Result ID: '65990e4846f00aafd481cbc3f28cd47c') in 0.006 seconds [static and dynamic dependencies]. Details - ImportResultOutputID=b77dfce6e4185cb45ca99eaeaf170bb3 DependenciesID=8cf8d58733a11e5e65c395f075dfd7cb StaticDependenciesID=f6fb2beaac410a8cdaffd63722331b18 
Number of updated asset objects reloaded before import = 0
Number of asset objects unloaded after import = 0
========================================================================
Received Import Request.
  Time of request: 2026-09-27T03:54:22.7200304Z
  Time since last request: 0.000949 seconds.
  importAddress: GUID: a8c76505bcc613640ade706bdb0f1cba - Path: Packages/com.unity.ide.visualstudio/Editor/UnityInstallation.cs - Importer: ScriptedImporter/UnityEditor.QuickSearchModule:UnityEditor.Search:ASIAI0B
Importing 'GUID: a8c76505bcc613640ade706bdb0f1cba - Path: Packages/com.unity.ide.visualstudio/Editor/UnityInstallation.cs - Importer: ScriptedImporter/UnityEditor.QuickSearchModule:UnityEditor.Search:ASIAI0B' with importer (ScriptedImporter : UnityEditor.QuickSearchModule:UnityEditor.Search:ASIAI0B)
Imported 'GUID: a8c76505bcc613640ade706bdb0f1cba' -> (Import Result ID: 'e508595a7f527357ada52c8fbf0436d4') in 0.003 seconds [static and dynamic dependencies]. Details - ImportResultOutputID=34f08753037b4abb0cb6bc3e8d18aca2 DependenciesID=28ce02bdeec610af3a807b7a4dd5f0c5 StaticDependenciesID=23ed7672f5b194f05e763b5a6ced11a8 
Number of updated asset objects reloaded before import = 0
Number of asset objects unloaded after import = 0
========================================================================
Received Import Request.
  Time of request: 2026-09-27T03:54:22.7242434Z
  Time since last request: 0.0008188 seconds.
  importAddress: GUID: 555fcccd6b79a864f83e7a319daa1c3e - Path: Packages/com.unity.ide.visualstudio/Editor/ProjectGeneration/ProjectGenerationFlag.cs - Importer: ScriptedImporter/UnityEditor.QuickSearchModule:UnityEditor.Search:ASIAI0B
Importing 'GUID: 555fcccd6b79a864f83e7a319daa1c3e - Path: Packages/com.unity.ide.visualstudio/Editor/ProjectGeneration/ProjectGenerationFlag.cs - Importer: ScriptedImporter/UnityEditor.QuickSearchModule:UnityEditor.Search:ASIAI0B' with importer (ScriptedImporter : UnityEditor.QuickSearchModule:UnityEditor.Search:ASIAI0B)
Imported 'GUID: 555fcccd6b79a864f83e7a319daa1c3e' -> (Import Result ID: '8fb45f6b42d26d684e6d3a93c2be6fd0') in 0.003 seconds [static and dynamic dependencies]. Details - ImportResultOutputID=630f94ca46a5efb310796257d32c03fa DependenciesID=f8442dab0becc91f17a6c3c1c44d60c6 StaticDependenciesID=7ac854ffb6f601ec5a32a67f7f229848 
Number of updated asset objects reloaded before import = 0
Number of asset objects unloaded after import = 0
========================================================================
Received Import Request.
  Time of request: 2026-09-27T03:54:22.7280185Z
  Time since last request: 0.0008341 seconds.
  importAddress: GUID: 6022bdd5b2896a54f94123b812705321 - Path: Packages/com.unity.ide.visualstudio/CHANGELOG.md - Importer: ScriptedImporter/UnityEditor.QuickSearchModule:UnityEditor.Search:ASIAI0B
Importing 'GUID: 6022bdd5b2896a54f94123b812705321 - Path: Packages/com.unity.ide.visualstudio/CHANGELOG.md - Importer: ScriptedImporter/UnityEditor.QuickSearchModule:UnityEditor.Search:ASIAI0B' with importer (ScriptedImporter : UnityEditor.QuickSearchModule:UnityEditor.Search:ASIAI0B)
Imported 'GUID: 6022bdd5b2896a54f94123b812705321' -> (Import Result ID: 'b0cf8f95c9786c41f492c9dd4c1e099c') in 0.003 seconds [static and dynamic dependencies]. Details - ImportResultOutputID=cf61c1da69e4316b217190b255655559 DependenciesID=4f34b7a8e155310d3ec896d3f443108f StaticDependenciesID=fe607b964f00d320e7895d5b4ad8204f 
Number of updated asset objects reloaded before import = 0
Number of asset objects unloaded after import = 1
========================================================================
Received Import Request.
  Time of request: 2026-09-27T03:54:22.7319351Z
  Time since last request: 0.0007032 seconds.
  importAddress: GUID: 917a51fff055ce547b4ad1215321f3da - Path: Packages/com.unity.ide.visualstudio/Editor/Messaging/ExceptionEventArgs.cs - Importer: ScriptedImporter/UnityEditor.QuickSearchModule:UnityEditor.Search:ASIAI0B
Importing 'GUID: 917a51fff055ce547b4ad1215321f3da - Path: Packages/com.unity.ide.visualstudio/Editor/Messaging/ExceptionEventArgs.cs - Importer: ScriptedImporter/UnityEditor.QuickSearchModule:UnityEditor.Search:ASIAI0B' with importer (ScriptedImporter : UnityEditor.QuickSearchModule:UnityEditor.Search:ASIAI0B)
Imported 'GUID: 917a51fff055ce547b4ad1215321f3da' -> (Import Result ID: '3c0614e5e91f8b6945b93f2b9e9e2383') in 0.003 seconds [static and dynamic dependencies]. Details - ImportResultOutputID=5fac8ffb0adac16251bff1a928e3f529 DependenciesID=4f34691cea228ace1244250af615f17f StaticDependenciesID=0d1db9f9c4ad2627b612cefbc1f69d60 
Number of updated asset objects reloaded before import = 0
Number of asset objects unloaded after import = 0
========================================================================
Received Import Request.
  Time of request: 2026-09-27T03:54:22.7355582Z
  Time since last request: 0.0005814 seconds.
  importAddress: GUID: cbccb6292dce08a489e6e742243154e7 - Path: Packages/com.unity.ide.visualstudio/Editor/KnownAssemblies.cs - Importer: ScriptedImporter/UnityEditor.QuickSearchModule:UnityEditor.Search:ASIAI0B
Importing 'GUID: cbccb6292dce08a489e6e742243154e7 - Path: Packages/com.unity.ide.visualstudio/Editor/KnownAssemblies.cs - Importer: ScriptedImporter/UnityEditor.QuickSearchModule:UnityEditor.Search:ASIAI0B' with importer (ScriptedImporter : UnityEditor.QuickSearchModule:UnityEditor.Search:ASIAI0B)
Imported 'GUID: cbccb6292dce08a489e6e742243154e7' -> (Import Result ID: 'da1ff77f4b2e8c41371ca8a4341ed102') in 0.002 seconds [static and dynamic dependencies]. Details - ImportResultOutputID=a0124dfed1db4ea36b0793ceffc36e2e DependenciesID=22588c652707b3ffccf83162743fcb19 StaticDependenciesID=5f574d1aa5ba5b06fd8fc839b33fddde 
Number of updated asset objects reloaded before import = 0
Number of asset objects unloaded after import = 0
========================================================================
Received Import Request.
  Time of request: 2026-09-27T03:54:22.7387187Z
  Time since last request: 0.0006523 seconds.
  importAddress: GUID: 1fe9e6e1ae93cf64bbdfbd29300752e1 - Path: Packages/com.unity.ide.visualstudio/LICENSE.md - Importer: ScriptedImporter/UnityEditor.QuickSearchModule:UnityEditor.Search:ASIAI0B
Importing 'GUID: 1fe9e6e1ae93cf64bbdfbd29300752e1 - Path: Packages/com.unity.ide.visualstudio/LICENSE.md - Importer: ScriptedImporter/UnityEditor.QuickSearchModule:UnityEditor.Search:ASIAI0B' with importer (ScriptedImporter : UnityEditor.QuickSearchModule:UnityEditor.Search:ASIAI0B)
Imported 'GUID: 1fe9e6e1ae93cf64bbdfbd29300752e1' -> (Import Result ID: 'f419f22a1dd54d50ca233c1b2664100a') in 0.002 seconds [static and dynamic dependencies]. Details - ImportResultOutputID=27a15f26e49485968506728f6ff9edf7 DependenciesID=4d04f3a9d33ad7baebaee472913c6cf7 StaticDependenciesID=8e209c71433ebe5afc6b346afffea33f 
Number of updated asset objects reloaded before import = 0
Number of asset objects unloaded after import = 1
========================================================================
Received Import Request.
  Time of request: 2026-09-27T03:54:22.7417565Z
  Time since last request: 0.0007223 seconds.
  importAddress: GUID: ec80b1fb8938b3b4ab442d10390c5315 - Path: Packages/com.unity.ide.visualstudio/Editor/ProjectGeneration/FileIOProvider.cs - Importer: ScriptedImporter/UnityEditor.QuickSearchModule:UnityEditor.Search:ASIAI0B
Importing 'GUID: ec80b1fb8938b3b4ab442d10390c5315 - Path: Packages/com.unity.ide.visualstudio/Editor/ProjectGeneration/FileIOProvider.cs - Importer: ScriptedImporter/UnityEditor.QuickSearchModule:UnityEditor.Search:ASIAI0B' with importer (ScriptedImporter : UnityEditor.QuickSearchModule:UnityEditor.Search:ASIAI0B)
Imported 'GUID: ec80b1fb8938b3b4ab442d10390c5315' -> (Import Result ID: '1b950ba87499b1eee2aa269add63d7d9') in 0.003 seconds [static and dynamic dependencies]. Details - ImportResultOutputID=09afe6f53452a34cecb64fe81994ca71 DependenciesID=74c19c643b11d89ec8edc9cf27a4cb5a StaticDependenciesID=0ceb4f580f604218a376deb2946056eb 
Number of updated asset objects reloaded before import = 0
Number of asset objects unloaded after import = 0
========================================================================
Received Import Request.
  Time of request: 2026-09-27T03:54:22.7456424Z
  Time since last request: 0.0008046 seconds.
  importAddress: GUID: 788fbcfc0abc6c54b9504cfee3176c22 - Path: Packages/com.unity.ide.visualstudio/ValidationExceptions.json - Importer: ScriptedImporter/UnityEditor.QuickSearchModule:UnityEditor.Search:ASIAI0B
Importing 'GUID: 788fbcfc0abc6c54b9504cfee3176c22 - Path: Packages/com.unity.ide.visualstudio/ValidationExceptions.json - Importer: ScriptedImporter/UnityEditor.QuickSearchModule:UnityEditor.Search:ASIAI0B' with importer (ScriptedImporter : UnityEditor.QuickSearchModule:UnityEditor.Search:ASIAI0B)
Imported 'GUID: 788fbcfc0abc6c54b9504cfee3176c22' -> (Import Result ID: '11c1b09d9384ff367dbab2dcc784254a') in 0.002 seconds [static and dynamic dependencies]. Details - ImportResultOutputID=62254d54df791f346fa00b09ba2ff2aa DependenciesID=6bfb478e39141bf866cf6d3ebc0b8266 StaticDependenciesID=3a6a8ce3f3ae21c944c705e0fa13c812 
Number of updated asset objects reloaded before import = 0
Number of asset objects unloaded after import = 1
========================================================================
Received Import Request.
  Time of request: 2026-09-27T03:54:22.7489916Z
  Time since last request: 0.000688 seconds.
  importAddress: GUID: 829d4d6bc39fd1044ba4c5fc2a9c911f - Path: Packages/com.unity.ide.visualstudio/Editor/SolutionProperties.cs - Importer: ScriptedImporter/UnityEditor.QuickSearchModule:UnityEditor.Search:ASIAI0B
Importing 'GUID: 829d4d6bc39fd1044ba4c5fc2a9c911f - Path: Packages/com.unity.ide.visualstudio/Editor/SolutionProperties.cs - Importer: ScriptedImporter/UnityEditor.QuickSearchModule:UnityEditor.Search:ASIAI0B' with importer (ScriptedImporter : UnityEditor.QuickSearchModule:UnityEditor.Search:ASIAI0B)
Imported 'GUID: 829d4d6bc39fd1044ba4c5fc2a9c911f' -> (Import Result ID: 'd7908ec18479c7d8c93a8e45fa3de8d8') in 0.002 seconds [static and dynamic dependencies]. Details - ImportResultOutputID=d62163bd59f1dc07c0b99ed5cc78c06e DependenciesID=a4b59a820b4c2a09b2c2eea64fe7b0bc StaticDependenciesID=80b713aa4cc875f89f8c12cb4b137cb3 
Number of updated asset objects reloaded before import = 0
Number of asset objects unloaded after import = 0
========================================================================
Received Import Request.
  Time of request: 2026-09-27T03:54:22.7517204Z
  Time since last request: 0.0006581 seconds.
  importAddress: GUID: e8aed47cdce10fd4cae32fefa2c34f8f - Path: Packages/com.unity.ide.visualstudio/Editor/ProjectGeneration/SdkStyleProjectGeneration.cs - Importer: ScriptedImporter/UnityEditor.QuickSearchModule:UnityEditor.Search:ASIAI0B
Importing 'GUID: e8aed47cdce10fd4cae32fefa2c34f8f - Path: Packages/com.unity.ide.visualstudio/Editor/ProjectGeneration/SdkStyleProjectGeneration.cs - Importer: ScriptedImporter/UnityEditor.QuickSearchModule:UnityEditor.Search:ASIAI0B' with importer (ScriptedImporter : UnityEditor.QuickSearchModule:UnityEditor.Search:ASIAI0B)
Imported 'GUID: e8aed47cdce10fd4cae32fefa2c34f8f' -> (Import Result ID: 'bc975ff0812107fdc6a3859be6f49841') in 0.003 seconds [static and dynamic dependencies]. Details - ImportResultOutputID=6b2ff3a7f292edad4dabfbd3c57c019e DependenciesID=a3cd092d190a0f9d521d7b3d6ea63d01 StaticDependenciesID=8e544ff55e0b97b8cbaad34e83496048 
Number of updated asset objects reloaded before import = 0
Number of asset objects unloaded after import = 0
========================================================================
Received Import Request.
  Time of request: 2026-09-27T03:54:22.7554482Z
  Time since last request: 0.0006759 seconds.
  importAddress: GUID: a31a332ce3485f00f7df8d987302a29c - Path: Packages/com.unity.modules.unitywebrequesttexture/package.ModuleCompilationTrigger - Importer: ScriptedImporter/UnityEditor.QuickSearchModule:UnityEditor.Search:ASIAI0B
Importing 'GUID: a31a332ce3485f00f7df8d987302a29c - Path: Packages/com.unity.modules.unitywebrequesttexture/package.ModuleCompilationTrigger - Importer: ScriptedImporter/UnityEditor.QuickSearchModule:UnityEditor.Search:ASIAI0B' with importer (ScriptedImporter : UnityEditor.QuickSearchModule:UnityEditor.Search:ASIAI0B)
Imported 'GUID: a31a332ce3485f00f7df8d987302a29c' -> (Import Result ID: 'de42eb0ccc812464943ce06858b0ed0f') in 0.002 seconds [static and dynamic dependencies]. Details - ImportResultOutputID=f99e85fe4c6789f17dc190e52dc6550b DependenciesID=44c7946694764bf4df122c146a9e806e StaticDependenciesID=4583271c95369b5f2338f4a62f534d31 
Number of updated asset objects reloaded before import = 0
Number of asset objects unloaded after import = 1
========================================================================
Received Import Request.
  Time of request: 2026-09-27T03:54:22.7587664Z
  Time since last request: 0.0007121 seconds.
  importAddress: GUID: d791d407901442e49862d3aa783ce8af - Path: Packages/com.unity.ide.visualstudio/Editor/AssemblyInfo.cs - Importer: ScriptedImporter/UnityEditor.QuickSearchModule:UnityEditor.Search:ASIAI0B
Importing 'GUID: d791d407901442e49862d3aa783ce8af - Path: Packages/com.unity.ide.visualstudio/Editor/AssemblyInfo.cs - Importer: ScriptedImporter/UnityEditor.QuickSearchModule:UnityEditor.Search:ASIAI0B' with importer (ScriptedImporter : UnityEditor.QuickSearchModule:UnityEditor.Search:ASIAI0B)
Imported 'GUID: d791d407901442e49862d3aa783ce8af' -> (Import Result ID: 'e30ad0730d8e9f6a0d0f428613cbde85') in 0.002 seconds [static and dynamic dependencies]. Details - ImportResultOutputID=e5306420a1c46604f38a6e192b6e0f18 DependenciesID=5a6f98c20b7e5f3ddb00ed4903afa9ec StaticDependenciesID=0b05c2349db5f86b078ada5b3745bffa 
Number of updated asset objects reloaded before import = 0
Number of asset objects unloaded after import = 0
========================================================================
Received Import Request.
  Time of request: 2026-09-27T03:54:22.7622364Z
  Time since last request: 0.0009014 seconds.
  importAddress: GUID: 5e249ae353801f043a6e4173410c6152 - Path: Packages/com.unity.ide.visualstudio/Editor/Messaging/Messenger.cs - Importer: ScriptedImporter/UnityEditor.QuickSearchModule:UnityEditor.Search:ASIAI0B
Importing 'GUID: 5e249ae353801f043a6e4173410c6152 - Path: Packages/com.unity.ide.visualstudio/Editor/Messaging/Messenger.cs - Importer: ScriptedImporter/UnityEditor.QuickSearchModule:UnityEditor.Search:ASIAI0B' with importer (ScriptedImporter : UnityEditor.QuickSearchModule:UnityEditor.Search:ASIAI0B)
Imported 'GUID: 5e249ae353801f043a6e4173410c6152' -> (Import Result ID: '0cd1914543fcd558881b7f597cc505a5') in 0.003 seconds [static and dynamic dependencies]. Details - ImportResultOutputID=b8b6bdd4b58343ba8abb745271b8ed6f DependenciesID=1286ba2b29993a9eaa069abac5954395 StaticDependenciesID=199ea81fcfb311b3782a8f150e4e39be 
Number of updated asset objects reloaded before import = 0
Number of asset objects unloaded after import = 0
========================================================================
Received Import Request.
  Time of request: 2026-09-27T03:54:22.7660313Z
  Time since last request: 0.0006724 seconds.
  importAddress: GUID: be7ef402265a7a549b2e43c11d1a22c5 - Path: Packages/com.unity.ide.visualstudio/Editor/VisualStudioForWindowsInstallation.cs - Importer: ScriptedImporter/UnityEditor.QuickSearchModule:UnityEditor.Search:ASIAI0B
Importing 'GUID: be7ef402265a7a549b2e43c11d1a22c5 - Path: Packages/com.unity.ide.visualstudio/Editor/VisualStudioForWindowsInstallation.cs - Importer: ScriptedImporter/UnityEditor.QuickSearchModule:UnityEditor.Search:ASIAI0B' with importer (ScriptedImporter : UnityEditor.QuickSearchModule:UnityEditor.Search:ASIAI0B)
Imported 'GUID: be7ef402265a7a549b2e43c11d1a22c5' -> (Import Result ID: '8db5e318d3653344c533b2a56abdd531') in 0.003 seconds [static and dynamic dependencies]. Details - ImportResultOutputID=daca25db27c513ad8a6cd1b7eb4fc1ce DependenciesID=f3bd09481138959ca4516cb9fb3a75c7 StaticDependenciesID=13401e167923370e8933c59df3e93402 
Number of updated asset objects reloaded before import = 0
Number of asset objects unloaded after import = 0
========================================================================
Received Import Request.
  Time of request: 2026-09-27T03:54:22.7705007Z
  Time since last request: 0.000805 seconds.
  importAddress: GUID: 4b518b37798c97b0f860962cbf615533 - Path: Packages/com.unity.modules.unitywebrequestaudio/package.json - Importer: ScriptedImporter/UnityEditor.QuickSearchModule:UnityEditor.Search:ASIAI0B
Importing 'GUID: 4b518b37798c97b0f860962cbf615533 - Path: Packages/com.unity.modules.unitywebrequestaudio/package.json - Importer: ScriptedImporter/UnityEditor.QuickSearchModule:UnityEditor.Search:ASIAI0B' with importer (ScriptedImporter : UnityEditor.QuickSearchModule:UnityEditor.Search:ASIAI0B)
Imported 'GUID: 4b518b37798c97b0f860962cbf615533' -> (Import Result ID: '7b79d11ace90e66201f0497bd28fa35f') in 0.003 seconds [static and dynamic dependencies]. Details - ImportResultOutputID=42bbc5408691ef44719376c059778c3b DependenciesID=ab8ed9de7001aab3f89cd00a0e306238 StaticDependenciesID=0752fc54b2724d0f2db316da1287540c 
Number of updated asset objects reloaded before import = 0
Number of asset objects unloaded after import = 1
========================================================================
Received Import Request.
  Time of request: 2026-09-27T03:54:22.7744097Z
  Time since last request: 0.0005805 seconds.
  importAddress: GUID: 656f74f6edaa396458412b9e3903d8cd - Path: Packages/com.unity.ide.visualstudio/package.json - Importer: ScriptedImporter/UnityEditor.QuickSearchModule:UnityEditor.Search:ASIAI0B
Importing 'GUID: 656f74f6edaa396458412b9e3903d8cd - Path: Packages/com.unity.ide.visualstudio/package.json - Importer: ScriptedImporter/UnityEditor.QuickSearchModule:UnityEditor.Search:ASIAI0B' with importer (ScriptedImporter : UnityEditor.QuickSearchModule:UnityEditor.Search:ASIAI0B)
Imported 'GUID: 656f74f6edaa396458412b9e3903d8cd' -> (Import Result ID: '1a390c258e50aa815774aa4088d35069') in 0.003 seconds [static and dynamic dependencies]. Details - ImportResultOutputID=7a3c62a199b8f380f164f8eda82091ac DependenciesID=554430b5feab8ef80b2561c10412cd05 StaticDependenciesID=0e349a5f2d9893d07708969d4d07a95a 
Number of updated asset objects reloaded before import = 0
Number of asset objects unloaded after import = 1
========================================================================
Received Import Request.
  Time of request: 2026-09-27T03:54:22.7780294Z
  Time since last request: 0.0006401 seconds.
  importAddress: GUID: 8e6c7ea7c059fb547b6723aaf225900b - Path: Packages/com.unity.ide.visualstudio/Editor/Image.cs - Importer: ScriptedImporter/UnityEditor.QuickSearchModule:UnityEditor.Search:ASIAI0B
Importing 'GUID: 8e6c7ea7c059fb547b6723aaf225900b - Path: Packages/com.unity.ide.visualstudio/Editor/Image.cs - Importer: ScriptedImporter/UnityEditor.QuickSearchModule:UnityEditor.Search:ASIAI0B' with importer (ScriptedImporter : UnityEditor.QuickSearchModule:UnityEditor.Search:ASIAI0B)
Imported 'GUID: 8e6c7ea7c059fb547b6723aaf225900b' -> (Import Result ID: '1ab3dfccfdc4ae519f798c7f1f565df1') in 0.003 seconds [static and dynamic dependencies]. Details - ImportResultOutputID=c8002f2efafc346415595ee360ebd089 DependenciesID=a6a9d12e0c9eee39f5524c4bcd8bcd3c StaticDependenciesID=93fd9ff31cf51b212b2ff0229c2019bb 
Number of updated asset objects reloaded before import = 0
Number of asset objects unloaded after import = 0
========================================================================
Received Import Request.
  Time of request: 2026-09-27T03:54:22.7814758Z
  Time since last request: 0.0006279 seconds.
  importAddress: GUID: de1c9ea7b82c9904d9e5fba2ee70a998 - Path: Packages/com.unity.ide.visualstudio/Editor/Messaging/Message.cs - Importer: ScriptedImporter/UnityEditor.QuickSearchModule:UnityEditor.Search:ASIAI0B
Importing 'GUID: de1c9ea7b82c9904d9e5fba2ee70a998 - Path: Packages/com.unity.ide.visualstudio/Editor/Messaging/Message.cs - Importer: ScriptedImporter/UnityEditor.QuickSearchModule:UnityEditor.Search:ASIAI0B' with importer (ScriptedImporter : UnityEditor.QuickSearchModule:UnityEditor.Search:ASIAI0B)
Imported 'GUID: de1c9ea7b82c9904d9e5fba2ee70a998' -> (Import Result ID: '41ab10b26f8f5473f829a1955edc7245') in 0.003 seconds [static and dynamic dependencies]. Details - ImportResultOutputID=e8e83de0a3c3e646e6caf1e0fb0712d4 DependenciesID=aad57cb1aec8ed45d8618222d78d6521 StaticDependenciesID=afd0780f0bd2d30ca5ed6cf75cef3693 
Number of updated asset objects reloaded before import = 0
Number of asset objects unloaded after import = 0
========================================================================
Received Import Request.
  Time of request: 2026-09-27T03:54:22.7855759Z
  Time since last request: 0.0010787 seconds.
  importAddress: GUID: a1c42005fe7c5d78585a77ce396a5eea - Path: Packages/com.unity.modules.tilemap/package.ModuleCompilationTrigger - Importer: ScriptedImporter/UnityEditor.QuickSearchModule:UnityEditor.Search:ASIAI0B
Importing 'GUID: a1c42005fe7c5d78585a77ce396a5eea - Path: Packages/com.unity.modules.tilemap/package.ModuleCompilationTrigger - Importer: ScriptedImporter/UnityEditor.QuickSearchModule:UnityEditor.Search:ASIAI0B' with importer (ScriptedImporter : UnityEditor.QuickSearchModule:UnityEditor.Search:ASIAI0B)
Imported 'GUID: a1c42005fe7c5d78585a77ce396a5eea' -> (Import Result ID: 'e33d728ebdec103be32dc38ac216e308') in 0.002 seconds [static and dynamic dependencies]. Details - ImportResultOutputID=84ccdca70b3c5a66560695302c641164 DependenciesID=9045bb8f0fb1eae47a37d2c613c551c5 StaticDependenciesID=d3b8a6e1f852de8c9ffffb4313c858c2 
Number of updated asset objects reloaded before import = 0
Number of asset objects unloaded after import = 1
========================================================================
Received Import Request.
  Time of request: 2026-09-27T03:54:22.7888183Z
  Time since last request: 0.0008882 seconds.
  importAddress: GUID: fae6007c1ac2cc744b2891fd4d279c96 - Path: Packages/com.unity.ide.visualstudio/Editor/Testing/TestRunnerCallbacks.cs - Importer: ScriptedImporter/UnityEditor.QuickSearchModule:UnityEditor.Search:ASIAI0B
Importing 'GUID: fae6007c1ac2cc744b2891fd4d279c96 - Path: Packages/com.unity.ide.visualstudio/Editor/Testing/TestRunnerCallbacks.cs - Importer: ScriptedImporter/UnityEditor.QuickSearchModule:UnityEditor.Search:ASIAI0B' with importer (ScriptedImporter : UnityEditor.QuickSearchModule:UnityEditor.Search:ASIAI0B)
Imported 'GUID: fae6007c1ac2cc744b2891fd4d279c96' -> (Import Result ID: 'ed7b890f4cb3c7fd6965db58fe2735e9') in 0.003 seconds [static and dynamic dependencies]. Details - ImportResultOutputID=3f18dffccdab172fc171ee4a9c3b2357 DependenciesID=1d27a8ea2e6a90bf89533863356f8065 StaticDependenciesID=0d5f3bcac8015ac4981abc0f5f34d7aa 
Number of updated asset objects reloaded before import = 0
Number of asset objects unloaded after import = 0
========================================================================
Received Import Request.
  Time of request: 2026-09-27T03:54:22.7926581Z
  Time since last request: 0.0006404 seconds.
  importAddress: GUID: ded625cf0d03fa94c9f939fd13ced18d - Path: Packages/com.unity.ide.visualstudio/Editor/Messaging/TcpListener.cs - Importer: ScriptedImporter/UnityEditor.QuickSearchModule:UnityEditor.Search:ASIAI0B
Importing 'GUID: ded625cf0d03fa94c9f939fd13ced18d - Path: Packages/com.unity.ide.visualstudio/Editor/Messaging/TcpListener.cs - Importer: ScriptedImporter/UnityEditor.QuickSearchModule:UnityEditor.Search:ASIAI0B' with importer (ScriptedImporter : UnityEditor.QuickSearchModule:UnityEditor.Search:ASIAI0B)
Imported 'GUID: ded625cf0d03fa94c9f939fd13ced18d' -> (Import Result ID: 'e47ce5c1ea8793347c078a4ed91d9141') in 0.002 seconds [static and dynamic dependencies]. Details - ImportResultOutputID=356cf145e9f5d23af0061242df82b723 DependenciesID=e425a4bb18041933e789d92141c1ca44 StaticDependenciesID=2b3dd411517474453de1c9268b7e9621 
Number of updated asset objects reloaded before import = 0
Number of asset objects unloaded after import = 0
========================================================================
Received Import Request.
  Time of request: 2026-09-27T03:54:22.7955759Z
  Time since last request: 0.0006946 seconds.
  importAddress: GUID: cbb1a39d56ce4d9ac1a46ac505893fa7 - Path: Packages/com.unity.modules.terrainphysics/package.ModuleCompilationTrigger - Importer: ScriptedImporter/UnityEditor.QuickSearchModule:UnityEditor.Search:ASIAI0B
Importing 'GUID: cbb1a39d56ce4d9ac1a46ac505893fa7 - Path: Packages/com.unity.modules.terrainphysics/package.ModuleCompilationTrigger - Importer: ScriptedImporter/UnityEditor.QuickSearchModule:UnityEditor.Search:ASIAI0B' with importer (ScriptedImporter : UnityEditor.QuickSearchModule:UnityEditor.Search:ASIAI0B)
Imported 'GUID: cbb1a39d56ce4d9ac1a46ac505893fa7' -> (Import Result ID: 'ae6538a842973dbb62e4d8728c413102') in 0.003 seconds [static and dynamic dependencies]. Details - ImportResultOutputID=2e1116bdf4164e04ba61b241edc9db43 DependenciesID=8201982f4c6c6377ee5db0fab3d1253a StaticDependenciesID=1032f2dac4b411291b7d9110bc8e767d 
Number of updated asset objects reloaded before import = 0
Number of asset objects unloaded after import = 1
========================================================================
Received Import Request.
  Time of request: 2026-09-27T03:54:22.799395Z
  Time since last request: 0.0003426 seconds.
  importAddress: GUID: bb86eea06f54fb24caa7046a8a764945 - Path: Packages/com.unity.ide.visualstudio/Editor/VisualStudioInstallation.cs - Importer: ScriptedImporter/UnityEditor.QuickSearchModule:UnityEditor.Search:ASIAI0B
Importing 'GUID: bb86eea06f54fb24caa7046a8a764945 - Path: Packages/com.unity.ide.visualstudio/Editor/VisualStudioInstallation.cs - Importer: ScriptedImporter/UnityEditor.QuickSearchModule:UnityEditor.Search:ASIAI0B' with importer (ScriptedImporter : UnityEditor.QuickSearchModule:UnityEditor.Search:ASIAI0B)
Imported 'GUID: bb86eea06f54fb24caa7046a8a764945' -> (Import Result ID: '21d74883003edfde7907a0a82b64283a') in 0.003 seconds [static and dynamic dependencies]. Details - ImportResultOutputID=1f64eb0fe5208d055a7577480cf8270c DependenciesID=4013a2e2e1fa4c03a4d4aa9b3d8f3fa5 StaticDependenciesID=467fc536258a9adf1efb9bdf1ef353c0 
Number of updated asset objects reloaded before import = 0
Number of asset objects unloaded after import = 0
========================================================================
Received Import Request.
  Time of request: 2026-09-27T03:54:22.8030322Z
  Time since last request: 0.000733 seconds.
  importAddress: GUID: c6c8b2f6152bd1348ae35f9f95719f75 - Path: Packages/com.unity.ide.visualstudio/Editor/AsyncOperation.cs - Importer: ScriptedImporter/UnityEditor.QuickSearchModule:UnityEditor.Search:ASIAI0B
Importing 'GUID: c6c8b2f6152bd1348ae35f9f95719f75 - Path: Packages/com.unity.ide.visualstudio/Editor/AsyncOperation.cs - Importer: ScriptedImporter/UnityEditor.QuickSearchModule:UnityEditor.Search:ASIAI0B' with importer (ScriptedImporter : UnityEditor.QuickSearchModule:UnityEditor.Search:ASIAI0B)
Imported 'GUID: c6c8b2f6152bd1348ae35f9f95719f75' -> (Import Result ID: '62efa4eea6f7dd4d00c266aa017b8e06') in 0.004 seconds [static and dynamic dependencies]. Details - ImportResultOutputID=e08af101a6ba90b47448924e0f9dc36f DependenciesID=297adbdaf8ec5fc68fb557abd8b5a256 StaticDependenciesID=9b7224beb63ca27d13ae95dee8884756 
Number of updated asset objects reloaded before import = 0
Number of asset objects unloaded after import = 0
========================================================================
Received Import Request.
  Time of request: 2026-09-27T03:54:22.8084062Z
  Time since last request: 0.0007246 seconds.
  importAddress: GUID: 40bf3cec17fa0b49fe04443c8332d638 - Path: Packages/com.unity.modules.jsonserialize/package.json - Importer: ScriptedImporter/UnityEditor.QuickSearchModule:UnityEditor.Search:ASIAI0B
Importing 'GUID: 40bf3cec17fa0b49fe04443c8332d638 - Path: Packages/com.unity.modules.jsonserialize/package.json - Importer: ScriptedImporter/UnityEditor.QuickSearchModule:UnityEditor.Search:ASIAI0B' with importer (ScriptedImporter : UnityEditor.QuickSearchModule:UnityEditor.Search:ASIAI0B)
Imported 'GUID: 40bf3cec17fa0b49fe04443c8332d638' -> (Import Result ID: '0c91189d1951a316407fc666586b9854') in 0.003 seconds [static and dynamic dependencies]. Details - ImportResultOutputID=221e7c3109b02ed49221bec6b02f9d30 DependenciesID=6253bb6d5998a4aeca7a06b189b25948 StaticDependenciesID=425159741468d21d134d0cbbc1308907 
Number of updated asset objects reloaded before import = 0
Number of asset objects unloaded after import = 1
========================================================================
Received Import Request.
  Time of request: 2026-09-27T03:54:22.811954Z
  Time since last request: 0.0006375 seconds.
  importAddress: GUID: 0b59b40c84c6a5348a188c16b17c7b40 - Path: Packages/com.unity.ide.visualstudio/Editor/Testing/TestRunnerApiListener.cs - Importer: ScriptedImporter/UnityEditor.QuickSearchModule:UnityEditor.Search:ASIAI0B
Importing 'GUID: 0b59b40c84c6a5348a188c16b17c7b40 - Path: Packages/com.unity.ide.visualstudio/Editor/Testing/TestRunnerApiListener.cs - Importer: ScriptedImporter/UnityEditor.QuickSearchModule:UnityEditor.Search:ASIAI0B' with importer (ScriptedImporter : UnityEditor.QuickSearchModule:UnityEditor.Search:ASIAI0B)
Imported 'GUID: 0b59b40c84c6a5348a188c16b17c7b40' -> (Import Result ID: '19b2cfea2678264b6ec7c072fbb81c37') in 0.003 seconds [static and dynamic dependencies]. Details - ImportResultOutputID=61c791ddb0da98daf07e1b78269f7f11 DependenciesID=719ce95de721bf811be24e540f3043b4 StaticDependenciesID=9f9c6063822f0d345e1c596437560b0b 
Number of updated asset objects reloaded before import = 0
Number of asset objects unloaded after import = 0
========================================================================
Received Import Request.
  Time of request: 2026-09-27T03:54:22.8157844Z
  Time since last request: 0.0006894 seconds.
  importAddress: GUID: f3edbdc86577af648a23263aa75161e1 - Path: Packages/com.unity.ide.visualstudio/Editor/Messaging/MessageType.cs - Importer: ScriptedImporter/UnityEditor.QuickSearchModule:UnityEditor.Search:ASIAI0B
Importing 'GUID: f3edbdc86577af648a23263aa75161e1 - Path: Packages/com.unity.ide.visualstudio/Editor/Messaging/MessageType.cs - Importer: ScriptedImporter/UnityEditor.QuickSearchModule:UnityEditor.Search:ASIAI0B' with importer (ScriptedImporter : UnityEditor.QuickSearchModule:UnityEditor.Search:ASIAI0B)
Imported 'GUID: f3edbdc86577af648a23263aa75161e1' -> (Import Result ID: 'c86396c3b02210c6467535ec0fe01c82') in 0.002 seconds [static and dynamic dependencies]. Details - ImportResultOutputID=5cd0e318bed43d5f4163f005ff7601be DependenciesID=38539b03541c38f81baffe370ad1475c StaticDependenciesID=cfd2486ea24ebd3956137988a01e2cfc 
Number of updated asset objects reloaded before import = 0
Number of asset objects unloaded after import = 0
========================================================================
Received Import Request.
  Time of request: 2026-09-27T03:54:22.8187801Z
  Time since last request: 0.0006197 seconds.
  importAddress: GUID: 5a7aba2d3d458e04eb4210c0303fbf64 - Path: Packages/com.unity.ide.visualstudio/Editor/UsageUtility.cs - Importer: ScriptedImporter/UnityEditor.QuickSearchModule:UnityEditor.Search:ASIAI0B
Importing 'GUID: 5a7aba2d3d458e04eb4210c0303fbf64 - Path: Packages/com.unity.ide.visualstudio/Editor/UsageUtility.cs - Importer: ScriptedImporter/UnityEditor.QuickSearchModule:UnityEditor.Search:ASIAI0B' with importer (ScriptedImporter : UnityEditor.QuickSearchModule:UnityEditor.Search:ASIAI0B)
Imported 'GUID: 5a7aba2d3d458e04eb4210c0303fbf64' -> (Import Result ID: '41effa5d22ba37808a3d3f38b0043a29') in 0.002 seconds [static and dynamic dependencies]. Details - ImportResultOutputID=1925acacd54a5042b8c42e701aed4718 DependenciesID=c5510ea95e168593899f4052615ad4d6 StaticDependenciesID=34956868acf755b8e688b093c3c3a436 
Number of updated asset objects reloaded before import = 0
Number of asset objects unloaded after import = 0
========================================================================
Received Import Request.
  Time of request: 2026-09-27T03:54:22.8219577Z
  Time since last request: 0.0005809 seconds.
  importAddress: GUID: d3cbe921f7b3d9a3257e7c61a5761796 - Path: Packages/com.unity.modules.terrainphysics/package.json - Importer: ScriptedImporter/UnityEditor.QuickSearchModule:UnityEditor.Search:ASIAI0B
Importing 'GUID: d3cbe921f7b3d9a3257e7c61a5761796 - Path: Packages/com.unity.modules.terrainphysics/package.json - Importer: ScriptedImporter/UnityEditor.QuickSearchModule:UnityEditor.Search:ASIAI0B' with importer (ScriptedImporter : UnityEditor.QuickSearchModule:UnityEditor.Search:ASIAI0B)
Imported 'GUID: d3cbe921f7b3d9a3257e7c61a5761796' -> (Import Result ID: '91ecd6d31f95b777654282d9bcb9a183') in 0.003 seconds [static and dynamic dependencies]. Details - ImportResultOutputID=1cf40c898657310668dd6f11ac7de831 DependenciesID=b87c723f936a98967ca8849ece4fc4b0 StaticDependenciesID=b157dca3c56a913341106c5eca26665f 
Number of updated asset objects reloaded before import = 0
Number of asset objects unloaded after import = 1
========================================================================
Received Import Request.
  Time of request: 2026-09-27T03:54:22.8252009Z
  Time since last request: 0.0004793 seconds.
  importAddress: GUID: 9f3705b95d031e84c82f140d8e980867 - Path: Packages/com.unity.ide.visualstudio/Editor/ProjectGeneration/ProjectGeneration.cs - Importer: ScriptedImporter/UnityEditor.QuickSearchModule:UnityEditor.Search:ASIAI0B
Importing 'GUID: 9f3705b95d031e84c82f140d8e980867 - Path: Packages/com.unity.ide.visualstudio/Editor/ProjectGeneration/ProjectGeneration.cs - Importer: ScriptedImporter/UnityEditor.QuickSearchModule:UnityEditor.Search:ASIAI0B' with importer (ScriptedImporter : UnityEditor.QuickSearchModule:UnityEditor.Search:ASIAI0B)
Imported 'GUID: 9f3705b95d031e84c82f140d8e980867' -> (Import Result ID: '7e95946e2e9b4c82692579ff4d559220') in 0.002 seconds [static and dynamic dependencies]. Details - ImportResultOutputID=4afc25f2e13f2f9dfe5a6c3e00c99c26 DependenciesID=70f708509a8128c626d1b197c9a42e07 StaticDependenciesID=26e35ed4a21dd31e0bc75ac2774e36d5 
Number of updated asset objects reloaded before import = 0
Number of asset objects unloaded after import = 0
========================================================================
Received Import Request.
  Time of request: 2026-09-27T03:54:22.828287Z
  Time since last request: 0.0006244 seconds.
  importAddress: GUID: abe003ac6fee32e4892100a78f555011 - Path: Packages/com.unity.ide.visualstudio/Editor/Discovery.cs - Importer: ScriptedImporter/UnityEditor.QuickSearchModule:UnityEditor.Search:ASIAI0B
Importing 'GUID: abe003ac6fee32e4892100a78f555011 - Path: Packages/com.unity.ide.visualstudio/Editor/Discovery.cs - Importer: ScriptedImporter/UnityEditor.QuickSearchModule:UnityEditor.Search:ASIAI0B' with importer (ScriptedImporter : UnityEditor.QuickSearchModule:UnityEditor.Search:ASIAI0B)
Imported 'GUID: abe003ac6fee32e4892100a78f555011' -> (Import Result ID: '71ba6f89308be87557c92c254dc1588e') in 0.002 seconds [static and dynamic dependencies]. Details - ImportResultOutputID=6257da2defe6a52ddbaead297611a5d1 DependenciesID=397b7f23c2639b4629dfc3750e208992 StaticDependenciesID=027fd7bb1fbb5bd36ed8b7ebec961dec 
Number of updated asset objects reloaded before import = 0
Number of asset objects unloaded after import = 0
========================================================================
Received Import Request.
  Time of request: 2026-09-27T03:54:22.8314231Z
  Time since last request: 0.0006269 seconds.
  importAddress: GUID: 6f1dc05fb6e7d3e4f89ae9ca482735be - Path: Packages/com.unity.ide.visualstudio/Editor/FileUtility.cs - Importer: ScriptedImporter/UnityEditor.QuickSearchModule:UnityEditor.Search:ASIAI0B
Importing 'GUID: 6f1dc05fb6e7d3e4f89ae9ca482735be - Path: Packages/com.unity.ide.visualstudio/Editor/FileUtility.cs - Importer: ScriptedImporter/UnityEditor.QuickSearchModule:UnityEditor.Search:ASIAI0B' with importer (ScriptedImporter : UnityEditor.QuickSearchModule:UnityEditor.Search:ASIAI0B)
Imported 'GUID: 6f1dc05fb6e7d3e4f89ae9ca482735be' -> (Import Result ID: '121d85a7ca580c16764ee5db32296b8d') in 0.003 seconds [static and dynamic dependencies]. Details - ImportResultOutputID=e4084cac2d0a81a0b4dac370217f13e7 DependenciesID=54d2f84faa02435fc71d45f0d7885ed3 StaticDependenciesID=58f9e05f729a494555e7057f9be6bbba 
Number of updated asset objects reloaded before import = 0
Number of asset objects unloaded after import = 0
========================================================================
Received Import Request.
  Time of request: 2026-09-27T03:54:22.8351325Z
  Time since last request: 0.0007071 seconds.
  importAddress: GUID: c94f13e05ef0a7a49bdd39f197f39e5e - Path: Packages/com.unity.ide.visualstudio/Editor/ProjectGeneration/GeneratorFactory.cs - Importer: ScriptedImporter/UnityEditor.QuickSearchModule:UnityEditor.Search:ASIAI0B
Importing 'GUID: c94f13e05ef0a7a49bdd39f197f39e5e - Path: Packages/com.unity.ide.visualstudio/Editor/ProjectGeneration/GeneratorFactory.cs - Importer: ScriptedImporter/UnityEditor.QuickSearchModule:UnityEditor.Search:ASIAI0B' with importer (ScriptedImporter : UnityEditor.QuickSearchModule:UnityEditor.Search:ASIAI0B)
Imported 'GUID: c94f13e05ef0a7a49bdd39f197f39e5e' -> (Import Result ID: '50ba74cb42b6b28d881bf33b47920192') in 0.003 seconds [static and dynamic dependencies]. Details - ImportResultOutputID=ca6b1760dbb7fdc9aef4a38b7f25a7bc DependenciesID=91e47787ed91eed343d54a6166b11cd3 StaticDependenciesID=ed37eeee5e58c18ef76bbeb50cf76516 
Number of updated asset objects reloaded before import = 0
Number of asset objects unloaded after import = 0
========================================================================
Received Import Request.
  Time of request: 2026-09-27T03:54:22.8391502Z
  Time since last request: 0.0006267 seconds.
  importAddress: GUID: 7809f42f64c877f4b90ac233e5ec2372 - Path: Packages/com.unity.ide.visualstudio/ThirdPartyNotices.md - Importer: ScriptedImporter/UnityEditor.QuickSearchModule:UnityEditor.Search:ASIAI0B
Importing 'GUID: 7809f42f64c877f4b90ac233e5ec2372 - Path: Packages/com.unity.ide.visualstudio/ThirdPartyNotices.md - Importer: ScriptedImporter/UnityEditor.QuickSearchModule:UnityEditor.Search:ASIAI0B' with importer (ScriptedImporter : UnityEditor.QuickSearchModule:UnityEditor.Search:ASIAI0B)
Imported 'GUID: 7809f42f64c877f4b90ac233e5ec2372' -> (Import Result ID: '2b5b72c6b3203826bd1eadbe65de65ed') in 0.002 seconds [static and dynamic dependencies]. Details - ImportResultOutputID=5d5111d211d3c1bb96d1669c9368d047 DependenciesID=cd535503b91dfe73729f09eb055797e8 StaticDependenciesID=5727ad3f3d1e3b3f9debc1ed0faeaae6 
Number of updated asset objects reloaded before import = 0
Number of asset objects unloaded after import = 1
========================================================================
Received Import Request.
  Time of request: 2026-09-27T03:54:22.8426259Z
  Time since last request: 0.0004699 seconds.
  importAddress: GUID: f6674c38820d12a49ac116d416521d85 - Path: Packages/com.unity.ide.visualstudio/Editor/Messaging/TcpClient.cs - Importer: ScriptedImporter/UnityEditor.QuickSearchModule:UnityEditor.Search:ASIAI0B
Importing 'GUID: f6674c38820d12a49ac116d416521d85 - Path: Packages/com.unity.ide.visualstudio/Editor/Messaging/TcpClient.cs - Importer: ScriptedImporter/UnityEditor.QuickSearchModule:UnityEditor.Search:ASIAI0B' with importer (ScriptedImporter : UnityEditor.QuickSearchModule:UnityEditor.Search:ASIAI0B)
Imported 'GUID: f6674c38820d12a49ac116d416521d85' -> (Import Result ID: 'd0a4c58a73af4af90c5e697e75388d39') in 0.002 seconds [static and dynamic dependencies]. Details - ImportResultOutputID=1941a21bdd18f4059e55ccb9d9c38513 DependenciesID=73078191b10c95768b87072bd80c1a48 StaticDependenciesID=ac80db3cb52bcf367f6ee29853421987 
Number of updated asset objects reloaded before import = 0
Number of asset objects unloaded after import = 0
========================================================================
Received Import Request.
  Time of request: 2026-09-27T03:54:22.8454685Z
  Time since last request: 0.0005836 seconds.
  importAddress: GUID: d0e3ad91972c66f5238f5b9b7d5ae58a - Path: Packages/com.unity.modules.unitywebrequesttexture/package.json - Importer: ScriptedImporter/UnityEditor.QuickSearchModule:UnityEditor.Search:ASIAI0B
Importing 'GUID: d0e3ad91972c66f5238f5b9b7d5ae58a - Path: Packages/com.unity.modules.unitywebrequesttexture/package.json - Importer: ScriptedImporter/UnityEditor.QuickSearchModule:UnityEditor.Search:ASIAI0B' with importer (ScriptedImporter : UnityEditor.QuickSearchModule:UnityEditor.Search:ASIAI0B)
Imported 'GUID: d0e3ad91972c66f5238f5b9b7d5ae58a' -> (Import Result ID: 'da42dc868d35aaa12e88d8c6746a5eda') in 0.002 seconds [static and dynamic dependencies]. Details - ImportResultOutputID=a7c781e9b1e8704597b159abb9f8e640 DependenciesID=83ee0db0ad74f3d94604f8deb4353b54 StaticDependenciesID=cd7510f370561eaeba51a6169378c7d3 
Number of updated asset objects reloaded before import = 0
Number of asset objects unloaded after import = 1
========================================================================
Received Import Request.
  Time of request: 2026-09-27T03:54:22.8485049Z
  Time since last request: 0.0005816 seconds.
  importAddress: GUID: 1be5c96ff30e6ec40876f28fd9ab7e24 - Path: Packages/com.unity.ide.visualstudio/Editor/VisualStudioCodeInstallation.cs - Importer: ScriptedImporter/UnityEditor.QuickSearchModule:UnityEditor.Search:ASIAI0B
Importing 'GUID: 1be5c96ff30e6ec40876f28fd9ab7e24 - Path: Packages/com.unity.ide.visualstudio/Editor/VisualStudioCodeInstallation.cs - Importer: ScriptedImporter/UnityEditor.QuickSearchModule:UnityEditor.Search:ASIAI0B' with importer (ScriptedImporter : UnityEditor.QuickSearchModule:UnityEditor.Search:ASIAI0B)
Imported 'GUID: 1be5c96ff30e6ec40876f28fd9ab7e24' -> (Import Result ID: '9f0b48d9ff87260f860220bf5b515eeb') in 0.002 seconds [static and dynamic dependencies]. Details - ImportResultOutputID=b559356e9a1a4c00d9c808ae6b670464 DependenciesID=bb921c4000f6868b4916f7cbb44e5c72 StaticDependenciesID=4068ad59519b921e8a3221d1d7e8e9de 
Number of updated asset objects reloaded before import = 0
Number of asset objects unloaded after import = 0
========================================================================
Received Import Request.
  Time of request: 2026-09-27T03:54:22.8515902Z
  Time since last request: 0.0005746 seconds.
  importAddress: GUID: 3eda7a83649158546826efb3ffe6c1e3 - Path: Packages/com.unity.ide.visualstudio/Editor/Messaging/Deserializer.cs - Importer: ScriptedImporter/UnityEditor.QuickSearchModule:UnityEditor.Search:ASIAI0B
Importing 'GUID: 3eda7a83649158546826efb3ffe6c1e3 - Path: Packages/com.unity.ide.visualstudio/Editor/Messaging/Deserializer.cs - Importer: ScriptedImporter/UnityEditor.QuickSearchModule:UnityEditor.Search:ASIAI0B' with importer (ScriptedImporter : UnityEditor.QuickSearchModule:UnityEditor.Search:ASIAI0B)
Imported 'GUID: 3eda7a83649158546826efb3ffe6c1e3' -> (Import Result ID: '9e8d8f1b4690a095b9085c2445eddb64') in 0.003 seconds [static and dynamic dependencies]. Details - ImportResultOutputID=56b61ecb5552fa1d40fecfb575bd5228 DependenciesID=433bc8a28d5bfb05d8a6b9f83b8995ea StaticDependenciesID=a9d1224e22905e5b220d0eb84803ae9d 
Number of updated asset objects reloaded before import = 0
Number of asset objects unloaded after import = 0
========================================================================
Received Import Request.
  Time of request: 2026-09-27T03:54:22.8550331Z
  Time since last request: 0.0005888 seconds.
  importAddress: GUID: e6a135e3ea9cb46795d1b0e05ac3e1e5 - Path: Packages/com.unity.modules.jsonserialize/package.ModuleCompilationTrigger - Importer: ScriptedImporter/UnityEditor.QuickSearchModule:UnityEditor.Search:ASIAI0B
Importing 'GUID: e6a135e3ea9cb46795d1b0e05ac3e1e5 - Path: Packages/com.unity.modules.jsonserialize/package.ModuleCompilationTrigger - Importer: ScriptedImporter/UnityEditor.QuickSearchModule:UnityEditor.Search:ASIAI0B' with importer (ScriptedImporter : UnityEditor.QuickSearchModule:UnityEditor.Search:ASIAI0B)
Imported 'GUID: e6a135e3ea9cb46795d1b0e05ac3e1e5' -> (Import Result ID: '02607a4f16314e3fb4b40bb36524a94c') in 0.002 seconds [static and dynamic dependencies]. Details - ImportResultOutputID=47d321866de566bb10b7e9d30ada9131 DependenciesID=e80b45e33260ed103a9733b95ec7d82b StaticDependenciesID=d99bba657fde8632fe079a9a1f22f8d3 
Number of updated asset objects reloaded before import = 0
Number of asset objects unloaded after import = 1
========================================================================
Received Import Request.
  Time of request: 2026-09-27T03:54:22.858393Z
  Time since last request: 0.0005868 seconds.
  importAddress: GUID: f47f2d030bc1d415a8d15a51dbcc39a2 - Path: Packages/com.unity.ide.visualstudio/Editor/Testing/TestResultAdaptor.cs - Importer: ScriptedImporter/UnityEditor.QuickSearchModule:UnityEditor.Search:ASIAI0B
Importing 'GUID: f47f2d030bc1d415a8d15a51dbcc39a2 - Path: Packages/com.unity.ide.visualstudio/Editor/Testing/TestResultAdaptor.cs - Importer: ScriptedImporter/UnityEditor.QuickSearchModule:UnityEditor.Search:ASIAI0B' with importer (ScriptedImporter : UnityEditor.QuickSearchModule:UnityEditor.Search:ASIAI0B)
Imported 'GUID: f47f2d030bc1d415a8d15a51dbcc39a2' -> (Import Result ID: '2887ce0df30865e695b460218c424c84') in 0.002 seconds [static and dynamic dependencies]. Details - ImportResultOutputID=688a213469d1accfd2560895ec45dc09 DependenciesID=e48532a3482ae0577508ef920b5e1e97 StaticDependenciesID=bf19d7995d2d712e48ae387583ac19bb 
Number of updated asset objects reloaded before import = 0
Number of asset objects unloaded after import = 0
========================================================================
Received Import Request.
  Time of request: 2026-09-27T03:54:22.8613625Z
  Time since last request: 0.0005972 seconds.
  importAddress: GUID: 957a5f2d2660a894d926660de2a9d577 - Path: Packages/com.unity.ide.visualstudio/Editor/ProcessRunner.cs - Importer: ScriptedImporter/UnityEditor.QuickSearchModule:UnityEditor.Search:ASIAI0B
Importing 'GUID: 957a5f2d2660a894d926660de2a9d577 - Path: Packages/com.unity.ide.visualstudio/Editor/ProcessRunner.cs - Importer: ScriptedImporter/UnityEditor.QuickSearchModule:UnityEditor.Search:ASIAI0B' with importer (ScriptedImporter : UnityEditor.QuickSearchModule:UnityEditor.Search:ASIAI0B)
Imported 'GUID: 957a5f2d2660a894d926660de2a9d577' -> (Import Result ID: '2f747aca1849b924235d980dc0be7792') in 0.002 seconds [static and dynamic dependencies]. Details - ImportResultOutputID=1fe93e4eed628ead70e8748172f43d7d DependenciesID=33b70015e98d1fc811e1a6c7f5f212f0 StaticDependenciesID=e437f89a0099a43f41694a0354453f72 
Number of updated asset objects reloaded before import = 0
Number of asset objects unloaded after import = 0
========================================================================
Received Import Request.
  Time of request: 2026-09-27T03:54:22.8647533Z
  Time since last request: 0.0006651 seconds.
  importAddress: GUID: b93f844d45cfcc44fa2b0eed5c9ec6bb - Path: Packages/com.unity.ide.visualstudio/Editor/com.unity.ide.visualstudio.asmdef - Importer: ScriptedImporter/UnityEditor.QuickSearchModule:UnityEditor.Search:ASIAI0B
Importing 'GUID: b93f844d45cfcc44fa2b0eed5c9ec6bb - Path: Packages/com.unity.ide.visualstudio/Editor/com.unity.ide.visualstudio.asmdef - Importer: ScriptedImporter/UnityEditor.QuickSearchModule:UnityEditor.Search:ASIAI0B' with importer (ScriptedImporter : UnityEditor.QuickSearchModule:UnityEditor.Search:ASIAI0B)
Imported 'GUID: b93f844d45cfcc44fa2b0eed5c9ec6bb' -> (Import Result ID: '09134220a224aedfeed215dd8b4fa802') in 0.028 seconds [static and dynamic dependencies]. Details - ImportResultOutputID=f3bd5ef35fc00d3254aa46e3ac6d50a7 DependenciesID=a43241a88e9ca4497a68ecb9d98eb4cc StaticDependenciesID=0e73354e6306cf9e32275927a649535b 
Number of updated asset objects reloaded before import = 0
Number of asset objects unloaded after import = 1
========================================================================
Received Import Request.
  Time of request: 2026-09-27T03:54:22.8934025Z
  Time since last request: 0.0006531 seconds.
  importAddress: GUID: eeb21ffd7b0188542b348935f4b04fe8 - Path: Packages/com.unity.ide.visualstudio/Editor/ProjectGeneration/TypeCacheHelper.cs - Importer: ScriptedImporter/UnityEditor.QuickSearchModule:UnityEditor.Search:ASIAI0B
Importing 'GUID: eeb21ffd7b0188542b348935f4b04fe8 - Path: Packages/com.unity.ide.visualstudio/Editor/ProjectGeneration/TypeCacheHelper.cs - Importer: ScriptedImporter/UnityEditor.QuickSearchModule:UnityEditor.Search:ASIAI0B' with importer (ScriptedImporter : UnityEditor.QuickSearchModule:UnityEditor.Search:ASIAI0B)
Imported 'GUID: eeb21ffd7b0188542b348935f4b04fe8' -> (Import Result ID: 'e012f4aead124c3bc8358cdad64513de') in 0.002 seconds [static and dynamic dependencies]. Details - ImportResultOutputID=36e14cfba260818d6d5b078dc9548086 DependenciesID=dd758081d86f6c7c7935d99f9a08c899 StaticDependenciesID=c4f131be39acb359ff0a2f148e3f8bd1 
Number of updated asset objects reloaded before import = 0
Number of asset objects unloaded after import = 0
========================================================================
Received Import Request.
  Time of request: 2026-09-27T03:54:22.8964903Z
  Time since last request: 0.0007173 seconds.
  importAddress: GUID: 275143c81d816ef4286fdc67aabc20c8 - Path: Packages/com.unity.ide.visualstudio/Editor/Messaging/MessageEventArgs.cs - Importer: ScriptedImporter/UnityEditor.QuickSearchModule:UnityEditor.Search:ASIAI0B
Importing 'GUID: 275143c81d816ef4286fdc67aabc20c8 - Path: Packages/com.unity.ide.visualstudio/Editor/Messaging/MessageEventArgs.cs - Importer: ScriptedImporter/UnityEditor.QuickSearchModule:UnityEditor.Search:ASIAI0B' with importer (ScriptedImporter : UnityEditor.QuickSearchModule:UnityEditor.Search:ASIAI0B)
Imported 'GUID: 275143c81d816ef4286fdc67aabc20c8' -> (Import Result ID: 'f0222b82ef365f77de2b408f0340b09a') in 0.003 seconds [static and dynamic dependencies]. Details - ImportResultOutputID=263792b5e13379e3f05d639fbfb45b34 DependenciesID=aa16bd1caafbda8c8c58bea56e94416d StaticDependenciesID=09cbc6e9c71040d2867f530cf9e9cb91 
Number of updated asset objects reloaded before import = 0
Number of asset objects unloaded after import = 0
========================================================================
Received Import Request.
  Time of request: 2026-09-27T03:54:22.9008751Z
  Time since last request: 0.0005765 seconds.
  importAddress: GUID: 7652904b1008e324fb7cfb952ea87656 - Path: Packages/com.unity.ide.visualstudio/Editor/ProjectGeneration/GUIDProvider.cs - Importer: ScriptedImporter/UnityEditor.QuickSearchModule:UnityEditor.Search:ASIAI0B
Importing 'GUID: 7652904b1008e324fb7cfb952ea87656 - Path: Packages/com.unity.ide.visualstudio/Editor/ProjectGeneration/GUIDProvider.cs - Importer: ScriptedImporter/UnityEditor.QuickSearchModule:UnityEditor.Search:ASIAI0B' with importer (ScriptedImporter : UnityEditor.QuickSearchModule:UnityEditor.Search:ASIAI0B)
Imported 'GUID: 7652904b1008e324fb7cfb952ea87656' -> (Import Result ID: 'f06c00a88a29dcf83fc30a098e0ad0f0') in 0.002 seconds [static and dynamic dependencies]. Details - ImportResultOutputID=5cc410a4fb214a8107534008491459cc DependenciesID=23f9be7777f02510fb55901d8f63aff4 StaticDependenciesID=61c30044949308906499ba5ff839ee02 
Number of updated asset objects reloaded before import = 0
Number of asset objects unloaded after import = 0
========================================================================
Received Import Request.
  Time of request: 2026-09-27T03:54:22.903941Z
  Time since last request: 0.0007207 seconds.
  importAddress: GUID: 38cb3a4a17d2cfd41926da95ce675934 - Path: Packages/com.unity.ide.visualstudio/Editor/Messaging/UdpSocket.cs - Importer: ScriptedImporter/UnityEditor.QuickSearchModule:UnityEditor.Search:ASIAI0B
Importing 'GUID: 38cb3a4a17d2cfd41926da95ce675934 - Path: Packages/com.unity.ide.visualstudio/Editor/Messaging/UdpSocket.cs - Importer: ScriptedImporter/UnityEditor.QuickSearchModule:UnityEditor.Search:ASIAI0B' with importer (ScriptedImporter : UnityEditor.QuickSearchModule:UnityEditor.Search:ASIAI0B)
Imported 'GUID: 38cb3a4a17d2cfd41926da95ce675934' -> (Import Result ID: 'e31376b8c3b2a44b6957d583c77ab255') in 0.002 seconds [static and dynamic dependencies]. Details - ImportResultOutputID=2b3d58fb524c3ad7c3278f7d7357afeb DependenciesID=318590716513f96b1d8da307ba4db6f2 StaticDependenciesID=98d13f0b800dae2669348249d6492a23 
Number of updated asset objects reloaded before import = 0
Number of asset objects unloaded after import = 0
========================================================================
Received Import Request.
  Time of request: 2026-09-27T03:54:22.9068133Z
  Time since last request: 0.0005929 seconds.
  importAddress: GUID: 57537f08f8e923f488e4aadabb831c9b - Path: Packages/com.unity.ide.visualstudio/Editor/ProjectGeneration/AssemblyNameProvider.cs - Importer: ScriptedImporter/UnityEditor.QuickSearchModule:UnityEditor.Search:ASIAI0B
Importing 'GUID: 57537f08f8e923f488e4aadabb831c9b - Path: Packages/com.unity.ide.visualstudio/Editor/ProjectGeneration/AssemblyNameProvider.cs - Importer: ScriptedImporter/UnityEditor.QuickSearchModule:UnityEditor.Search:ASIAI0B' with importer (ScriptedImporter : UnityEditor.QuickSearchModule:UnityEditor.Search:ASIAI0B)
Imported 'GUID: 57537f08f8e923f488e4aadabb831c9b' -> (Import Result ID: '8c39e4c982b2a662e05de15424ed73fb') in 0.002 seconds [static and dynamic dependencies]. Details - ImportResultOutputID=f0d4ffff227492add974d886ecaa7483 DependenciesID=6ba786978cdfd74e2058d024859bf6ea StaticDependenciesID=2e04f804cfa74be9868fcf3c056300ca 
Number of updated asset objects reloaded before import = 0
Number of asset objects unloaded after import = 0
========================================================================
Received Import Request.
  Time of request: 2026-09-27T03:54:22.9094631Z
  Time since last request: 0.0004843 seconds.
  importAddress: GUID: 92a378669877c05c6071d0fed687bb95 - Path: Packages/com.unity.modules.tilemap/package.json - Importer: ScriptedImporter/UnityEditor.QuickSearchModule:UnityEditor.Search:ASIAI0B
Importing 'GUID: 92a378669877c05c6071d0fed687bb95 - Path: Packages/com.unity.modules.tilemap/package.json - Importer: ScriptedImporter/UnityEditor.QuickSearchModule:UnityEditor.Search:ASIAI0B' with importer (ScriptedImporter : UnityEditor.QuickSearchModule:UnityEditor.Search:ASIAI0B)
Imported 'GUID: 92a378669877c05c6071d0fed687bb95' -> (Import Result ID: '568d2d72511cc6634cd8e336a01fbec5') in 0.002 seconds [static and dynamic dependencies]. Details - ImportResultOutputID=5050b5aeec32f07fdd7b067334929cd9 DependenciesID=97c59db7e6597f743973bbc4010621d6 StaticDependenciesID=35e02e1e4f4f92485777d29e13156f1e 
Number of updated asset objects reloaded before import = 0
Number of asset objects unloaded after import = 1
========================================================================
Received Import Request.
  Time of request: 2026-09-27T03:54:22.9407959Z
  Time since last request: 0.0288561 seconds.
  importAddress: GUID: 2b301b727225f1941974d69e61a55620 - Path: Packages/com.unity.test-framework/UnityEditor.TestRunner/TestRunnerWindowSettings.cs - Importer: ScriptedImporter/UnityEditor.QuickSearchModule:UnityEditor.Search:ASIAI0B
Importing 'GUID: 2b301b727225f1941974d69e61a55620 - Path: Packages/com.unity.test-framework/UnityEditor.TestRunner/TestRunnerWindowSettings.cs - Importer: ScriptedImporter/UnityEditor.QuickSearchModule:UnityEditor.Search:ASIAI0B' with importer (ScriptedImporter : UnityEditor.QuickSearchModule:UnityEditor.Search:ASIAI0B)
Imported 'GUID: 2b301b727225f1941974d69e61a55620' -> (Import Result ID: '683640ee626be6c1726956d246811601') in 0.003 seconds [static and dynamic dependencies]. Details - ImportResultOutputID=c4da404980fb192df2ea98abe0b301f9 DependenciesID=001085a41835e167f1cf26260a88a8be StaticDependenciesID=319ac2de859e8a596689f89d7d14b674 
Number of updated asset objects reloaded before import = 0
Number of asset objects unloaded after import = 0
========================================================================
Received Import Request.
  Time of request: 2026-09-27T03:54:22.944916Z
  Time since last request: 0.0008926 seconds.
  importAddress: GUID: 3ec7596410385054a9e0bc90377fbe63 - Path: Packages/com.unity.test-framework/LICENSE.md - Importer: ScriptedImporter/UnityEditor.QuickSearchModule:UnityEditor.Search:ASIAI0B
Importing 'GUID: 3ec7596410385054a9e0bc90377fbe63 - Path: Packages/com.unity.test-framework/LICENSE.md - Importer: ScriptedImporter/UnityEditor.QuickSearchModule:UnityEditor.Search:ASIAI0B' with importer (ScriptedImporter : UnityEditor.QuickSearchModule:UnityEditor.Search:ASIAI0B)
Imported 'GUID: 3ec7596410385054a9e0bc90377fbe63' -> (Import Result ID: '5d57803e9e4031b7cc0e48c451d01af4') in 0.002 seconds [static and dynamic dependencies]. Details - ImportResultOutputID=ea49b73b4f154e980dd563fe454f57a4 DependenciesID=bfcfe7ceab6d882d97a3059ebd6f6942 StaticDependenciesID=e81abb57f442417729aebea5fd765cb7 
Number of updated asset objects reloaded before import = 0
Number of asset objects unloaded after import = 1
========================================================================
Received Import Request.
  Time of request: 2026-09-27T03:54:22.9494499Z
  Time since last request: 0.0017798 seconds.
  importAddress: GUID: be13c398521e3c1ad21fb9da30ab2ab6 - Path: Packages/com.unity.modules.imgui/package.ModuleCompilationTrigger - Importer: ScriptedImporter/UnityEditor.QuickSearchModule:UnityEditor.Search:ASIAI0B
Importing 'GUID: be13c398521e3c1ad21fb9da30ab2ab6 - Path: Packages/com.unity.modules.imgui/package.ModuleCompilationTrigger - Importer: ScriptedImporter/UnityEditor.QuickSearchModule:UnityEditor.Search:ASIAI0B' with importer (ScriptedImporter : UnityEditor.QuickSearchModule:UnityEditor.Search:ASIAI0B)
Imported 'GUID: be13c398521e3c1ad21fb9da30ab2ab6' -> (Import Result ID: '40ae1da538643e1318f47928ae236c24') in 0.002 seconds [static and dynamic dependencies]. Details - ImportResultOutputID=7bd25dba22f905576e0795de3dcbb0f7 DependenciesID=0a651581b9531447e1196f0893a80720 StaticDependenciesID=0d3a12acdf94949a491ad45a8826d353 
Number of updated asset objects reloaded before import = 0
Number of asset objects unloaded after import = 1
========================================================================
Received Import Request.
  Time of request: 2026-09-27T03:54:22.952606Z
  Time since last request: 0.000686 seconds.
  importAddress: GUID: 585c3fb85b32bd64e8814074e754163e - Path: Packages/com.unity.ide.visualstudio/Editor/VSWhere/vswhere.exe - Importer: ScriptedImporter/UnityEditor.QuickSearchModule:UnityEditor.Search:ASIAI0B
Importing 'GUID: 585c3fb85b32bd64e8814074e754163e - Path: Packages/com.unity.ide.visualstudio/Editor/VSWhere/vswhere.exe - Importer: ScriptedImporter/UnityEditor.QuickSearchModule:UnityEditor.Search:ASIAI0B' with importer (ScriptedImporter : UnityEditor.QuickSearchModule:UnityEditor.Search:ASIAI0B)
Imported 'GUID: 585c3fb85b32bd64e8814074e754163e' -> (Import Result ID: 'd85d6244bf53e4e89a19b92d031137fb') in 0.002 seconds [static and dynamic dependencies]. Details - ImportResultOutputID=0354bbeb2b79a2d3616e0539879febb0 DependenciesID=e0f5cca574c89535d11b419dcd54c439 StaticDependenciesID=f64fbc672e7092fd75ca6bf9bdae8693 
Number of updated asset objects reloaded before import = 0
Number of asset objects unloaded after import = 1
========================================================================
Received Import Request.
  Time of request: 2026-09-27T03:54:22.9556519Z
  Time since last request: 0.0005472 seconds.
  importAddress: GUID: 9db19a04003fca7439552acd4de9baa1 - Path: Packages/com.unity.test-framework/UnityEditor.TestRunner/AssemblyInfo.cs - Importer: ScriptedImporter/UnityEditor.QuickSearchModule:UnityEditor.Search:ASIAI0B
Importing 'GUID: 9db19a04003fca7439552acd4de9baa1 - Path: Packages/com.unity.test-framework/UnityEditor.TestRunner/AssemblyInfo.cs - Importer: ScriptedImporter/UnityEditor.QuickSearchModule:UnityEditor.Search:ASIAI0B' with importer (ScriptedImporter : UnityEditor.QuickSearchModule:UnityEditor.Search:ASIAI0B)
Imported 'GUID: 9db19a04003fca7439552acd4de9baa1' -> (Import Result ID: 'e99746076f68e13d9d27392457f41243') in 0.002 seconds [static and dynamic dependencies]. Details - ImportResultOutputID=e4efe30fac2029529ebd8b82fe687d86 DependenciesID=923f327769143fece6e188aea2d368d0 StaticDependenciesID=713c2c22b2c509fca7dd9601cbd5782c 
Number of updated asset objects reloaded before import = 0
Number of asset objects unloaded after import = 0
========================================================================
Received Import Request.
  Time of request: 2026-09-27T03:54:22.9587336Z
  Time since last request: 0.0007116 seconds.
  importAddress: GUID: 222fc39b0c85d800342910da2cd64781 - Path: Packages/com.unity.modules.assetbundle/package.ModuleCompilationTrigger - Importer: ScriptedImporter/UnityEditor.QuickSearchModule:UnityEditor.Search:ASIAI0B
Importing 'GUID: 222fc39b0c85d800342910da2cd64781 - Path: Packages/com.unity.modules.assetbundle/package.ModuleCompilationTrigger - Importer: ScriptedImporter/UnityEditor.QuickSearchModule:UnityEditor.Search:ASIAI0B' with importer (ScriptedImporter : UnityEditor.QuickSearchModule:UnityEditor.Search:ASIAI0B)
Imported 'GUID: 222fc39b0c85d800342910da2cd64781' -> (Import Result ID: 'bcfb7cee0bc43e80522a47085872865a') in 0.003 seconds [static and dynamic dependencies]. Details - ImportResultOutputID=a00ae91a183654e6a2d2b9120983b31d DependenciesID=ddb6a4ee60640a1b9fb3813b9b0ad820 StaticDependenciesID=a13454118ed145dfd66fb2aadcf7d1d0 
Number of updated asset objects reloaded before import = 0
Number of asset objects unloaded after import = 1
========================================================================
Received Import Request.
  Time of request: 2026-09-27T03:54:22.9631181Z
  Time since last request: 0.0007337 seconds.
  importAddress: GUID: e1ef8466c8fd01a549f10baa4d51fa17 - Path: Packages/com.unity.modules.assetbundle/package.json - Importer: ScriptedImporter/UnityEditor.QuickSearchModule:UnityEditor.Search:ASIAI0B
Importing 'GUID: e1ef8466c8fd01a549f10baa4d51fa17 - Path: Packages/com.unity.modules.assetbundle/package.json - Importer: ScriptedImporter/UnityEditor.QuickSearchModule:UnityEditor.Search:ASIAI0B' with importer (ScriptedImporter : UnityEditor.QuickSearchModule:UnityEditor.Search:ASIAI0B)
Imported 'GUID: e1ef8466c8fd01a549f10baa4d51fa17' -> (Import Result ID: '761077531f5826d9d127167cafa39d7e') in 0.004 seconds [static and dynamic dependencies]. Details - ImportResultOutputID=d225eb168e59f4dd8c53fedc8b64a04d DependenciesID=d4475f1719aa43877bfc2afb58c7a3b2 StaticDependenciesID=5dabe7362c20c202b77fe5a7e34c0af6 
Number of updated asset objects reloaded before import = 0
Number of asset objects unloaded after import = 1
========================================================================
Received Import Request.
  Time of request: 2026-09-27T03:54:22.9679034Z
  Time since last request: 0.0006288 seconds.
  importAddress: GUID: 3411e19edd44cfd46b548b058c3bc36c - Path: Packages/com.unity.test-framework/UnityEditor.TestRunner/TestBuildAssemblyFilter.cs - Importer: ScriptedImporter/UnityEditor.QuickSearchModule:UnityEditor.Search:ASIAI0B
Importing 'GUID: 3411e19edd44cfd46b548b058c3bc36c - Path: Packages/com.unity.test-framework/UnityEditor.TestRunner/TestBuildAssemblyFilter.cs - Importer: ScriptedImporter/UnityEditor.QuickSearchModule:UnityEditor.Search:ASIAI0B' with importer (ScriptedImporter : UnityEditor.QuickSearchModule:UnityEditor.Search:ASIAI0B)
Imported 'GUID: 3411e19edd44cfd46b548b058c3bc36c' -> (Import Result ID: '2514b4b9b54a90f8cec54c8d36db5c72') in 0.003 seconds [static and dynamic dependencies]. Details - ImportResultOutputID=7cc5ac956569ee37bde0e28f275a1376 DependenciesID=9e4f0933600dadca16d3459ed6251461 StaticDependenciesID=cf82edfe7af0476dab5dd8c5f68efad3 
Number of updated asset objects reloaded before import = 0
Number of asset objects unloaded after import = 0
========================================================================
Received Import Request.
  Time of request: 2026-09-27T03:54:22.9717385Z
  Time since last request: 0.0007203 seconds.
  importAddress: GUID: 939b89fc6b924ea2e821fc1be1b09f56 - Path: Packages/com.unity.modules.tetgen/package.json - Importer: ScriptedImporter/UnityEditor.QuickSearchModule:UnityEditor.Search:ASIAI0B
Importing 'GUID: 939b89fc6b924ea2e821fc1be1b09f56 - Path: Packages/com.unity.modules.tetgen/package.json - Importer: ScriptedImporter/UnityEditor.QuickSearchModule:UnityEditor.Search:ASIAI0B' with importer (ScriptedImporter : UnityEditor.QuickSearchModule:UnityEditor.Search:ASIAI0B)
Imported 'GUID: 939b89fc6b924ea2e821fc1be1b09f56' -> (Import Result ID: '959783c5da0624a741276c494703cb15') in 0.003 seconds [static and dynamic dependencies]. Details - ImportResultOutputID=03864596e7f16752b2ce47c0d8bee946 DependenciesID=461cac84ead9df93cfa7e0eec9ad2017 StaticDependenciesID=ba9e0079fa09827fdbf9f2f97c06c4e0 
Number of updated asset objects reloaded before import = 0
Number of asset objects unloaded after import = 1
========================================================================
Received Import Request.
  Time of request: 2026-09-27T03:54:22.9760059Z
  Time since last request: 0.0010712 seconds.
  importAddress: GUID: 5c1ee4056d0ac7ad3c5a16597fcaa38a - Path: Packages/com.unity.modules.physics/package.ModuleCompilationTrigger - Importer: ScriptedImporter/UnityEditor.QuickSearchModule:UnityEditor.Search:ASIAI0B
Importing 'GUID: 5c1ee4056d0ac7ad3c5a16597fcaa38a - Path: Packages/com.unity.modules.physics/package.ModuleCompilationTrigger - Importer: ScriptedImporter/UnityEditor.QuickSearchModule:UnityEditor.Search:ASIAI0B' with importer (ScriptedImporter : UnityEditor.QuickSearchModule:UnityEditor.Search:ASIAI0B)
Imported 'GUID: 5c1ee4056d0ac7ad3c5a16597fcaa38a' -> (Import Result ID: 'e240f077837b4d1a3cf7967bb8410a63') in 0.003 seconds [static and dynamic dependencies]. Details - ImportResultOutputID=68f559f7eecbe2af68310ab0f679ce19 DependenciesID=45d32f13e7d64a5170e777eed0d8ca6a StaticDependenciesID=448674914c29a07701603b1e03d1cf43 
Number of updated asset objects reloaded before import = 0
Number of asset objects unloaded after import = 1
========================================================================
Received Import Request.
  Time of request: 2026-09-27T03:54:22.9799908Z
  Time since last request: 0.0007258 seconds.
  importAddress: GUID: a667f6654ad7a9548b8c8e68b51c8895 - Path: Packages/com.unity.test-framework/UnityEditor.TestRunner/RequireApiProfileAttribute.cs - Importer: ScriptedImporter/UnityEditor.QuickSearchModule:UnityEditor.Search:ASIAI0B
Importing 'GUID: a667f6654ad7a9548b8c8e68b51c8895 - Path: Packages/com.unity.test-framework/UnityEditor.TestRunner/RequireApiProfileAttribute.cs - Importer: ScriptedImporter/UnityEditor.QuickSearchModule:UnityEditor.Search:ASIAI0B' with importer (ScriptedImporter : UnityEditor.QuickSearchModule:UnityEditor.Search:ASIAI0B)
Imported 'GUID: a667f6654ad7a9548b8c8e68b51c8895' -> (Import Result ID: '162be4091622c6035db9ec88854582b1') in 0.003 seconds [static and dynamic dependencies]. Details - ImportResultOutputID=9ba51d5d8cfff7437e5dad192ee8ef4a DependenciesID=5aca19d0a2f07ff33d63ddb9dd618187 StaticDependenciesID=4321af9e0c3cc46fd62272907c0a4ed4 
Number of updated asset objects reloaded before import = 0
Number of asset objects unloaded after import = 0
========================================================================
Received Import Request.
  Time of request: 2026-09-27T03:54:22.983527Z
  Time since last request: 0.0006959 seconds.
  importAddress: GUID: 0719f1a8b2a284e1182b352e6c8c3c60 - Path: Packages/com.unity.ide.visualstudio/Editor/Testing/TestStatusAdaptor.cs - Importer: ScriptedImporter/UnityEditor.QuickSearchModule:UnityEditor.Search:ASIAI0B
Importing 'GUID: 0719f1a8b2a284e1182b352e6c8c3c60 - Path: Packages/com.unity.ide.visualstudio/Editor/Testing/TestStatusAdaptor.cs - Importer: ScriptedImporter/UnityEditor.QuickSearchModule:UnityEditor.Search:ASIAI0B' with importer (ScriptedImporter : UnityEditor.QuickSearchModule:UnityEditor.Search:ASIAI0B)
Imported 'GUID: 0719f1a8b2a284e1182b352e6c8c3c60' -> (Import Result ID: '24c85983dddee864a27aabf3693b8787') in 0.003 seconds [static and dynamic dependencies]. Details - ImportResultOutputID=05aa5b82d7a59a9d7f53ccd866483ce4 DependenciesID=ff29f697d70cc63c1e384ad696ed512f StaticDependenciesID=c9375f1aa15c0483c25fcfca3566f184 
Number of updated asset objects reloaded before import = 0
Number of asset objects unloaded after import = 0
========================================================================
Received Import Request.
  Time of request: 2026-09-27T03:54:22.9871845Z
  Time since last request: 0.0006449 seconds.
  importAddress: GUID: db8e609a39b9b231fccc54e5fa4cbd1b - Path: Packages/com.unity.modules.animation/package.ModuleCompilationTrigger - Importer: ScriptedImporter/UnityEditor.QuickSearchModule:UnityEditor.Search:ASIAI0B
Importing 'GUID: db8e609a39b9b231fccc54e5fa4cbd1b - Path: Packages/com.unity.modules.animation/package.ModuleCompilationTrigger - Importer: ScriptedImporter/UnityEditor.QuickSearchModule:UnityEditor.Search:ASIAI0B' with importer (ScriptedImporter : UnityEditor.QuickSearchModule:UnityEditor.Search:ASIAI0B)
Imported 'GUID: db8e609a39b9b231fccc54e5fa4cbd1b' -> (Import Result ID: '2083839536ee7d16e501f81c2d070ceb') in 0.002 seconds [static and dynamic dependencies]. Details - ImportResultOutputID=4c0949ad61d0321358477cefb1a05756 DependenciesID=fbec1314db178eee92a4d18bfcda2fb6 StaticDependenciesID=164ae76ee61e50df3ef6225057ab565d 
Number of updated asset objects reloaded before import = 0
Number of asset objects unloaded after import = 1
========================================================================
Received Import Request.
  Time of request: 2026-09-27T03:54:22.9902109Z
  Time since last request: 0.0005801 seconds.
  importAddress: GUID: 27619889b8ba8c24980f49ee34dbb44a - Path: Packages/com.unity.test-framework/UnityEngine.TestRunner/UnityEngine.TestRunner.asmdef - Importer: ScriptedImporter/UnityEditor.QuickSearchModule:UnityEditor.Search:ASIAI0B
Importing 'GUID: 27619889b8ba8c24980f49ee34dbb44a - Path: Packages/com.unity.test-framework/UnityEngine.TestRunner/UnityEngine.TestRunner.asmdef - Importer: ScriptedImporter/UnityEditor.QuickSearchModule:UnityEditor.Search:ASIAI0B' with importer (ScriptedImporter : UnityEditor.QuickSearchModule:UnityEditor.Search:ASIAI0B)
Imported 'GUID: 27619889b8ba8c24980f49ee34dbb44a' -> (Import Result ID: 'e612751e59fdac9912ce9fb2e93e7709') in 0.003 seconds [static and dynamic dependencies]. Details - ImportResultOutputID=2cc3bc23bd22ee22bff42c32bc2d2665 DependenciesID=f354a8215debfd361f3ddaf8addabc81 StaticDependenciesID=ccd99dc38342c0f40ed2b24b9afa5e85 
Number of updated asset objects reloaded before import = 0
Number of asset objects unloaded after import = 1
========================================================================
Received Import Request.
  Time of request: 2026-09-27T03:54:22.9942991Z
  Time since last request: 0.0005973 seconds.
  importAddress: GUID: 80beef77cb19e713c7c2d481b65ed485 - Path: Packages/com.unity.modules.screencapture/package.json - Importer: ScriptedImporter/UnityEditor.QuickSearchModule:UnityEditor.Search:ASIAI0B
Importing 'GUID: 80beef77cb19e713c7c2d481b65ed485 - Path: Packages/com.unity.modules.screencapture/package.json - Importer: ScriptedImporter/UnityEditor.QuickSearchModule:UnityEditor.Search:ASIAI0B' with importer (ScriptedImporter : UnityEditor.QuickSearchModule:UnityEditor.Search:ASIAI0B)
Imported 'GUID: 80beef77cb19e713c7c2d481b65ed485' -> (Import Result ID: 'c575a56414f61f92612c74eed832daae') in 0.002 seconds [static and dynamic dependencies]. Details - ImportResultOutputID=43174043fa0ac31351ba366c5057bfe9 DependenciesID=3f6f3dd3f63760db8f60f5b83d84dce6 StaticDependenciesID=5997b0d3f5aa263c545963f4cac57327 
Number of updated asset objects reloaded before import = 0
Number of asset objects unloaded after import = 1
========================================================================
Received Import Request.
  Time of request: 2026-09-27T03:54:22.997639Z
  Time since last request: 0.0005828 seconds.
  importAddress: GUID: 85dd7af03f02aea4aae13a3945e3b313 - Path: Packages/com.unity.test-framework/UnityEditor.TestRunner/Api/ITestAdaptor.cs - Importer: ScriptedImporter/UnityEditor.QuickSearchModule:UnityEditor.Search:ASIAI0B
Importing 'GUID: 85dd7af03f02aea4aae13a3945e3b313 - Path: Packages/com.unity.test-framework/UnityEditor.TestRunner/Api/ITestAdaptor.cs - Importer: ScriptedImporter/UnityEditor.QuickSearchModule:UnityEditor.Search:ASIAI0B' with importer (ScriptedImporter : UnityEditor.QuickSearchModule:UnityEditor.Search:ASIAI0B)
Imported 'GUID: 85dd7af03f02aea4aae13a3945e3b313' -> (Import Result ID: 'c961d478ef17b6c1fc34a29ba2005ebc') in 0.003 seconds [static and dynamic dependencies]. Details - ImportResultOutputID=36163b201a16a87ce83ca427252c2094 DependenciesID=999cdc94ef8182cf1f5d8afd61834f34 StaticDependenciesID=a790553942cfd83355e4d88b8654f8cb 
Number of updated asset objects reloaded before import = 0
Number of asset objects unloaded after import = 0
========================================================================
Received Import Request.
  Time of request: 2026-09-27T03:54:23.0017631Z
  Time since last request: 0.001322 seconds.
  importAddress: GUID: 1a4266815e998967becf686f9c71f0a6 - Path: Packages/com.unity.modules.physics/package.json - Importer: ScriptedImporter/UnityEditor.QuickSearchModule:UnityEditor.Search:ASIAI0B
Importing 'GUID: 1a4266815e998967becf686f9c71f0a6 - Path: Packages/com.unity.modules.physics/package.json - Importer: ScriptedImporter/UnityEditor.QuickSearchModule:UnityEditor.Search:ASIAI0B' with importer (ScriptedImporter : UnityEditor.QuickSearchModule:UnityEditor.Search:ASIAI0B)
Imported 'GUID: 1a4266815e998967becf686f9c71f0a6' -> (Import Result ID: 'bf9c86bcbde53daa58bf05291b41c504') in 0.002 seconds [static and dynamic dependencies]. Details - ImportResultOutputID=a8f90dd7649fdf9f6178efbcc0bf9912 DependenciesID=167379efa6d9c7f994bfd196b6b4bb75 StaticDependenciesID=d4376a5abac6d2aea7cbdb703c7de234 
Number of updated asset objects reloaded before import = 0
Number of asset objects unloaded after import = 1
========================================================================
Received Import Request.
  Time of request: 2026-09-27T03:54:23.0052907Z
  Time since last request: 0.0006904 seconds.
  importAddress: GUID: ec02776fe29df900b897106d61977735 - Path: Packages/com.unity.modules.director/package.json - Importer: ScriptedImporter/UnityEditor.QuickSearchModule:UnityEditor.Search:ASIAI0B
Importing 'GUID: ec02776fe29df900b897106d61977735 - Path: Packages/com.unity.modules.director/package.json - Importer: ScriptedImporter/UnityEditor.QuickSearchModule:UnityEditor.Search:ASIAI0B' with importer (ScriptedImporter : UnityEditor.QuickSearchModule:UnityEditor.Search:ASIAI0B)
Imported 'GUID: ec02776fe29df900b897106d61977735' -> (Import Result ID: 'ba5966411a9457734e1f2683df122ae4') in 0.003 seconds [static and dynamic dependencies]. Details - ImportResultOutputID=4d86796a93fa84318a1ec3ea8cbceb52 DependenciesID=fcf4bda4682ab5b55bde7d89e64a7a92 StaticDependenciesID=02eeaf90e45c2abc68db271f071230b5 
Number of updated asset objects reloaded before import = 0
Number of asset objects unloaded after import = 1
========================================================================
Received Import Request.
  Time of request: 2026-09-27T03:54:23.0102115Z
  Time since last request: 0.001082 seconds.
  importAddress: GUID: 71e7167b55a3448b38774a3bb6e05bac - Path: Packages/com.unity.modules.timelinefoundation/package.ModuleCompilationTrigger - Importer: ScriptedImporter/UnityEditor.QuickSearchModule:UnityEditor.Search:ASIAI0B
Importing 'GUID: 71e7167b55a3448b38774a3bb6e05bac - Path: Packages/com.unity.modules.timelinefoundation/package.ModuleCompilationTrigger - Importer: ScriptedImporter/UnityEditor.QuickSearchModule:UnityEditor.Search:ASIAI0B' with importer (ScriptedImporter : UnityEditor.QuickSearchModule:UnityEditor.Search:ASIAI0B)
Imported 'GUID: 71e7167b55a3448b38774a3bb6e05bac' -> (Import Result ID: 'e4953bce4516ef6db72637a9155e2cab') in 0.003 seconds [static and dynamic dependencies]. Details - ImportResultOutputID=b34f6b3435ffd31d6c2c3300ef1867ae DependenciesID=cc7bd7642dd3aa2895f9b9b6dece9f7a StaticDependenciesID=ac296b807c530984c5b5b5a042e9c4ba 
Number of updated asset objects reloaded before import = 0
Number of asset objects unloaded after import = 1
========================================================================
Received Import Request.
  Time of request: 2026-09-27T03:54:23.0139282Z
  Time since last request: 0.0005585 seconds.
  importAddress: GUID: c82e859b16636ddd2ca4a1f63fd34938 - Path: Packages/com.unity.modules.androidjni/package.ModuleCompilationTrigger - Importer: ScriptedImporter/UnityEditor.QuickSearchModule:UnityEditor.Search:ASIAI0B
Importing 'GUID: c82e859b16636ddd2ca4a1f63fd34938 - Path: Packages/com.unity.modules.androidjni/package.ModuleCompilationTrigger - Importer: ScriptedImporter/UnityEditor.QuickSearchModule:UnityEditor.Search:ASIAI0B' with importer (ScriptedImporter : UnityEditor.QuickSearchModule:UnityEditor.Search:ASIAI0B)
Imported 'GUID: c82e859b16636ddd2ca4a1f63fd34938' -> (Import Result ID: '8871cca351083e74268d41d45764cfbb') in 0.002 seconds [static and dynamic dependencies]. Details - ImportResultOutputID=3fd0c4785b0135dc863aeb01c5886c4c DependenciesID=75f96f0bf6f2364abf53309dd7445c09 StaticDependenciesID=8adfee647e63ae38f536ec72dd105921 
Number of updated asset objects reloaded before import = 0
Number of asset objects unloaded after import = 1
========================================================================
Received Import Request.
  Time of request: 2026-09-27T03:54:23.0172293Z
  Time since last request: 0.000595 seconds.
  importAddress: GUID: 559482fe33c79e44882d3a6cedc55fb5 - Path: Packages/com.unity.test-framework/UnityEditor.TestRunner/TestResultSerializer.cs - Importer: ScriptedImporter/UnityEditor.QuickSearchModule:UnityEditor.Search:ASIAI0B
Importing 'GUID: 559482fe33c79e44882d3a6cedc55fb5 - Path: Packages/com.unity.test-framework/UnityEditor.TestRunner/TestResultSerializer.cs - Importer: ScriptedImporter/UnityEditor.QuickSearchModule:UnityEditor.Search:ASIAI0B' with importer (ScriptedImporter : UnityEditor.QuickSearchModule:UnityEditor.Search:ASIAI0B)
Imported 'GUID: 559482fe33c79e44882d3a6cedc55fb5' -> (Import Result ID: 'e0c7064bb9015e4014a5fc53643aa352') in 0.002 seconds [static and dynamic dependencies]. Details - ImportResultOutputID=dd0a2b83b9c2393571ecae6fbb8075c6 DependenciesID=25bec215fbaf59240eac4519bbdd27a8 StaticDependenciesID=d01df6ab428f1eefb62515b659ba98ba 
Number of updated asset objects reloaded before import = 0
Number of asset objects unloaded after import = 0
========================================================================
Received Import Request.
  Time of request: 2026-09-27T03:54:23.0204104Z
  Time since last request: 0.0006211 seconds.
  importAddress: GUID: 4c413a81cadcce7038e446e56570117e - Path: Packages/com.unity.modules.adaptiveperformance/package.json - Importer: ScriptedImporter/UnityEditor.QuickSearchModule:UnityEditor.Search:ASIAI0B
Importing 'GUID: 4c413a81cadcce7038e446e56570117e - Path: Packages/com.unity.modules.adaptiveperformance/package.json - Importer: ScriptedImporter/UnityEditor.QuickSearchModule:UnityEditor.Search:ASIAI0B' with importer (ScriptedImporter : UnityEditor.QuickSearchModule:UnityEditor.Search:ASIAI0B)
Imported 'GUID: 4c413a81cadcce7038e446e56570117e' -> (Import Result ID: 'bf8e0624bfe5258af69d534c4a3e8aad') in 0.002 seconds [static and dynamic dependencies]. Details - ImportResultOutputID=8d9f4a75e042a22f0ef22d67800740f1 DependenciesID=0263b2690d7e3489f590e19572d1eccb StaticDependenciesID=a18db55a1f83cdcf28c8c4212ce36c58 
Number of updated asset objects reloaded before import = 0
Number of asset objects unloaded after import = 1
========================================================================
Received Import Request.
  Time of request: 2026-09-27T03:54:23.0238704Z
  Time since last request: 0.0005441 seconds.
  importAddress: GUID: eea34a28297f9bc4c9f4c573bc8d5d1c - Path: Packages/com.unity.test-framework/UnityEditor.TestRunner/Api/ExecutionSettings.cs - Importer: ScriptedImporter/UnityEditor.QuickSearchModule:UnityEditor.Search:ASIAI0B
Importing 'GUID: eea34a28297f9bc4c9f4c573bc8d5d1c - Path: Packages/com.unity.test-framework/UnityEditor.TestRunner/Api/ExecutionSettings.cs - Importer: ScriptedImporter/UnityEditor.QuickSearchModule:UnityEditor.Search:ASIAI0B' with importer (ScriptedImporter : UnityEditor.QuickSearchModule:UnityEditor.Search:ASIAI0B)
Imported 'GUID: eea34a28297f9bc4c9f4c573bc8d5d1c' -> (Import Result ID: '60aabfe774263782891c867fd8f9144a') in 0.002 seconds [static and dynamic dependencies]. Details - ImportResultOutputID=03d58d68645b0ab924b58912725a28a4 DependenciesID=d5304096857af5d322e9055d0862ae38 StaticDependenciesID=3c37d586308b37459de4fb7e9cf32eed 
Number of updated asset objects reloaded before import = 0
Number of asset objects unloaded after import = 0
========================================================================
Received Import Request.
  Time of request: 2026-09-27T03:54:23.0274427Z
  Time since last request: 0.0007917 seconds.
  importAddress: GUID: bd1af0a6633ee94ae21c7d1d702cdc12 - Path: Packages/com.unity.modules.androidjni/package.json - Importer: ScriptedImporter/UnityEditor.QuickSearchModule:UnityEditor.Search:ASIAI0B
Importing 'GUID: bd1af0a6633ee94ae21c7d1d702cdc12 - Path: Packages/com.unity.modules.androidjni/package.json - Importer: ScriptedImporter/UnityEditor.QuickSearchModule:UnityEditor.Search:ASIAI0B' with importer (ScriptedImporter : UnityEditor.QuickSearchModule:UnityEditor.Search:ASIAI0B)
Imported 'GUID: bd1af0a6633ee94ae21c7d1d702cdc12' -> (Import Result ID: '25770bc80062e4ffe25c8b1ad4947646') in 0.002 seconds [static and dynamic dependencies]. Details - ImportResultOutputID=2fef642d1f0f08a6ac0f8df09cb8239e DependenciesID=320f8955ddd7c849b98c83a0ad9f174f StaticDependenciesID=d5176ef797f4271a15cadb67e72d4d8b 
Number of updated asset objects reloaded before import = 0
Number of asset objects unloaded after import = 1
========================================================================
Received Import Request.
  Time of request: 2026-09-27T03:54:23.0304298Z
  Time since last request: 0.0005574 seconds.
  importAddress: GUID: 2479a4656ed89570ebd1de1fdda3dae5 - Path: Packages/com.unity.modules.timelinefoundation/package.json - Importer: ScriptedImporter/UnityEditor.QuickSearchModule:UnityEditor.Search:ASIAI0B
Importing 'GUID: 2479a4656ed89570ebd1de1fdda3dae5 - Path: Packages/com.unity.modules.timelinefoundation/package.json - Importer: ScriptedImporter/UnityEditor.QuickSearchModule:UnityEditor.Search:ASIAI0B' with importer (ScriptedImporter : UnityEditor.QuickSearchModule:UnityEditor.Search:ASIAI0B)
Imported 'GUID: 2479a4656ed89570ebd1de1fdda3dae5' -> (Import Result ID: '043fc4f6e2bb1c1b8a94cc904a1a28ac') in 0.003 seconds [static and dynamic dependencies]. Details - ImportResultOutputID=fb09a44efe2bd830845cd6f2c839e4e1 DependenciesID=99be3e5f7a5ffed558e7c734bae60fbb StaticDependenciesID=5bb9fd33c300529b9085bfe9b2258d17 
Number of updated asset objects reloaded before import = 0
Number of asset objects unloaded after import = 1
========================================================================
Received Import Request.
  Time of request: 2026-09-27T03:54:23.0344268Z
  Time since last request: 0.0006208 seconds.
  importAddress: GUID: 93eea84e53d0226479c9a584f19427b5 - Path: Packages/com.unity.test-framework/UnityEditor.TestRunner/Api/ICallbacks.cs - Importer: ScriptedImporter/UnityEditor.QuickSearchModule:UnityEditor.Search:ASIAI0B
Importing 'GUID: 93eea84e53d0226479c9a584f19427b5 - Path: Packages/com.unity.test-framework/UnityEditor.TestRunner/Api/ICallbacks.cs - Importer: ScriptedImporter/UnityEditor.QuickSearchModule:UnityEditor.Search:ASIAI0B' with importer (ScriptedImporter : UnityEditor.QuickSearchModule:UnityEditor.Search:ASIAI0B)
Imported 'GUID: 93eea84e53d0226479c9a584f19427b5' -> (Import Result ID: '12d94233a67d3f407efec249355cffa9') in 0.002 seconds [static and dynamic dependencies]. Details - ImportResultOutputID=4d8882eb76ba9fd18e859b268853eecf DependenciesID=31bed734f11ae4405bc21ec9e9072848 StaticDependenciesID=108209b9a89649ac93614e7082c76bff 
Number of updated asset objects reloaded before import = 0
Number of asset objects unloaded after import = 0
========================================================================
Received Import Request.
  Time of request: 2026-09-27T03:54:23.0387246Z
  Time since last request: 0.0015282 seconds.
  importAddress: GUID: 4dfcd3a631f61d248b7cc0b845d40345 - Path: Packages/com.unity.test-framework/UnityEditor.TestRunner/TestRunnerWindow.cs - Importer: ScriptedImporter/UnityEditor.QuickSearchModule:UnityEditor.Search:ASIAI0B
Importing 'GUID: 4dfcd3a631f61d248b7cc0b845d40345 - Path: Packages/com.unity.test-framework/UnityEditor.TestRunner/TestRunnerWindow.cs - Importer: ScriptedImporter/UnityEditor.QuickSearchModule:UnityEditor.Search:ASIAI0B' with importer (ScriptedImporter : UnityEditor.QuickSearchModule:UnityEditor.Search:ASIAI0B)
Imported 'GUID: 4dfcd3a631f61d248b7cc0b845d40345' -> (Import Result ID: '6bb08bfa36f0e3272eb48d534e2fee06') in 0.002 seconds [static and dynamic dependencies]. Details - ImportResultOutputID=18646e95c4f5b9b0b635cee1d5fad608 DependenciesID=a393ae2478442a89bd8688d4e2374530 StaticDependenciesID=2594b22c13b40af0a7654561c11efc0f 
Number of updated asset objects reloaded before import = 0
Number of asset objects unloaded after import = 0
========================================================================
Received Import Request.
  Time of request: 2026-09-27T03:54:23.0420914Z
  Time since last request: 0.0007074 seconds.
  importAddress: GUID: 1a06c562b0c5eb046bcb876a29f93c98 - Path: Packages/com.unity.test-framework/UnityEditor.TestRunner/Api/IErrorCallbacks.cs - Importer: ScriptedImporter/UnityEditor.QuickSearchModule:UnityEditor.Search:ASIAI0B
Importing 'GUID: 1a06c562b0c5eb046bcb876a29f93c98 - Path: Packages/com.unity.test-framework/UnityEditor.TestRunner/Api/IErrorCallbacks.cs - Importer: ScriptedImporter/UnityEditor.QuickSearchModule:UnityEditor.Search:ASIAI0B' with importer (ScriptedImporter : UnityEditor.QuickSearchModule:UnityEditor.Search:ASIAI0B)
Imported 'GUID: 1a06c562b0c5eb046bcb876a29f93c98' -> (Import Result ID: 'c24e16f30f602feaf37dc114f0b9ded5') in 0.003 seconds [static and dynamic dependencies]. Details - ImportResultOutputID=af76c3d0476bd367be38bf3898c1c029 DependenciesID=f29a8ce90cd2f71eadd3b32249284156 StaticDependenciesID=c9640bb1f27abde5c2ed8f51d9718fa2 
Number of updated asset objects reloaded before import = 0
Number of asset objects unloaded after import = 0
========================================================================
Received Import Request.
  Time of request: 2026-09-27T03:54:23.0462894Z
  Time since last request: 0.000938 seconds.
  importAddress: GUID: 7ef8348b8ea834d7e1bc214b07f7fb87 - Path: Packages/com.unity.modules.animation/package.json - Importer: ScriptedImporter/UnityEditor.QuickSearchModule:UnityEditor.Search:ASIAI0B
Importing 'GUID: 7ef8348b8ea834d7e1bc214b07f7fb87 - Path: Packages/com.unity.modules.animation/package.json - Importer: ScriptedImporter/UnityEditor.QuickSearchModule:UnityEditor.Search:ASIAI0B' with importer (ScriptedImporter : UnityEditor.QuickSearchModule:UnityEditor.Search:ASIAI0B)
Imported 'GUID: 7ef8348b8ea834d7e1bc214b07f7fb87' -> (Import Result ID: 'cfdf7bf920de9e9825bc52c258103450') in 0.002 seconds [static and dynamic dependencies]. Details - ImportResultOutputID=9e5504bf4b242cb2b6fb5dd95470cfe2 DependenciesID=a3102de225bb77a9c2c58b800f6e75e1 StaticDependenciesID=ff2727669353bf492e347617bb57b1d5 
Number of updated asset objects reloaded before import = 0
Number of asset objects unloaded after import = 1
========================================================================
Received Import Request.
  Time of request: 2026-09-27T03:54:23.04984Z
  Time since last request: 0.0008797 seconds.
  importAddress: GUID: 082fbee38a82835433261a5e9c00e267 - Path: Packages/com.unity.modules.cloth/package.ModuleCompilationTrigger - Importer: ScriptedImporter/UnityEditor.QuickSearchModule:UnityEditor.Search:ASIAI0B
Importing 'GUID: 082fbee38a82835433261a5e9c00e267 - Path: Packages/com.unity.modules.cloth/package.ModuleCompilationTrigger - Importer: ScriptedImporter/UnityEditor.QuickSearchModule:UnityEditor.Search:ASIAI0B' with importer (ScriptedImporter : UnityEditor.QuickSearchModule:UnityEditor.Search:ASIAI0B)
Imported 'GUID: 082fbee38a82835433261a5e9c00e267' -> (Import Result ID: '560c5d1f26f1ceb627d8fdce5047ca3b') in 0.002 seconds [static and dynamic dependencies]. Details - ImportResultOutputID=2d71b0f086ebe7ae3b7151243cb5ea97 DependenciesID=a6dc691356ea2f35ff92131506ad6ca7 StaticDependenciesID=4c7d4c692496043406c9319c95135a54 
Number of updated asset objects reloaded before import = 0
Number of asset objects unloaded after import = 1
========================================================================
Received Import Request.
  Time of request: 2026-09-27T03:54:23.0526808Z
  Time since last request: 0.0005821 seconds.
  importAddress: GUID: b5930dbc378b45d406aeb881f06b6dfa - Path: Packages/com.unity.modules.physicscore2d/package.json - Importer: ScriptedImporter/UnityEditor.QuickSearchModule:UnityEditor.Search:ASIAI0B
Importing 'GUID: b5930dbc378b45d406aeb881f06b6dfa - Path: Packages/com.unity.modules.physicscore2d/package.json - Importer: ScriptedImporter/UnityEditor.QuickSearchModule:UnityEditor.Search:ASIAI0B' with importer (ScriptedImporter : UnityEditor.QuickSearchModule:UnityEditor.Search:ASIAI0B)
Imported 'GUID: b5930dbc378b45d406aeb881f06b6dfa' -> (Import Result ID: 'f52b05c7e7b801b5eb13e7211da8ce3f') in 0.002 seconds [static and dynamic dependencies]. Details - ImportResultOutputID=4be4896b0222b0e0f9cd19eac46b79b4 DependenciesID=3220f3e570cc06124c0bb072c3629fb0 StaticDependenciesID=b3081c6ac49ff2a1492c0176b73f4cff 
Number of updated asset objects reloaded before import = 0
Number of asset objects unloaded after import = 1
========================================================================
Received Import Request.
  Time of request: 2026-09-27T03:54:23.0558003Z
  Time since last request: 0.0005226 seconds.
  importAddress: GUID: 51fa60bb2bd1e5bc74e8cc95a7bfd5b7 - Path: Packages/com.unity.modules.ui/package.ModuleCompilationTrigger - Importer: ScriptedImporter/UnityEditor.QuickSearchModule:UnityEditor.Search:ASIAI0B
Importing 'GUID: 51fa60bb2bd1e5bc74e8cc95a7bfd5b7 - Path: Packages/com.unity.modules.ui/package.ModuleCompilationTrigger - Importer: ScriptedImporter/UnityEditor.QuickSearchModule:UnityEditor.Search:ASIAI0B' with importer (ScriptedImporter : UnityEditor.QuickSearchModule:UnityEditor.Search:ASIAI0B)
Imported 'GUID: 51fa60bb2bd1e5bc74e8cc95a7bfd5b7' -> (Import Result ID: '9c65472ef4675a44d30bf5f9648b39bb') in 0.002 seconds [static and dynamic dependencies]. Details - ImportResultOutputID=c768dbf5e59c9baf8bbe27d926fe2864 DependenciesID=3208cff6e7212a02f93689a05f0032bb StaticDependenciesID=fac88275647d29816a537a3eeae61075 
Number of updated asset objects reloaded before import = 0
Number of asset objects unloaded after import = 1
========================================================================
Received Import Request.
  Time of request: 2026-09-27T03:54:23.0591642Z
  Time since last request: 0.0006042 seconds.
  importAddress: GUID: d742f2caefd9f934d9f19dad07a08e6f - Path: Packages/com.unity.test-framework/UnityEditor.TestRunner/Api/ICallbacksHolder.cs - Importer: ScriptedImporter/UnityEditor.QuickSearchModule:UnityEditor.Search:ASIAI0B
Importing 'GUID: d742f2caefd9f934d9f19dad07a08e6f - Path: Packages/com.unity.test-framework/UnityEditor.TestRunner/Api/ICallbacksHolder.cs - Importer: ScriptedImporter/UnityEditor.QuickSearchModule:UnityEditor.Search:ASIAI0B' with importer (ScriptedImporter : UnityEditor.QuickSearchModule:UnityEditor.Search:ASIAI0B)
Imported 'GUID: d742f2caefd9f934d9f19dad07a08e6f' -> (Import Result ID: 'f9d35485cab633e19c564f184ba2fd61') in 0.003 seconds [static and dynamic dependencies]. Details - ImportResultOutputID=8a7f7714e26863825ba529789897d6e4 DependenciesID=c7f980f1620c0393757284d2cbec1ad3 StaticDependenciesID=9a951b2fd36e9b4538e813a18644680c 
Number of updated asset objects reloaded before import = 0
Number of asset objects unloaded after import = 0
========================================================================
Received Import Request.
  Time of request: 2026-09-27T03:54:23.0628001Z
  Time since last request: 0.000624 seconds.
  importAddress: GUID: cd561f5f687aed43bf280c27a84f79e3 - Path: Packages/com.unity.modules.screencapture/package.ModuleCompilationTrigger - Importer: ScriptedImporter/UnityEditor.QuickSearchModule:UnityEditor.Search:ASIAI0B
Importing 'GUID: cd561f5f687aed43bf280c27a84f79e3 - Path: Packages/com.unity.modules.screencapture/package.ModuleCompilationTrigger - Importer: ScriptedImporter/UnityEditor.QuickSearchModule:UnityEditor.Search:ASIAI0B' with importer (ScriptedImporter : UnityEditor.QuickSearchModule:UnityEditor.Search:ASIAI0B)
Imported 'GUID: cd561f5f687aed43bf280c27a84f79e3' -> (Import Result ID: '1f83d2f7c5c0561a63af43e5ca675c13') in 0.002 seconds [static and dynamic dependencies]. Details - ImportResultOutputID=c6fd8fb953c783f6b06be7b3452846ca DependenciesID=29f82e425b39f5f330016d02617b0c35 StaticDependenciesID=162f93a00e2a123259d0204ed40754aa 
Number of updated asset objects reloaded before import = 0
Number of asset objects unloaded after import = 1
========================================================================
Received Import Request.
  Time of request: 2026-09-27T03:54:23.0661423Z
  Time since last request: 0.0007273 seconds.
  importAddress: GUID: b83f06ac0c0696e9563230865ca72b81 - Path: Packages/com.unity.modules.wind/package.json - Importer: ScriptedImporter/UnityEditor.QuickSearchModule:UnityEditor.Search:ASIAI0B
Importing 'GUID: b83f06ac0c0696e9563230865ca72b81 - Path: Packages/com.unity.modules.wind/package.json - Importer: ScriptedImporter/UnityEditor.QuickSearchModule:UnityEditor.Search:ASIAI0B' with importer (ScriptedImporter : UnityEditor.QuickSearchModule:UnityEditor.Search:ASIAI0B)
Imported 'GUID: b83f06ac0c0696e9563230865ca72b81' -> (Import Result ID: 'a1bd230b7d609968bbba3a3b169f4f97') in 0.003 seconds [static and dynamic dependencies]. Details - ImportResultOutputID=ed51888a53b674ee486c877054b954d9 DependenciesID=6736bafe66874d22a110e6bdc844aa55 StaticDependenciesID=74c64a840e7b46c615e9a629dec1a759 
Number of updated asset objects reloaded before import = 0
Number of asset objects unloaded after import = 1
========================================================================
Received Import Request.
  Time of request: 2026-09-27T03:54:23.0697931Z
  Time since last request: 0.0004949 seconds.
  importAddress: GUID: 4bf139fc5e9d9240edc107e25d67d398 - Path: Packages/com.unity.modules.tetgen/package.ModuleCompilationTrigger - Importer: ScriptedImporter/UnityEditor.QuickSearchModule:UnityEditor.Search:ASIAI0B
Importing 'GUID: 4bf139fc5e9d9240edc107e25d67d398 - Path: Packages/com.unity.modules.tetgen/package.ModuleCompilationTrigger - Importer: ScriptedImporter/UnityEditor.QuickSearchModule:UnityEditor.Search:ASIAI0B' with importer (ScriptedImporter : UnityEditor.QuickSearchModule:UnityEditor.Search:ASIAI0B)
Imported 'GUID: 4bf139fc5e9d9240edc107e25d67d398' -> (Import Result ID: 'a81a598cd326e327d05265f6c2237bae') in 0.002 seconds [static and dynamic dependencies]. Details - ImportResultOutputID=463b6c3c61425f148e8d60ace0c302d6 DependenciesID=902036a70a261f814bd1701ebecbe7be StaticDependenciesID=0aba2ad9dbaf71cd103f483849d12d8a 
Number of updated asset objects reloaded before import = 0
Number of asset objects unloaded after import = 1
========================================================================
Received Import Request.
  Time of request: 2026-09-27T03:54:23.0730002Z
  Time since last request: 0.0006986 seconds.
  importAddress: GUID: 803abab0f7e17044db56f8760186dbd1 - Path: Packages/com.unity.test-framework/UnityEditor.TestRunner/Api/ITestAdaptorFactory.cs - Importer: ScriptedImporter/UnityEditor.QuickSearchModule:UnityEditor.Search:ASIAI0B
Importing 'GUID: 803abab0f7e17044db56f8760186dbd1 - Path: Packages/com.unity.test-framework/UnityEditor.TestRunner/Api/ITestAdaptorFactory.cs - Importer: ScriptedImporter/UnityEditor.QuickSearchModule:UnityEditor.Search:ASIAI0B' with importer (ScriptedImporter : UnityEditor.QuickSearchModule:UnityEditor.Search:ASIAI0B)
Imported 'GUID: 803abab0f7e17044db56f8760186dbd1' -> (Import Result ID: '63a25e3f3e95b022113a0d6f5438347e') in 0.002 seconds [static and dynamic dependencies]. Details - ImportResultOutputID=45da2897d8a9ce89ebf2292660961cd9 DependenciesID=a89454326f90bdb3695f97cd089edaf5 StaticDependenciesID=36f1c9b195c240d7236beaf607f6f95e 
Number of updated asset objects reloaded before import = 0
Number of asset objects unloaded after import = 0
========================================================================
Received Import Request.
  Time of request: 2026-09-27T03:54:23.0756882Z
  Time since last request: 0.0005663 seconds.
  importAddress: GUID: 14e86f88e9a8c9c448d7e7df92f2aeec - Path: Packages/com.unity.modules.physicscore2d/package.ModuleCompilationTrigger - Importer: ScriptedImporter/UnityEditor.QuickSearchModule:UnityEditor.Search:ASIAI0B
Importing 'GUID: 14e86f88e9a8c9c448d7e7df92f2aeec - Path: Packages/com.unity.modules.physicscore2d/package.ModuleCompilationTrigger - Importer: ScriptedImporter/UnityEditor.QuickSearchModule:UnityEditor.Search:ASIAI0B' with importer (ScriptedImporter : UnityEditor.QuickSearchModule:UnityEditor.Search:ASIAI0B)
Imported 'GUID: 14e86f88e9a8c9c448d7e7df92f2aeec' -> (Import Result ID: '78e670085febb5d02c808b1c35a33de3') in 0.002 seconds [static and dynamic dependencies]. Details - ImportResultOutputID=de0ed4dc0f8a64b0fefb975cc8780243 DependenciesID=22b42ea3f339598c8428127fc34126e0 StaticDependenciesID=8d5f929f11d2909ebd5271714ae17279 
Number of updated asset objects reloaded before import = 0
Number of asset objects unloaded after import = 1
========================================================================
Received Import Request.
  Time of request: 2026-09-27T03:54:23.0785317Z
  Time since last request: 0.0005679 seconds.
  importAddress: GUID: 0acc523941302664db1f4e527237feb3 - Path: Packages/com.unity.test-framework/UnityEditor.TestRunner/UnityEditor.TestRunner.asmdef - Importer: ScriptedImporter/UnityEditor.QuickSearchModule:UnityEditor.Search:ASIAI0B
Importing 'GUID: 0acc523941302664db1f4e527237feb3 - Path: Packages/com.unity.test-framework/UnityEditor.TestRunner/UnityEditor.TestRunner.asmdef - Importer: ScriptedImporter/UnityEditor.QuickSearchModule:UnityEditor.Search:ASIAI0B' with importer (ScriptedImporter : UnityEditor.QuickSearchModule:UnityEditor.Search:ASIAI0B)
Imported 'GUID: 0acc523941302664db1f4e527237feb3' -> (Import Result ID: '093a17e6b07d73cb454dbb9c17e010c4') in 0.002 seconds [static and dynamic dependencies]. Details - ImportResultOutputID=38b4634e9470184be9cca52baf934d16 DependenciesID=9c660c152099a303ed7116dbae15f2fe StaticDependenciesID=545aa96a9060bf4040c7d384995f9c97 
Number of updated asset objects reloaded before import = 0
Number of asset objects unloaded after import = 1
========================================================================
Received Import Request.
  Time of request: 2026-09-27T03:54:23.0817467Z
  Time since last request: 0.0006335 seconds.
  importAddress: GUID: c88e90bad18cceb5d182d0c805883056 - Path: Packages/com.unity.modules.director/package.ModuleCompilationTrigger - Importer: ScriptedImporter/UnityEditor.QuickSearchModule:UnityEditor.Search:ASIAI0B
Importing 'GUID: c88e90bad18cceb5d182d0c805883056 - Path: Packages/com.unity.modules.director/package.ModuleCompilationTrigger - Importer: ScriptedImporter/UnityEditor.QuickSearchModule:UnityEditor.Search:ASIAI0B' with importer (ScriptedImporter : UnityEditor.QuickSearchModule:UnityEditor.Search:ASIAI0B)
Imported 'GUID: c88e90bad18cceb5d182d0c805883056' -> (Import Result ID: 'b7d01e434899384efd19497039a67621') in 0.002 seconds [static and dynamic dependencies]. Details - ImportResultOutputID=0b9416682d03694f4dc69446df304593 DependenciesID=7df2d76eac2725dd03aeac05c454ed57 StaticDependenciesID=31cd5055cde6816c9ffe288108ab0437 
Number of updated asset objects reloaded before import = 0
Number of asset objects unloaded after import = 1
========================================================================
Received Import Request.
  Time of request: 2026-09-27T03:54:23.0845499Z
  Time since last request: 0.0008961 seconds.
  importAddress: GUID: cb67edc1800c2ec4ba8dfb1cf0dfc84a - Path: Packages/com.unity.ide.visualstudio/Editor/COMIntegration/Release/COMIntegration.exe - Importer: ScriptedImporter/UnityEditor.QuickSearchModule:UnityEditor.Search:ASIAI0B
Importing 'GUID: cb67edc1800c2ec4ba8dfb1cf0dfc84a - Path: Packages/com.unity.ide.visualstudio/Editor/COMIntegration/Release/COMIntegration.exe - Importer: ScriptedImporter/UnityEditor.QuickSearchModule:UnityEditor.Search:ASIAI0B' with importer (ScriptedImporter : UnityEditor.QuickSearchModule:UnityEditor.Search:ASIAI0B)
Imported 'GUID: cb67edc1800c2ec4ba8dfb1cf0dfc84a' -> (Import Result ID: '02948c777fe67ff87138d631d3e832e2') in 0.002 seconds [static and dynamic dependencies]. Details - ImportResultOutputID=301f10e5c8b417091b6728809c1409f4 DependenciesID=d5c8c05f0dfc2e0186459e98b1381520 StaticDependenciesID=4b63f43a872cfd2b339f719435d3367e 
Number of updated asset objects reloaded before import = 0
Number of asset objects unloaded after import = 1
========================================================================
Received Import Request.
  Time of request: 2026-09-27T03:54:23.0870918Z
  Time since last request: 0.0006472 seconds.
  importAddress: GUID: 42fe78c8fe682715a2cb531422e6ccb3 - Path: Packages/com.unity.modules.imgui/package.json - Importer: ScriptedImporter/UnityEditor.QuickSearchModule:UnityEditor.Search:ASIAI0B
Importing 'GUID: 42fe78c8fe682715a2cb531422e6ccb3 - Path: Packages/com.unity.modules.imgui/package.json - Importer: ScriptedImporter/UnityEditor.QuickSearchModule:UnityEditor.Search:ASIAI0B' with importer (ScriptedImporter : UnityEditor.QuickSearchModule:UnityEditor.Search:ASIAI0B)
Imported 'GUID: 42fe78c8fe682715a2cb531422e6ccb3' -> (Import Result ID: 'b38619eabd3943c68e284e3525d3d250') in 0.002 seconds [static and dynamic dependencies]. Details - ImportResultOutputID=996425909a17c3ec25ec9d7914551d65 DependenciesID=41800095b53d39e0887a3f44fe914862 StaticDependenciesID=8c21ccae83331d57204548441a0bf336 
Number of updated asset objects reloaded before import = 0
Number of asset objects unloaded after import = 1
========================================================================
Received Import Request.
  Time of request: 2026-09-27T03:54:23.0903629Z
  Time since last request: 0.0005848 seconds.
  importAddress: GUID: 0de03ebd74e2b474fa23d05ab42d0cd8 - Path: Packages/com.unity.test-framework/UnityEditor.TestRunner/Api/CallbacksDelegator.cs - Importer: ScriptedImporter/UnityEditor.QuickSearchModule:UnityEditor.Search:ASIAI0B
Importing 'GUID: 0de03ebd74e2b474fa23d05ab42d0cd8 - Path: Packages/com.unity.test-framework/UnityEditor.TestRunner/Api/CallbacksDelegator.cs - Importer: ScriptedImporter/UnityEditor.QuickSearchModule:UnityEditor.Search:ASIAI0B' with importer (ScriptedImporter : UnityEditor.QuickSearchModule:UnityEditor.Search:ASIAI0B)
Imported 'GUID: 0de03ebd74e2b474fa23d05ab42d0cd8' -> (Import Result ID: '8e0cc9296fef5ae8aeb8a97be5f61133') in 0.002 seconds [static and dynamic dependencies]. Details - ImportResultOutputID=128e5a54a42debd8a1196fcc7921866b DependenciesID=f6a1c82e616231b31ef8427143fa63ab StaticDependenciesID=6956a6c37efa0ac0f4af8f0121757ab2 
Number of updated asset objects reloaded before import = 0
Number of asset objects unloaded after import = 0
========================================================================
Received Import Request.
  Time of request: 2026-09-27T03:54:23.0927998Z
  Time since last request: 0.0005519 seconds.
  importAddress: GUID: 8f8f74fe8e363da42875d9cab025d3b2 - Path: Packages/com.unity.test-framework/UnityEditor.TestRunner/Api/ICallbacksDelegator.cs - Importer: ScriptedImporter/UnityEditor.QuickSearchModule:UnityEditor.Search:ASIAI0B
Importing 'GUID: 8f8f74fe8e363da42875d9cab025d3b2 - Path: Packages/com.unity.test-framework/UnityEditor.TestRunner/Api/ICallbacksDelegator.cs - Importer: ScriptedImporter/UnityEditor.QuickSearchModule:UnityEditor.Search:ASIAI0B' with importer (ScriptedImporter : UnityEditor.QuickSearchModule:UnityEditor.Search:ASIAI0B)
Imported 'GUID: 8f8f74fe8e363da42875d9cab025d3b2' -> (Import Result ID: '44410e87cfe5d5dcd2d73a74188214d2') in 0.002 seconds [static and dynamic dependencies]. Details - ImportResultOutputID=4a60517fd5f4bd1c97b2b70e92b3a4b3 DependenciesID=2fed192f48a5b27096863a635abe045e StaticDependenciesID=7954d5009055c5c5564f56de736ff009 
Number of updated asset objects reloaded before import = 0
Number of asset objects unloaded after import = 0
========================================================================
Received Import Request.
  Time of request: 2026-09-27T03:54:23.0954742Z
  Time since last request: 0.0007196 seconds.
  importAddress: GUID: 906c12bc9cd95d3963c6d58f62522c78 - Path: Packages/com.unity.modules.cloth/package.json - Importer: ScriptedImporter/UnityEditor.QuickSearchModule:UnityEditor.Search:ASIAI0B
Importing 'GUID: 906c12bc9cd95d3963c6d58f62522c78 - Path: Packages/com.unity.modules.cloth/package.json - Importer: ScriptedImporter/UnityEditor.QuickSearchModule:UnityEditor.Search:ASIAI0B' with importer (ScriptedImporter : UnityEditor.QuickSearchModule:UnityEditor.Search:ASIAI0B)
Imported 'GUID: 906c12bc9cd95d3963c6d58f62522c78' -> (Import Result ID: '0b753d56aa21b1a4f3e255faf6299f99') in 0.001 seconds [static and dynamic dependencies]. Details - ImportResultOutputID=cf0aec635f4ad48e96edb84229c50556 DependenciesID=20b86ed744f10286b83d666afe4b829e StaticDependenciesID=e4f5d254dabbfcded0a5350fa40ba604 
Number of updated asset objects reloaded before import = 0
Number of asset objects unloaded after import = 1
========================================================================
Received Import Request.
  Time of request: 2026-09-27T03:54:23.0977746Z
  Time since last request: 0.0005848 seconds.
  importAddress: GUID: cc22cc13b69c1094c85e176c008b9ef8 - Path: Packages/com.unity.test-framework/UnityEngine.TestRunner/AssemblyInfo.cs - Importer: ScriptedImporter/UnityEditor.QuickSearchModule:UnityEditor.Search:ASIAI0B
Importing 'GUID: cc22cc13b69c1094c85e176c008b9ef8 - Path: Packages/com.unity.test-framework/UnityEngine.TestRunner/AssemblyInfo.cs - Importer: ScriptedImporter/UnityEditor.QuickSearchModule:UnityEditor.Search:ASIAI0B' with importer (ScriptedImporter : UnityEditor.QuickSearchModule:UnityEditor.Search:ASIAI0B)
Imported 'GUID: cc22cc13b69c1094c85e176c008b9ef8' -> (Import Result ID: '987dac3596df8126143619820e4e2188') in 0.002 seconds [static and dynamic dependencies]. Details - ImportResultOutputID=4b5c3b513087f4e3abc7319deb3c7a59 DependenciesID=9eb38734df1bb54bdf36390a01eb6ec2 StaticDependenciesID=f53d9b64040c6551589986c6e2ca8099 
Number of updated asset objects reloaded before import = 0
Number of asset objects unloaded after import = 0
========================================================================
Received Import Request.
  Time of request: 2026-09-27T03:54:23.1004897Z
  Time since last request: 0.000542 seconds.
  importAddress: GUID: 71136fc5cf34f2cc10be0e33c0b08019 - Path: Packages/com.unity.modules.unityanalytics/package.ModuleCompilationTrigger - Importer: ScriptedImporter/UnityEditor.QuickSearchModule:UnityEditor.Search:ASIAI0B
Importing 'GUID: 71136fc5cf34f2cc10be0e33c0b08019 - Path: Packages/com.unity.modules.unityanalytics/package.ModuleCompilationTrigger - Importer: ScriptedImporter/UnityEditor.QuickSearchModule:UnityEditor.Search:ASIAI0B' with importer (ScriptedImporter : UnityEditor.QuickSearchModule:UnityEditor.Search:ASIAI0B)
Imported 'GUID: 71136fc5cf34f2cc10be0e33c0b08019' -> (Import Result ID: 'b2fd5ee5dc8d979fd4f53abfdfd0028d') in 0.002 seconds [static and dynamic dependencies]. Details - ImportResultOutputID=c99709f0b046db0368e703fd79133f99 DependenciesID=eb06d6fd3d3f02ac2f113277ad8b336b StaticDependenciesID=8507865ad451bfbe28783b12d3cc641d 
Number of updated asset objects reloaded before import = 0
Number of asset objects unloaded after import = 1
========================================================================
Received Import Request.
  Time of request: 2026-09-27T03:54:23.1033919Z
  Time since last request: 0.0004698 seconds.
  importAddress: GUID: a785dd14005a471483d6732fabeee0ea - Path: Packages/com.unity.test-framework/UnityEditor.TestRunner/Api/IgnoreTest.cs - Importer: ScriptedImporter/UnityEditor.QuickSearchModule:UnityEditor.Search:ASIAI0B
Importing 'GUID: a785dd14005a471483d6732fabeee0ea - Path: Packages/com.unity.test-framework/UnityEditor.TestRunner/Api/IgnoreTest.cs - Importer: ScriptedImporter/UnityEditor.QuickSearchModule:UnityEditor.Search:ASIAI0B' with importer (ScriptedImporter : UnityEditor.QuickSearchModule:UnityEditor.Search:ASIAI0B)
Imported 'GUID: a785dd14005a471483d6732fabeee0ea' -> (Import Result ID: '2353869d267ce8e5de96904b36a1ddc6') in 0.002 seconds [static and dynamic dependencies]. Details - ImportResultOutputID=5ccb1db58af68dc4ae60c71df05a8c21 DependenciesID=b3f8b3682d51a2ed9546bbd40baa599f StaticDependenciesID=57d2823d25f02ad23dc3d96601ae3177 
Number of updated asset objects reloaded before import = 0
Number of asset objects unloaded after import = 0
========================================================================
Received Import Request.
  Time of request: 2026-09-27T03:54:23.1060119Z
  Time since last request: 0.0005383 seconds.
  importAddress: GUID: 1af35a910338381f753e8a985eb5daab - Path: Packages/com.unity.modules.adaptiveperformance/package.ModuleCompilationTrigger - Importer: ScriptedImporter/UnityEditor.QuickSearchModule:UnityEditor.Search:ASIAI0B
Importing 'GUID: 1af35a910338381f753e8a985eb5daab - Path: Packages/com.unity.modules.adaptiveperformance/package.ModuleCompilationTrigger - Importer: ScriptedImporter/UnityEditor.QuickSearchModule:UnityEditor.Search:ASIAI0B' with importer (ScriptedImporter : UnityEditor.QuickSearchModule:UnityEditor.Search:ASIAI0B)
Imported 'GUID: 1af35a910338381f753e8a985eb5daab' -> (Import Result ID: '2c0d54728dbdb783a13699f9052812d3') in 0.002 seconds [static and dynamic dependencies]. Details - ImportResultOutputID=789d878b64d2d1984bbc5b0b9f2f436c DependenciesID=644d62ef7393b679f25b3cad26361fd9 StaticDependenciesID=240968e60e77e5aecfdc998497fedb23 
Number of updated asset objects reloaded before import = 0
Number of asset objects unloaded after import = 1
========================================================================
Received Import Request.
  Time of request: 2026-09-27T03:54:23.1086667Z
  Time since last request: 0.0005022 seconds.
  importAddress: GUID: 4884ccc3528cb2e40a0e6f0a19a2b35b - Path: Packages/com.unity.test-framework/UnityEditor.TestRunner/Api/CallbacksHolder.cs - Importer: ScriptedImporter/UnityEditor.QuickSearchModule:UnityEditor.Search:ASIAI0B
Importing 'GUID: 4884ccc3528cb2e40a0e6f0a19a2b35b - Path: Packages/com.unity.test-framework/UnityEditor.TestRunner/Api/CallbacksHolder.cs - Importer: ScriptedImporter/UnityEditor.QuickSearchModule:UnityEditor.Search:ASIAI0B' with importer (ScriptedImporter : UnityEditor.QuickSearchModule:UnityEditor.Search:ASIAI0B)
Imported 'GUID: 4884ccc3528cb2e40a0e6f0a19a2b35b' -> (Import Result ID: '6a9efa64f3b83aa3c5ea2fca2590eae6') in 0.002 seconds [static and dynamic dependencies]. Details - ImportResultOutputID=d4e7c22f7f119a3e9d49cb5265d877eb DependenciesID=c7f6f4deaa07e34adf076b5bf2f538b0 StaticDependenciesID=7df732efdf87224a9187459c44a44317 
Number of updated asset objects reloaded before import = 0
Number of asset objects unloaded after import = 0
========================================================================
Received Import Request.
  Time of request: 2026-09-27T03:54:23.1116277Z
  Time since last request: 0.0008456 seconds.
  importAddress: GUID: 05f92e4a2414cb144a92157752dfa324 - Path: Packages/com.unity.test-framework/UnityEditor.TestRunner/Api/Filter.cs - Importer: ScriptedImporter/UnityEditor.QuickSearchModule:UnityEditor.Search:ASIAI0B
Importing 'GUID: 05f92e4a2414cb144a92157752dfa324 - Path: Packages/com.unity.test-framework/UnityEditor.TestRunner/Api/Filter.cs - Importer: ScriptedImporter/UnityEditor.QuickSearchModule:UnityEditor.Search:ASIAI0B' with importer (ScriptedImporter : UnityEditor.QuickSearchModule:UnityEditor.Search:ASIAI0B)
Imported 'GUID: 05f92e4a2414cb144a92157752dfa324' -> (Import Result ID: 'a423cb4f2e0a2cbc079ca04b2d60e5de') in 0.002 seconds [static and dynamic dependencies]. Details - ImportResultOutputID=0b7c0d9913c585993b0c95c4e138b15c DependenciesID=c45ce1e6588e79780adc98f52181aef9 StaticDependenciesID=60c9d2d5f92c0f9c549a7b45435fd27e 
Number of updated asset objects reloaded before import = 0
Number of asset objects unloaded after import = 0
========================================================================
Received Import Request.
  Time of request: 2026-09-27T03:54:23.1149806Z
  Time since last request: 0.0007392 seconds.
  importAddress: GUID: 2adec19fac7df68adf1fd6eb83197bb1 - Path: Packages/com.unity.modules.wind/package.ModuleCompilationTrigger - Importer: ScriptedImporter/UnityEditor.QuickSearchModule:UnityEditor.Search:ASIAI0B
Importing 'GUID: 2adec19fac7df68adf1fd6eb83197bb1 - Path: Packages/com.unity.modules.wind/package.ModuleCompilationTrigger - Importer: ScriptedImporter/UnityEditor.QuickSearchModule:UnityEditor.Search:ASIAI0B' with importer (ScriptedImporter : UnityEditor.QuickSearchModule:UnityEditor.Search:ASIAI0B)
Imported 'GUID: 2adec19fac7df68adf1fd6eb83197bb1' -> (Import Result ID: 'cbd6060dc01a3002ae81d3e01350e9d3') in 0.002 seconds [static and dynamic dependencies]. Details - ImportResultOutputID=ac17433f79e0b3b783e75043b84a7ac3 DependenciesID=c05b6eeb8f778b05dc504c7d54ab24c1 StaticDependenciesID=7d6377f0c2e07b3fdbd76e5e99217c9c 
Number of updated asset objects reloaded before import = 0
Number of asset objects unloaded after import = 1
========================================================================
Received Import Request.
  Time of request: 2026-09-27T03:54:23.1184125Z
  Time since last request: 0.0006651 seconds.
  importAddress: GUID: bfd567a3d1631a761bca9e99fa53d86d - Path: Packages/com.unity.modules.ui/package.json - Importer: ScriptedImporter/UnityEditor.QuickSearchModule:UnityEditor.Search:ASIAI0B
Importing 'GUID: bfd567a3d1631a761bca9e99fa53d86d - Path: Packages/com.unity.modules.ui/package.json - Importer: ScriptedImporter/UnityEditor.QuickSearchModule:UnityEditor.Search:ASIAI0B' with importer (ScriptedImporter : UnityEditor.QuickSearchModule:UnityEditor.Search:ASIAI0B)
Imported 'GUID: bfd567a3d1631a761bca9e99fa53d86d' -> (Import Result ID: '30f48c1f8d74dd89c8d18a346c3bb337') in 0.002 seconds [static and dynamic dependencies]. Details - ImportResultOutputID=f0e12371de0a01fcd209ae1041b1f4b1 DependenciesID=3b76b855b8d5889ff66709a47f077cb0 StaticDependenciesID=527c6c7bdd026b4fe5d73a6d3bd673b4 
Number of updated asset objects reloaded before import = 0
Number of asset objects unloaded after import = 1
========================================================================
Received Import Request.
  Time of request: 2026-09-27T03:54:23.1217423Z
  Time since last request: 0.0004592 seconds.
  importAddress: GUID: 26a4f29db434fd79025c91f6126382cc - Path: Packages/com.unity.modules.unityanalytics/package.json - Importer: ScriptedImporter/UnityEditor.QuickSearchModule:UnityEditor.Search:ASIAI0B
Importing 'GUID: 26a4f29db434fd79025c91f6126382cc - Path: Packages/com.unity.modules.unityanalytics/package.json - Importer: ScriptedImporter/UnityEditor.QuickSearchModule:UnityEditor.Search:ASIAI0B' with importer (ScriptedImporter : UnityEditor.QuickSearchModule:UnityEditor.Search:ASIAI0B)
Imported 'GUID: 26a4f29db434fd79025c91f6126382cc' -> (Import Result ID: '7ed1a4f254e80b1eeded6898c1e284cf') in 0.002 seconds [static and dynamic dependencies]. Details - ImportResultOutputID=03106cf9922b0e91680d3083904112fc DependenciesID=6b82500443e5b3526d697aba2a680102 StaticDependenciesID=6f60170cfa0ce512ddb616ebe8b1a8a5 
Number of updated asset objects reloaded before import = 0
Number of asset objects unloaded after import = 1
========================================================================
Received Import Request.
  Time of request: 2026-09-27T03:54:23.1246601Z
  Time since last request: 0.0005588 seconds.
  importAddress: GUID: d2146428d3f1ad54eb7326c9a44b3284 - Path: Packages/com.unity.test-framework/UnityEditor.TestRunner/RequirePlatformSupportAttribute.cs - Importer: ScriptedImporter/UnityEditor.QuickSearchModule:UnityEditor.Search:ASIAI0B
Importing 'GUID: d2146428d3f1ad54eb7326c9a44b3284 - Path: Packages/com.unity.test-framework/UnityEditor.TestRunner/RequirePlatformSupportAttribute.cs - Importer: ScriptedImporter/UnityEditor.QuickSearchModule:UnityEditor.Search:ASIAI0B' with importer (ScriptedImporter : UnityEditor.QuickSearchModule:UnityEditor.Search:ASIAI0B)
Imported 'GUID: d2146428d3f1ad54eb7326c9a44b3284' -> (Import Result ID: 'dfdf9a0eb03ada4c5e9a2e59f9c5068a') in 0.002 seconds [static and dynamic dependencies]. Details - ImportResultOutputID=da0119c622567d3a26869c90b871868b DependenciesID=e1f32c5f560a3bc8201c49361cd0e5f5 StaticDependenciesID=9946ec7ecbdf91e9f8b4ed83349dbc8f 
Number of updated asset objects reloaded before import = 0
Number of asset objects unloaded after import = 0
========================================================================
Received Import Request.
  Time of request: 2026-09-27T03:54:23.1273527Z
  Time since last request: 0.000599 seconds.
  importAddress: GUID: d6a2e6e4803de7b43baacdc355fc144d - Path: Packages/com.unity.test-framework/package.json - Importer: ScriptedImporter/UnityEditor.QuickSearchModule:UnityEditor.Search:ASIAI0B
Importing 'GUID: d6a2e6e4803de7b43baacdc355fc144d - Path: Packages/com.unity.test-framework/package.json - Importer: ScriptedImporter/UnityEditor.QuickSearchModule:UnityEditor.Search:ASIAI0B' with importer (ScriptedImporter : UnityEditor.QuickSearchModule:UnityEditor.Search:ASIAI0B)
Imported 'GUID: d6a2e6e4803de7b43baacdc355fc144d' -> (Import Result ID: '9e04d56954e94784d495d1292bb6c82a') in 0.002 seconds [static and dynamic dependencies]. Details - ImportResultOutputID=8c4dabdd51bbbb3bd329a10226bcefbe DependenciesID=ab75fb444de6bb7f85f2379bc2dd56c7 StaticDependenciesID=b823cd5048a980fd864347b07ed3262d 
Number of updated asset objects reloaded before import = 0
Number of asset objects unloaded after import = 1
========================================================================
Received Import Request.
  Time of request: 2026-09-27T03:54:23.1304777Z
  Time since last request: 0.0005656 seconds.
  importAddress: GUID: d691174143fd3774ba63d7c493633b99 - Path: Packages/com.unity.test-framework/CHANGELOG.md - Importer: ScriptedImporter/UnityEditor.QuickSearchModule:UnityEditor.Search:ASIAI0B
Importing 'GUID: d691174143fd3774ba63d7c493633b99 - Path: Packages/com.unity.test-framework/CHANGELOG.md - Importer: ScriptedImporter/UnityEditor.QuickSearchModule:UnityEditor.Search:ASIAI0B' with importer (ScriptedImporter : UnityEditor.QuickSearchModule:UnityEditor.Search:ASIAI0B)
Imported 'GUID: d691174143fd3774ba63d7c493633b99' -> (Import Result ID: '9867e792e673c216040d7917ba73ee45') in 0.004 seconds [static and dynamic dependencies]. Details - ImportResultOutputID=0d58c6a2e47f03be1b7a7b22d11b2370 DependenciesID=61efefac353436028b797e94e59473a8 StaticDependenciesID=e387f95e43dc5026f29d0c5dda8c95f4 
Number of updated asset objects reloaded before import = 0
Number of asset objects unloaded after import = 1
========================================================================
Received Import Request.
  Time of request: 2026-09-27T03:54:23.1413171Z
  Time since last request: 0.0069981 seconds.
  importAddress: GUID: fd57cf917f61bbb42b8f030436426ddd - Path: Packages/com.unity.test-framework/UnityEditor.TestRunner/GUI/IGuiHelper.cs - Importer: ScriptedImporter/UnityEditor.QuickSearchModule:UnityEditor.Search:ASIAI0B
Importing 'GUID: fd57cf917f61bbb42b8f030436426ddd - Path: Packages/com.unity.test-framework/UnityEditor.TestRunner/GUI/IGuiHelper.cs - Importer: ScriptedImporter/UnityEditor.QuickSearchModule:UnityEditor.Search:ASIAI0B' with importer (ScriptedImporter : UnityEditor.QuickSearchModule:UnityEditor.Search:ASIAI0B)
Imported 'GUID: fd57cf917f61bbb42b8f030436426ddd' -> (Import Result ID: '3ad39d66192d778ad981d963305681e9') in 0.002 seconds [static and dynamic dependencies]. Details - ImportResultOutputID=83c1f33dec45cb002014b080189941ec DependenciesID=9b862fd73279a6c41b86240aa192177b StaticDependenciesID=2eb4cef07b65690c274a0a3b7cdbd376 
Number of updated asset objects reloaded before import = 0
Number of asset objects unloaded after import = 0
========================================================================
Received Import Request.
  Time of request: 2026-09-27T03:54:23.144519Z
  Time since last request: 0.0007579 seconds.
  importAddress: GUID: 1ebc1994f9a3d5649a1201d3a84b38df - Path: Packages/com.unity.test-framework/UnityEditor.TestRunner/TestRunner/EditorEnumeratorTestWorkItem.cs - Importer: ScriptedImporter/UnityEditor.QuickSearchModule:UnityEditor.Search:ASIAI0B
Importing 'GUID: 1ebc1994f9a3d5649a1201d3a84b38df - Path: Packages/com.unity.test-framework/UnityEditor.TestRunner/TestRunner/EditorEnumeratorTestWorkItem.cs - Importer: ScriptedImporter/UnityEditor.QuickSearchModule:UnityEditor.Search:ASIAI0B' with importer (ScriptedImporter : UnityEditor.QuickSearchModule:UnityEditor.Search:ASIAI0B)
Imported 'GUID: 1ebc1994f9a3d5649a1201d3a84b38df' -> (Import Result ID: 'dbfcbf46c90a1f160e0c9318c1755b57') in 0.003 seconds [static and dynamic dependencies]. Details - ImportResultOutputID=c8fa63853ed37b6b763e17e7231f1f32 DependenciesID=9f63bd9e4b9469d8dda23c9aa6909c4c StaticDependenciesID=b6a9a3b86269b0e2314f180a312048da 
Number of updated asset objects reloaded before import = 0
Number of asset objects unloaded after import = 0
========================================================================
Received Import Request.
  Time of request: 2026-09-27T03:54:23.1480938Z
  Time since last request: 0.0005481 seconds.
  importAddress: GUID: 9ec94545c5b00344c9bd8e691f15d799 - Path: Packages/com.unity.test-framework/UnityEditor.TestRunner/Api/TestStatus.cs - Importer: ScriptedImporter/UnityEditor.QuickSearchModule:UnityEditor.Search:ASIAI0B
Importing 'GUID: 9ec94545c5b00344c9bd8e691f15d799 - Path: Packages/com.unity.test-framework/UnityEditor.TestRunner/Api/TestStatus.cs - Importer: ScriptedImporter/UnityEditor.QuickSearchModule:UnityEditor.Search:ASIAI0B' with importer (ScriptedImporter : UnityEditor.QuickSearchModule:UnityEditor.Search:ASIAI0B)
Imported 'GUID: 9ec94545c5b00344c9bd8e691f15d799' -> (Import Result ID: 'ec7cd90d4385c3a93ce299710cfe9b6e') in 0.002 seconds [static and dynamic dependencies]. Details - ImportResultOutputID=7fe109d3e8715c7284a77b162d0c7b34 DependenciesID=16a0d4f0141dd0b85892eb376ed26374 StaticDependenciesID=9c779fc6beac438917aa1e2fbf7c51e3 
Number of updated asset objects reloaded before import = 0
Number of asset objects unloaded after import = 0
========================================================================
Received Import Request.
  Time of request: 2026-09-27T03:54:23.1508296Z
  Time since last request: 0.0006138 seconds.
  importAddress: GUID: c3a75354f6ceac94ca15ca9d96593290 - Path: Packages/com.unity.test-framework/UnityEditor.TestRunner/CommandLineTest/ExecutionSettings.cs - Importer: ScriptedImporter/UnityEditor.QuickSearchModule:UnityEditor.Search:ASIAI0B
Importing 'GUID: c3a75354f6ceac94ca15ca9d96593290 - Path: Packages/com.unity.test-framework/UnityEditor.TestRunner/CommandLineTest/ExecutionSettings.cs - Importer: ScriptedImporter/UnityEditor.QuickSearchModule:UnityEditor.Search:ASIAI0B' with importer (ScriptedImporter : UnityEditor.QuickSearchModule:UnityEditor.Search:ASIAI0B)
Imported 'GUID: c3a75354f6ceac94ca15ca9d96593290' -> (Import Result ID: '71d1518ed74aec53e1951659af7d4226') in 0.002 seconds [static and dynamic dependencies]. Details - ImportResultOutputID=369539c4171cd0a47bac38e07744c8b2 DependenciesID=21a757e4b9106c5bb9eef189ec615d0c StaticDependenciesID=afa8476758fc3d377f20edf925d7f160 
Number of updated asset objects reloaded before import = 0
Number of asset objects unloaded after import = 0
========================================================================
Received Import Request.
  Time of request: 2026-09-27T03:54:23.1534503Z
  Time since last request: 0.0006464 seconds.
  importAddress: GUID: 0b677ddfd54046c498a20446baa4f932 - Path: Packages/com.unity.test-framework/UnityEditor.TestRunner/TestRun/TestJobRunner.cs - Importer: ScriptedImporter/UnityEditor.QuickSearchModule:UnityEditor.Search:ASIAI0B
Importing 'GUID: 0b677ddfd54046c498a20446baa4f932 - Path: Packages/com.unity.test-framework/UnityEditor.TestRunner/TestRun/TestJobRunner.cs - Importer: ScriptedImporter/UnityEditor.QuickSearchModule:UnityEditor.Search:ASIAI0B' with importer (ScriptedImporter : UnityEditor.QuickSearchModule:UnityEditor.Search:ASIAI0B)
Imported 'GUID: 0b677ddfd54046c498a20446baa4f932' -> (Import Result ID: 'e76d39f80cea525b66a5f3bd4b1d75c0') in 0.002 seconds [static and dynamic dependencies]. Details - ImportResultOutputID=a94ee2859f7ff2dbdd4208e84025371e DependenciesID=f5dded49109d81a876759f2d8ccfd554 StaticDependenciesID=8fd506d74e5289bd98d42135746853d4 
Number of updated asset objects reloaded before import = 0
Number of asset objects unloaded after import = 0
========================================================================
Received Import Request.
  Time of request: 2026-09-27T03:54:23.1564483Z
  Time since last request: 0.0008953 seconds.
  importAddress: GUID: c1cba6f3ed484514097080a3bb835958 - Path: Packages/com.unity.test-framework/UnityEditor.TestRunner/TestLaunchers/PlayerLauncherTestRunSettings.cs - Importer: ScriptedImporter/UnityEditor.QuickSearchModule:UnityEditor.Search:ASIAI0B
Importing 'GUID: c1cba6f3ed484514097080a3bb835958 - Path: Packages/com.unity.test-framework/UnityEditor.TestRunner/TestLaunchers/PlayerLauncherTestRunSettings.cs - Importer: ScriptedImporter/UnityEditor.QuickSearchModule:UnityEditor.Search:ASIAI0B' with importer (ScriptedImporter : UnityEditor.QuickSearchModule:UnityEditor.Search:ASIAI0B)
Imported 'GUID: c1cba6f3ed484514097080a3bb835958' -> (Import Result ID: '1b074364348c1e562f5d9dfea3098066') in 0.003 seconds [static and dynamic dependencies]. Details - ImportResultOutputID=5b9189d110465a922f92792f1838c941 DependenciesID=2409d44749e15f51375141a57211a2f7 StaticDependenciesID=3155a1a25699f8d3115a1267ff76b403 
Number of updated asset objects reloaded before import = 0
Number of asset objects unloaded after import = 0
========================================================================
Received Import Request.
  Time of request: 2026-09-27T03:54:23.1600031Z
  Time since last request: 0.0006373 seconds.
  importAddress: GUID: 68993ba529ae04440916cb7c23bf3279 - Path: Packages/com.unity.test-framework/UnityEditor.TestRunner/Api/TestRunnerApi.cs - Importer: ScriptedImporter/UnityEditor.QuickSearchModule:UnityEditor.Search:ASIAI0B
Importing 'GUID: 68993ba529ae04440916cb7c23bf3279 - Path: Packages/com.unity.test-framework/UnityEditor.TestRunner/Api/TestRunnerApi.cs - Importer: ScriptedImporter/UnityEditor.QuickSearchModule:UnityEditor.Search:ASIAI0B' with importer (ScriptedImporter : UnityEditor.QuickSearchModule:UnityEditor.Search:ASIAI0B)
Imported 'GUID: 68993ba529ae04440916cb7c23bf3279' -> (Import Result ID: '89038209a7ebaba97da9e9708c1ffd95') in 0.002 seconds [static and dynamic dependencies]. Details - ImportResultOutputID=fe14a13546b4c25e9d08a563f67c460d DependenciesID=6de3e8eee79aded34a6c69268d58ac79 StaticDependenciesID=754849f34c4b4068be8d2faa9209612d 
Number of updated asset objects reloaded before import = 0
Number of asset objects unloaded after import = 0
========================================================================
Received Import Request.
  Time of request: 2026-09-27T03:54:23.1635014Z
  Time since last request: 0.0006744 seconds.
  importAddress: GUID: 6965880f76f40194593cb53a88f74005 - Path: Packages/com.unity.test-framework/UnityEditor.TestRunner/TestLaunchers/PlayerLauncherContextSettings.cs - Importer: ScriptedImporter/UnityEditor.QuickSearchModule:UnityEditor.Search:ASIAI0B
Importing 'GUID: 6965880f76f40194593cb53a88f74005 - Path: Packages/com.unity.test-framework/UnityEditor.TestRunner/TestLaunchers/PlayerLauncherContextSettings.cs - Importer: ScriptedImporter/UnityEditor.QuickSearchModule:UnityEditor.Search:ASIAI0B' with importer (ScriptedImporter : UnityEditor.QuickSearchModule:UnityEditor.Search:ASIAI0B)
Imported 'GUID: 6965880f76f40194593cb53a88f74005' -> (Import Result ID: '06acdde7a963a4b278328be0b61d6495') in 0.003 seconds [static and dynamic dependencies]. Details - ImportResultOutputID=d936e762157f3bc4312d9fbf207ad7bc DependenciesID=27cb9d11bcb2413873df95eb57655cfa StaticDependenciesID=34d0ed5a4f429a95e311cc363dac0794 
Number of updated asset objects reloaded before import = 0
Number of asset objects unloaded after import = 0
========================================================================
Received Import Request.
  Time of request: 2026-09-27T03:54:23.1675919Z
  Time since last request: 0.000779 seconds.
  importAddress: GUID: d061ada5d3169454daf54243390b5fdb - Path: Packages/com.unity.test-framework/UnityEditor.TestRunner/Api/TestResultAdaptor.cs - Importer: ScriptedImporter/UnityEditor.QuickSearchModule:UnityEditor.Search:ASIAI0B
Importing 'GUID: d061ada5d3169454daf54243390b5fdb - Path: Packages/com.unity.test-framework/UnityEditor.TestRunner/Api/TestResultAdaptor.cs - Importer: ScriptedImporter/UnityEditor.QuickSearchModule:UnityEditor.Search:ASIAI0B' with importer (ScriptedImporter : UnityEditor.QuickSearchModule:UnityEditor.Search:ASIAI0B)
Imported 'GUID: d061ada5d3169454daf54243390b5fdb' -> (Import Result ID: 'd12c7642d81654c80d4599a74058e72e') in 0.003 seconds [static and dynamic dependencies]. Details - ImportResultOutputID=76f265f26118647c7e3bc718532c0948 DependenciesID=ffb5573e2bf1d7f9277487b25cc49dd2 StaticDependenciesID=51ba3c87d01a84bd9d7eed4b08bd2246 
Number of updated asset objects reloaded before import = 0
Number of asset objects unloaded after import = 0
========================================================================
Received Import Request.
  Time of request: 2026-09-27T03:54:23.1715174Z
  Time since last request: 0.0005746 seconds.
  importAddress: GUID: 0efb23ecb373b6d4bbe5217485785138 - Path: Packages/com.unity.test-framework/UnityEditor.TestRunner/TestLaunchers/RuntimeTestLauncherBase.cs - Importer: ScriptedImporter/UnityEditor.QuickSearchModule:UnityEditor.Search:ASIAI0B
Importing 'GUID: 0efb23ecb373b6d4bbe5217485785138 - Path: Packages/com.unity.test-framework/UnityEditor.TestRunner/TestLaunchers/RuntimeTestLauncherBase.cs - Importer: ScriptedImporter/UnityEditor.QuickSearchModule:UnityEditor.Search:ASIAI0B' with importer (ScriptedImporter : UnityEditor.QuickSearchModule:UnityEditor.Search:ASIAI0B)
Imported 'GUID: 0efb23ecb373b6d4bbe5217485785138' -> (Import Result ID: 'dbf6235715addb7a823b518a65cde585') in 0.002 seconds [static and dynamic dependencies]. Details - ImportResultOutputID=7915d66bb13bf02217126a2c2d2a2d55 DependenciesID=d38ba64523b057d91c5a52f7eb86e695 StaticDependenciesID=c701a182c46cb222181bc33d4be15d36 
Number of updated asset objects reloaded before import = 0
Number of asset objects unloaded after import = 0
========================================================================
Received Import Request.
  Time of request: 2026-09-27T03:54:23.1742905Z
  Time since last request: 0.0007048 seconds.
  importAddress: GUID: 317f06562c344e22991ba4117cf7b71c - Path: Packages/com.unity.test-framework/UnityEditor.TestRunner/CommandLineTest/TestState.cs - Importer: ScriptedImporter/UnityEditor.QuickSearchModule:UnityEditor.Search:ASIAI0B
Importing 'GUID: 317f06562c344e22991ba4117cf7b71c - Path: Packages/com.unity.test-framework/UnityEditor.TestRunner/CommandLineTest/TestState.cs - Importer: ScriptedImporter/UnityEditor.QuickSearchModule:UnityEditor.Search:ASIAI0B' with importer (ScriptedImporter : UnityEditor.QuickSearchModule:UnityEditor.Search:ASIAI0B)
Imported 'GUID: 317f06562c344e22991ba4117cf7b71c' -> (Import Result ID: 'a1d4401701e468062eaf0ce4ebeeb3d8') in 0.002 seconds [static and dynamic dependencies]. Details - ImportResultOutputID=50246756b95dc0c3edc0b464857c633e DependenciesID=32479aa1941354a4d19eb1832f911762 StaticDependenciesID=baf2324983a048270130813dd53baff7 
Number of updated asset objects reloaded before import = 0
Number of asset objects unloaded after import = 0
========================================================================
Received Import Request.
  Time of request: 2026-09-27T03:54:23.177387Z
  Time since last request: 0.0006259 seconds.
  importAddress: GUID: d56e34a052c646e39a3317c404303e5f - Path: Packages/com.unity.test-framework/UnityEditor.TestRunner/CommandLineTest/IRunData.cs - Importer: ScriptedImporter/UnityEditor.QuickSearchModule:UnityEditor.Search:ASIAI0B
Importing 'GUID: d56e34a052c646e39a3317c404303e5f - Path: Packages/com.unity.test-framework/UnityEditor.TestRunner/CommandLineTest/IRunData.cs - Importer: ScriptedImporter/UnityEditor.QuickSearchModule:UnityEditor.Search:ASIAI0B' with importer (ScriptedImporter : UnityEditor.QuickSearchModule:UnityEditor.Search:ASIAI0B)
Imported 'GUID: d56e34a052c646e39a3317c404303e5f' -> (Import Result ID: 'c7513d95b486c428248dff6f28ad269a') in 0.003 seconds [static and dynamic dependencies]. Details - ImportResultOutputID=131bb345416d19cd23f6a7a815f91e9b DependenciesID=4d741d964bde4fc39ff151107d551683 StaticDependenciesID=7ff8c2ab1277532dcaf09c7e260f9470 
Number of updated asset objects reloaded before import = 0
Number of asset objects unloaded after import = 0
========================================================================
Received Import Request.
  Time of request: 2026-09-27T03:54:23.180814Z
  Time since last request: 0.0005595 seconds.
  importAddress: GUID: 8d20eedbe40f0ce41a4c4f633f225de8 - Path: Packages/com.unity.test-framework/UnityEditor.TestRunner/CommandLineTest/LogSavingCallbacks.cs - Importer: ScriptedImporter/UnityEditor.QuickSearchModule:UnityEditor.Search:ASIAI0B
Importing 'GUID: 8d20eedbe40f0ce41a4c4f633f225de8 - Path: Packages/com.unity.test-framework/UnityEditor.TestRunner/CommandLineTest/LogSavingCallbacks.cs - Importer: ScriptedImporter/UnityEditor.QuickSearchModule:UnityEditor.Search:ASIAI0B' with importer (ScriptedImporter : UnityEditor.QuickSearchModule:UnityEditor.Search:ASIAI0B)
Imported 'GUID: 8d20eedbe40f0ce41a4c4f633f225de8' -> (Import Result ID: 'afba2ff9baf823917f6094d89dc26a8e') in 0.002 seconds [static and dynamic dependencies]. Details - ImportResultOutputID=738d305a0d3ad7f936d723e8374d334a DependenciesID=15f612bdd001ad131e5ae3a3481f2798 StaticDependenciesID=0d896d99350f2516a2cade7525b85541 
Number of updated asset objects reloaded before import = 0
Number of asset objects unloaded after import = 0
========================================================================
Received Import Request.
  Time of request: 2026-09-27T03:54:23.1836399Z
  Time since last request: 0.0006364 seconds.
  importAddress: GUID: 416b65350c010294db54ceca7fd02072 - Path: Packages/com.unity.test-framework/UnityEditor.TestRunner/TestRun/RequiredTestRunDataMissingException.cs - Importer: ScriptedImporter/UnityEditor.QuickSearchModule:UnityEditor.Search:ASIAI0B
Importing 'GUID: 416b65350c010294db54ceca7fd02072 - Path: Packages/com.unity.test-framework/UnityEditor.TestRunner/TestRun/RequiredTestRunDataMissingException.cs - Importer: ScriptedImporter/UnityEditor.QuickSearchModule:UnityEditor.Search:ASIAI0B' with importer (ScriptedImporter : UnityEditor.QuickSearchModule:UnityEditor.Search:ASIAI0B)
Imported 'GUID: 416b65350c010294db54ceca7fd02072' -> (Import Result ID: 'b38f1a972b3f34b2c3a4331d63ee2f17') in 0.002 seconds [static and dynamic dependencies]. Details - ImportResultOutputID=b03ec13b218be30aae6005750c751eab DependenciesID=b9ebf48db65750169d76cf78d8267933 StaticDependenciesID=7f8451ad5a97e2eab3824238b0281a7a 
Number of updated asset objects reloaded before import = 0
Number of asset objects unloaded after import = 0
========================================================================
Received Import Request.
  Time of request: 2026-09-27T03:54:23.1867198Z
  Time since last request: 0.000581 seconds.
  importAddress: GUID: d0663d520c26b7c48a4135599e66acf8 - Path: Packages/com.unity.test-framework/UnityEditor.TestRunner/Api/TestAdaptorFactory.cs - Importer: ScriptedImporter/UnityEditor.QuickSearchModule:UnityEditor.Search:ASIAI0B
Importing 'GUID: d0663d520c26b7c48a4135599e66acf8 - Path: Packages/com.unity.test-framework/UnityEditor.TestRunner/Api/TestAdaptorFactory.cs - Importer: ScriptedImporter/UnityEditor.QuickSearchModule:UnityEditor.Search:ASIAI0B' with importer (ScriptedImporter : UnityEditor.QuickSearchModule:UnityEditor.Search:ASIAI0B)
Imported 'GUID: d0663d520c26b7c48a4135599e66acf8' -> (Import Result ID: '8aa574541540a61d0d4b1e4eb7ecc466') in 0.002 seconds [static and dynamic dependencies]. Details - ImportResultOutputID=3222110a3623eeb44336536ac74c7070 DependenciesID=f7388a643d14dde283d7ae6a521d8c7b StaticDependenciesID=5af0bd7cc561666ccdf0dc8d20be5c40 
Number of updated asset objects reloaded before import = 0
Number of asset objects unloaded after import = 0
========================================================================
Received Import Request.
  Time of request: 2026-09-27T03:54:23.1897356Z
  Time since last request: 0.0008219 seconds.
  importAddress: GUID: edd2a1fe1acbbde43aad39862bb3f4a8 - Path: Packages/com.unity.test-framework/UnityEditor.TestRunner/TestLaunchers/RemotePlayerLogController.cs - Importer: ScriptedImporter/UnityEditor.QuickSearchModule:UnityEditor.Search:ASIAI0B
Importing 'GUID: edd2a1fe1acbbde43aad39862bb3f4a8 - Path: Packages/com.unity.test-framework/UnityEditor.TestRunner/TestLaunchers/RemotePlayerLogController.cs - Importer: ScriptedImporter/UnityEditor.QuickSearchModule:UnityEditor.Search:ASIAI0B' with importer (ScriptedImporter : UnityEditor.QuickSearchModule:UnityEditor.Search:ASIAI0B)
Imported 'GUID: edd2a1fe1acbbde43aad39862bb3f4a8' -> (Import Result ID: '54b22f2b109f278e6724cba104bd1d8d') in 0.002 seconds [static and dynamic dependencies]. Details - ImportResultOutputID=51ace34b11d16df52c179ff9170682ef DependenciesID=bbb01f4cbf9117baabdd2e908248afef StaticDependenciesID=3509356e995b61c04c12cf2b47524e8d 
Number of updated asset objects reloaded before import = 0
Number of asset objects unloaded after import = 0
========================================================================
Received Import Request.
  Time of request: 2026-09-27T03:54:23.1926581Z
  Time since last request: 0.0008238 seconds.
  importAddress: GUID: 8bb59cb2f66d156418ca1bd1e2703233 - Path: Packages/com.unity.test-framework/UnityEditor.TestRunner/Api/RunState.cs - Importer: ScriptedImporter/UnityEditor.QuickSearchModule:UnityEditor.Search:ASIAI0B
Importing 'GUID: 8bb59cb2f66d156418ca1bd1e2703233 - Path: Packages/com.unity.test-framework/UnityEditor.TestRunner/Api/RunState.cs - Importer: ScriptedImporter/UnityEditor.QuickSearchModule:UnityEditor.Search:ASIAI0B' with importer (ScriptedImporter : UnityEditor.QuickSearchModule:UnityEditor.Search:ASIAI0B)
Imported 'GUID: 8bb59cb2f66d156418ca1bd1e2703233' -> (Import Result ID: '0927e5bdd8778b60b5892fc81d29e0ca') in 0.002 seconds [static and dynamic dependencies]. Details - ImportResultOutputID=8a43730d181018d8fe91d21d08b738a9 DependenciesID=dbc921cd1946fe5cfc2a68b0ce437e36 StaticDependenciesID=9cddaca81a533aa3a805354115d579c3 
Number of updated asset objects reloaded before import = 0
Number of asset objects unloaded after import = 0
========================================================================
Received Import Request.
  Time of request: 2026-09-27T03:54:23.1957481Z
  Time since last request: 0.0007752 seconds.
  importAddress: GUID: b7468a027a77337478e133b40b42b4f9 - Path: Packages/com.unity.test-framework/UnityEditor.TestRunner/CommandLineTest/SettingsBuilder.cs - Importer: ScriptedImporter/UnityEditor.QuickSearchModule:UnityEditor.Search:ASIAI0B
Importing 'GUID: b7468a027a77337478e133b40b42b4f9 - Path: Packages/com.unity.test-framework/UnityEditor.TestRunner/CommandLineTest/SettingsBuilder.cs - Importer: ScriptedImporter/UnityEditor.QuickSearchModule:UnityEditor.Search:ASIAI0B' with importer (ScriptedImporter : UnityEditor.QuickSearchModule:UnityEditor.Search:ASIAI0B)
Imported 'GUID: b7468a027a77337478e133b40b42b4f9' -> (Import Result ID: '09845812021e7f71383b745c205b5f96') in 0.002 seconds [static and dynamic dependencies]. Details - ImportResultOutputID=964793ca8569f24ce4da730e31e5b607 DependenciesID=647d7ac623016b8a1f1b784749c03b0a StaticDependenciesID=0e63500128e71971651ed625c05d3f45 
Number of updated asset objects reloaded before import = 0
Number of asset objects unloaded after import = 0
========================================================================
Received Import Request.
  Time of request: 2026-09-27T03:54:23.1990153Z
  Time since last request: 0.0005949 seconds.
  importAddress: GUID: 208e46d59ff6e304db0318377d20f5a1 - Path: Packages/com.unity.test-framework/UnityEditor.TestRunner/GUI/IAssetsDatabaseHelper.cs - Importer: ScriptedImporter/UnityEditor.QuickSearchModule:UnityEditor.Search:ASIAI0B
Importing 'GUID: 208e46d59ff6e304db0318377d20f5a1 - Path: Packages/com.unity.test-framework/UnityEditor.TestRunner/GUI/IAssetsDatabaseHelper.cs - Importer: ScriptedImporter/UnityEditor.QuickSearchModule:UnityEditor.Search:ASIAI0B' with importer (ScriptedImporter : UnityEditor.QuickSearchModule:UnityEditor.Search:ASIAI0B)
Imported 'GUID: 208e46d59ff6e304db0318377d20f5a1' -> (Import Result ID: '8276f7dbfcc467ff786f6e74ee5d40ac') in 0.002 seconds [static and dynamic dependencies]. Details - ImportResultOutputID=d7a368bebfebb8029fa89a000363da7a DependenciesID=7259954c8db075fc9f0d09d1f340e635 StaticDependenciesID=c6a08eda1b3f95e9af55fb7e92f0cc00 
Number of updated asset objects reloaded before import = 0
Number of asset objects unloaded after import = 0
========================================================================
Received Import Request.
  Time of request: 2026-09-27T03:54:23.2020581Z
  Time since last request: 0.0006071 seconds.
  importAddress: GUID: d973fc1524e4d724081553934c55958c - Path: Packages/com.unity.test-framework/UnityEditor.TestRunner/TestLaunchers/PlayerLauncher.cs - Importer: ScriptedImporter/UnityEditor.QuickSearchModule:UnityEditor.Search:ASIAI0B
Importing 'GUID: d973fc1524e4d724081553934c55958c - Path: Packages/com.unity.test-framework/UnityEditor.TestRunner/TestLaunchers/PlayerLauncher.cs - Importer: ScriptedImporter/UnityEditor.QuickSearchModule:UnityEditor.Search:ASIAI0B' with importer (ScriptedImporter : UnityEditor.QuickSearchModule:UnityEditor.Search:ASIAI0B)
Imported 'GUID: d973fc1524e4d724081553934c55958c' -> (Import Result ID: '3deabba779f1d470a1271784baca0436') in 0.002 seconds [static and dynamic dependencies]. Details - ImportResultOutputID=317ed068044d476bd5fc635e346dafd7 DependenciesID=dacc3c6f42d57d627dfa46d614fb3c2c StaticDependenciesID=849a8994bf802e65c98f5245cd94d418 
Number of updated asset objects reloaded before import = 0
Number of asset objects unloaded after import = 0
========================================================================
Received Import Request.
  Time of request: 2026-09-27T03:54:23.204918Z
  Time since last request: 0.0006876 seconds.
  importAddress: GUID: 05778dd1de4433d418793b6f3d3c18cf - Path: Packages/com.unity.test-framework/UnityEditor.TestRunner/CommandLineTest/LogWriter.cs - Importer: ScriptedImporter/UnityEditor.QuickSearchModule:UnityEditor.Search:ASIAI0B
Importing 'GUID: 05778dd1de4433d418793b6f3d3c18cf - Path: Packages/com.unity.test-framework/UnityEditor.TestRunner/CommandLineTest/LogWriter.cs - Importer: ScriptedImporter/UnityEditor.QuickSearchModule:UnityEditor.Search:ASIAI0B' with importer (ScriptedImporter : UnityEditor.QuickSearchModule:UnityEditor.Search:ASIAI0B)
Imported 'GUID: 05778dd1de4433d418793b6f3d3c18cf' -> (Import Result ID: '12679ebe5022283d378fb5756e0a92d9') in 0.003 seconds [static and dynamic dependencies]. Details - ImportResultOutputID=774c1e6ee28666bb2ae0cadafd0477e2 DependenciesID=248726720f05f88b9a55f2d39a603401 StaticDependenciesID=90df8af7d25f86a5e4c3090e4fbee6e1 
Number of updated asset objects reloaded before import = 0
Number of asset objects unloaded after import = 0
========================================================================
Received Import Request.
  Time of request: 2026-09-27T03:54:23.2086689Z
  Time since last request: 0.0006003 seconds.
  importAddress: GUID: 740b3785866edda4b8d1e1a05570a5f8 - Path: Packages/com.unity.test-framework/UnityEditor.TestRunner/GUI/AssetsDatabaseHelper.cs - Importer: ScriptedImporter/UnityEditor.QuickSearchModule:UnityEditor.Search:ASIAI0B
Importing 'GUID: 740b3785866edda4b8d1e1a05570a5f8 - Path: Packages/com.unity.test-framework/UnityEditor.TestRunner/GUI/AssetsDatabaseHelper.cs - Importer: ScriptedImporter/UnityEditor.QuickSearchModule:UnityEditor.Search:ASIAI0B' with importer (ScriptedImporter : UnityEditor.QuickSearchModule:UnityEditor.Search:ASIAI0B)
Imported 'GUID: 740b3785866edda4b8d1e1a05570a5f8' -> (Import Result ID: '5e95472c85ab1817b62187263008382b') in 0.002 seconds [static and dynamic dependencies]. Details - ImportResultOutputID=f24b7131be4405d7eacac0e094c04a14 DependenciesID=4cd23c60ab7eaa4a73380b7b279cd6e6 StaticDependenciesID=0921012d74c92449f79ab7fc313dffc9 
Number of updated asset objects reloaded before import = 0
Number of asset objects unloaded after import = 0
========================================================================
Received Import Request.
  Time of request: 2026-09-27T03:54:23.2127282Z
  Time since last request: 0.0010183 seconds.
  importAddress: GUID: 7d36034e63ad8254b9b2f55280fcc040 - Path: Packages/com.unity.test-framework/UnityEditor.TestRunner/TestLaunchers/RemotePlayerTestController.cs - Importer: ScriptedImporter/UnityEditor.QuickSearchModule:UnityEditor.Search:ASIAI0B
Importing 'GUID: 7d36034e63ad8254b9b2f55280fcc040 - Path: Packages/com.unity.test-framework/UnityEditor.TestRunner/TestLaunchers/RemotePlayerTestController.cs - Importer: ScriptedImporter/UnityEditor.QuickSearchModule:UnityEditor.Search:ASIAI0B' with importer (ScriptedImporter : UnityEditor.QuickSearchModule:UnityEditor.Search:ASIAI0B)
Imported 'GUID: 7d36034e63ad8254b9b2f55280fcc040' -> (Import Result ID: 'f92bad23e4a3355bddb9a1fb37bacc25') in 0.002 seconds [static and dynamic dependencies]. Details - ImportResultOutputID=ff3a8f964ab2d3cc71d23ae7cf42542b DependenciesID=2f744430c9046cb39245ae7e05fb1120 StaticDependenciesID=d70b242e8d00aeb010b7e137bfbd910f 
Number of updated asset objects reloaded before import = 0
Number of asset objects unloaded after import = 0
========================================================================
Received Import Request.
  Time of request: 2026-09-27T03:54:23.2158982Z
  Time since last request: 0.0006094 seconds.
  importAddress: GUID: 241a47157da9420aaafa8cda2afd41a0 - Path: Packages/com.unity.test-framework/UnityEditor.TestRunner/TestRun/WaitForPlayerRunTask.cs - Importer: ScriptedImporter/UnityEditor.QuickSearchModule:UnityEditor.Search:ASIAI0B
Importing 'GUID: 241a47157da9420aaafa8cda2afd41a0 - Path: Packages/com.unity.test-framework/UnityEditor.TestRunner/TestRun/WaitForPlayerRunTask.cs - Importer: ScriptedImporter/UnityEditor.QuickSearchModule:UnityEditor.Search:ASIAI0B' with importer (ScriptedImporter : UnityEditor.QuickSearchModule:UnityEditor.Search:ASIAI0B)
Imported 'GUID: 241a47157da9420aaafa8cda2afd41a0' -> (Import Result ID: 'b7d66c2a7113c958db1bdb4f0aadeebe') in 0.003 seconds [static and dynamic dependencies]. Details - ImportResultOutputID=715293c62042861bb4a1e9de88d13343 DependenciesID=2d2e9867ee332256fa902117ecabecfa StaticDependenciesID=8ad52fd495f992caa15a50598a1e0787 
Number of updated asset objects reloaded before import = 0
Number of asset objects unloaded after import = 0
========================================================================
Received Import Request.
  Time of request: 2026-09-27T03:54:23.2194141Z
  Time since last request: 0.0005872 seconds.
  importAddress: GUID: f445ca0c614a846449fcd8ae648c24e2 - Path: Packages/com.unity.test-framework/UnityEditor.TestRunner/CommandLineParser/ICommandLineOption.cs - Importer: ScriptedImporter/UnityEditor.QuickSearchModule:UnityEditor.Search:ASIAI0B
Importing 'GUID: f445ca0c614a846449fcd8ae648c24e2 - Path: Packages/com.unity.test-framework/UnityEditor.TestRunner/CommandLineParser/ICommandLineOption.cs - Importer: ScriptedImporter/UnityEditor.QuickSearchModule:UnityEditor.Search:ASIAI0B' with importer (ScriptedImporter : UnityEditor.QuickSearchModule:UnityEditor.Search:ASIAI0B)
Imported 'GUID: f445ca0c614a846449fcd8ae648c24e2' -> (Import Result ID: 'da61e25fb52f4bf2bbddcc77e68a9121') in 0.002 seconds [static and dynamic dependencies]. Details - ImportResultOutputID=a687280551ebf00e61d09742f7209797 DependenciesID=55e3690bb2546448f9575e42823879d8 StaticDependenciesID=cabb16e27f9a054e65814b068f6532f6 
Number of updated asset objects reloaded before import = 0
Number of asset objects unloaded after import = 0
========================================================================
Received Import Request.
  Time of request: 2026-09-27T03:54:23.2221475Z
  Time since last request: 0.0005439 seconds.
  importAddress: GUID: 3dde15f260b0dd1469e60d16eaa795dc - Path: Packages/com.unity.test-framework/UnityEditor.TestRunner/TestRunner/EditmodeWorkItemFactory.cs - Importer: ScriptedImporter/UnityEditor.QuickSearchModule:UnityEditor.Search:ASIAI0B
Importing 'GUID: 3dde15f260b0dd1469e60d16eaa795dc - Path: Packages/com.unity.test-framework/UnityEditor.TestRunner/TestRunner/EditmodeWorkItemFactory.cs - Importer: ScriptedImporter/UnityEditor.QuickSearchModule:UnityEditor.Search:ASIAI0B' with importer (ScriptedImporter : UnityEditor.QuickSearchModule:UnityEditor.Search:ASIAI0B)
Imported 'GUID: 3dde15f260b0dd1469e60d16eaa795dc' -> (Import Result ID: 'ea4f9ca6e58e1e15e18bb2d4cd16564c') in 0.002 seconds [static and dynamic dependencies]. Details - ImportResultOutputID=d872e2e93f5226b407dcd1d6104624cd DependenciesID=323a0e5ac161a09b36c43a60cf55504d StaticDependenciesID=0f53fdcce648a1525cf9e012e89b357f 
Number of updated asset objects reloaded before import = 0
Number of asset objects unloaded after import = 0
========================================================================
Received Import Request.
  Time of request: 2026-09-27T03:54:23.2251256Z
  Time since last request: 0.0008799 seconds.
  importAddress: GUID: 1d45b9d3cf85bee4f99c1492fca8438a - Path: Packages/com.unity.test-framework/UnityEditor.TestRunner/TestRun/TestRunCanceledException.cs - Importer: ScriptedImporter/UnityEditor.QuickSearchModule:UnityEditor.Search:ASIAI0B
Importing 'GUID: 1d45b9d3cf85bee4f99c1492fca8438a - Path: Packages/com.unity.test-framework/UnityEditor.TestRunner/TestRun/TestRunCanceledException.cs - Importer: ScriptedImporter/UnityEditor.QuickSearchModule:UnityEditor.Search:ASIAI0B' with importer (ScriptedImporter : UnityEditor.QuickSearchModule:UnityEditor.Search:ASIAI0B)
Imported 'GUID: 1d45b9d3cf85bee4f99c1492fca8438a' -> (Import Result ID: 'ae52e7bd6741ec1d3a9352fca2dd9872') in 0.002 seconds [static and dynamic dependencies]. Details - ImportResultOutputID=f0f9c4bd65c7295a324b9b8e91eaba4d DependenciesID=9aaeaf9f9186df94bd82f26a2dd52b24 StaticDependenciesID=c5b64bcc88e46362b0431913857a4f7f 
Number of updated asset objects reloaded before import = 0
Number of asset objects unloaded after import = 0
========================================================================
Received Import Request.
  Time of request: 2026-09-27T03:54:23.2282317Z
  Time since last request: 0.0006159 seconds.
  importAddress: GUID: 83eda34b7da01e04aa894f268158b0c0 - Path: Packages/com.unity.test-framework/UnityEditor.TestRunner/TestSettings/ITestSettings.cs - Importer: ScriptedImporter/UnityEditor.QuickSearchModule:UnityEditor.Search:ASIAI0B
Importing 'GUID: 83eda34b7da01e04aa894f268158b0c0 - Path: Packages/com.unity.test-framework/UnityEditor.TestRunner/TestSettings/ITestSettings.cs - Importer: ScriptedImporter/UnityEditor.QuickSearchModule:UnityEditor.Search:ASIAI0B' with importer (ScriptedImporter : UnityEditor.QuickSearchModule:UnityEditor.Search:ASIAI0B)
Imported 'GUID: 83eda34b7da01e04aa894f268158b0c0' -> (Import Result ID: '74d407f200fec5ab157a55cd52668de5') in 0.002 seconds [static and dynamic dependencies]. Details - ImportResultOutputID=49f87b31c2a6171ee9aae4ea26e023ba DependenciesID=55628a3b7eb730344f67f77580b14a3e StaticDependenciesID=1ee88e7873ae3be3e45d899c099f6fea 
Number of updated asset objects reloaded before import = 0
Number of asset objects unloaded after import = 0
========================================================================
Received Import Request.
  Time of request: 2026-09-27T03:54:23.2310505Z
  Time since last request: 0.0005683 seconds.
  importAddress: GUID: 8a13cbeb2099aca47bb456f49845f86c - Path: Packages/com.unity.test-framework/UnityEditor.TestRunner/CommandLineTest/ISettingsBuilder.cs - Importer: ScriptedImporter/UnityEditor.QuickSearchModule:UnityEditor.Search:ASIAI0B
Importing 'GUID: 8a13cbeb2099aca47bb456f49845f86c - Path: Packages/com.unity.test-framework/UnityEditor.TestRunner/CommandLineTest/ISettingsBuilder.cs - Importer: ScriptedImporter/UnityEditor.QuickSearchModule:UnityEditor.Search:ASIAI0B' with importer (ScriptedImporter : UnityEditor.QuickSearchModule:UnityEditor.Search:ASIAI0B)
Imported 'GUID: 8a13cbeb2099aca47bb456f49845f86c' -> (Import Result ID: 'd1250335b42f1967ec099c35cf5cb01a') in 0.002 seconds [static and dynamic dependencies]. Details - ImportResultOutputID=91d1f1e58158b430b8f1665024df6043 DependenciesID=f53c462e78849e4afd83c61b32575e55 StaticDependenciesID=47b0f295a68c231ba8f63c847a09a3e9 
Number of updated asset objects reloaded before import = 0
Number of asset objects unloaded after import = 0
========================================================================
Received Import Request.
  Time of request: 2026-09-27T03:54:23.2339571Z
  Time since last request: 0.000615 seconds.
  importAddress: GUID: 15f870c6975ad6449b5b52514b90dc2b - Path: Packages/com.unity.test-framework/UnityEditor.TestRunner/GUI/TestRunnerUIFilter.cs - Importer: ScriptedImporter/UnityEditor.QuickSearchModule:UnityEditor.Search:ASIAI0B
Importing 'GUID: 15f870c6975ad6449b5b52514b90dc2b - Path: Packages/com.unity.test-framework/UnityEditor.TestRunner/GUI/TestRunnerUIFilter.cs - Importer: ScriptedImporter/UnityEditor.QuickSearchModule:UnityEditor.Search:ASIAI0B' with importer (ScriptedImporter : UnityEditor.QuickSearchModule:UnityEditor.Search:ASIAI0B)
Imported 'GUID: 15f870c6975ad6449b5b52514b90dc2b' -> (Import Result ID: 'c2e222d8f01998e2efdf065c9966393c') in 0.002 seconds [static and dynamic dependencies]. Details - ImportResultOutputID=624a4d0023403b649710d014ce2fb737 DependenciesID=aaf2a383ca2c5cf15703d1f4c24aa060 StaticDependenciesID=192a23152de29eecb799ae1124678459 
Number of updated asset objects reloaded before import = 0
Number of asset objects unloaded after import = 0
========================================================================
Received Import Request.
  Time of request: 2026-09-27T03:54:23.2366771Z
  Time since last request: 0.0006109 seconds.
  importAddress: GUID: 2ae2ce6274819484fa8747a28cebdf3a - Path: Packages/com.unity.test-framework/UnityEditor.TestRunner/Api/ITestRunSettings.cs - Importer: ScriptedImporter/UnityEditor.QuickSearchModule:UnityEditor.Search:ASIAI0B
Importing 'GUID: 2ae2ce6274819484fa8747a28cebdf3a - Path: Packages/com.unity.test-framework/UnityEditor.TestRunner/Api/ITestRunSettings.cs - Importer: ScriptedImporter/UnityEditor.QuickSearchModule:UnityEditor.Search:ASIAI0B' with importer (ScriptedImporter : UnityEditor.QuickSearchModule:UnityEditor.Search:ASIAI0B)
Imported 'GUID: 2ae2ce6274819484fa8747a28cebdf3a' -> (Import Result ID: 'ec69428e080cccb9dc081f666e07eed6') in 0.002 seconds [static and dynamic dependencies]. Details - ImportResultOutputID=0dcf0157cee36c3f213465211f4b3f3b DependenciesID=bb2e7a3b924bced0a40f16e09ae641d5 StaticDependenciesID=66b5d7c7212324c36dd4454422e35726 
Number of updated asset objects reloaded before import = 0
Number of asset objects unloaded after import = 0
========================================================================
Received Import Request.
  Time of request: 2026-09-27T03:54:23.2396962Z
  Time since last request: 0.000586 seconds.
  importAddress: GUID: b1516a46a16d458e8debc6b459b107ea - Path: Packages/com.unity.test-framework/UnityEditor.TestRunner/TestRun/TaskList.cs - Importer: ScriptedImporter/UnityEditor.QuickSearchModule:UnityEditor.Search:ASIAI0B
Importing 'GUID: b1516a46a16d458e8debc6b459b107ea - Path: Packages/com.unity.test-framework/UnityEditor.TestRunner/TestRun/TaskList.cs - Importer: ScriptedImporter/UnityEditor.QuickSearchModule:UnityEditor.Search:ASIAI0B' with importer (ScriptedImporter : UnityEditor.QuickSearchModule:UnityEditor.Search:ASIAI0B)
Imported 'GUID: b1516a46a16d458e8debc6b459b107ea' -> (Import Result ID: '4a39646d12ea8ae3cb8d4404f5f5792e') in 0.002 seconds [static and dynamic dependencies]. Details - ImportResultOutputID=345d6c78b6e04441bb7f260fd15df76f DependenciesID=92fc2e972ccdfba3b38545c79f2dae84 StaticDependenciesID=9d4b2927643aa1f783b668c75900e138 
Number of updated asset objects reloaded before import = 0
Number of asset objects unloaded after import = 0
========================================================================
Received Import Request.
  Time of request: 2026-09-27T03:54:23.2428521Z
  Time since last request: 0.0005621 seconds.
  importAddress: GUID: 29d603e0a726a9043b3503112271844a - Path: Packages/com.unity.test-framework/UnityEditor.TestRunner/Api/ResultsWriter.cs - Importer: ScriptedImporter/UnityEditor.QuickSearchModule:UnityEditor.Search:ASIAI0B
Importing 'GUID: 29d603e0a726a9043b3503112271844a - Path: Packages/com.unity.test-framework/UnityEditor.TestRunner/Api/ResultsWriter.cs - Importer: ScriptedImporter/UnityEditor.QuickSearchModule:UnityEditor.Search:ASIAI0B' with importer (ScriptedImporter : UnityEditor.QuickSearchModule:UnityEditor.Search:ASIAI0B)
Imported 'GUID: 29d603e0a726a9043b3503112271844a' -> (Import Result ID: '92891ace4c4c9dc7a4151b62d828a378') in 0.002 seconds [static and dynamic dependencies]. Details - ImportResultOutputID=a6cf40650826dd725f23260fcb96e34b DependenciesID=2f566a8f583acfe9e99571c0f90fdf4b StaticDependenciesID=b9db687649fc8f59583587177c615d9e 
Number of updated asset objects reloaded before import = 0
Number of asset objects unloaded after import = 0
========================================================================
Received Import Request.
  Time of request: 2026-09-27T03:54:23.2461125Z
  Time since last request: 0.0005998 seconds.
  importAddress: GUID: 6d16f2e78a356d34c9a32108929de932 - Path: Packages/com.unity.test-framework/UnityEditor.TestRunner/TestRunner/EditModePCHelper.cs - Importer: ScriptedImporter/UnityEditor.QuickSearchModule:UnityEditor.Search:ASIAI0B
Importing 'GUID: 6d16f2e78a356d34c9a32108929de932 - Path: Packages/com.unity.test-framework/UnityEditor.TestRunner/TestRunner/EditModePCHelper.cs - Importer: ScriptedImporter/UnityEditor.QuickSearchModule:UnityEditor.Search:ASIAI0B' with importer (ScriptedImporter : UnityEditor.QuickSearchModule:UnityEditor.Search:ASIAI0B)
Imported 'GUID: 6d16f2e78a356d34c9a32108929de932' -> (Import Result ID: '6918c648840ddfc34ad5e48054aae42a') in 0.002 seconds [static and dynamic dependencies]. Details - ImportResultOutputID=c01cd87a18950412e4f17d633dda1c35 DependenciesID=2a4dc7e9940db6b945a975ef1435aee4 StaticDependenciesID=2770db619c5831844feeb9bcdc764e4b 
Number of updated asset objects reloaded before import = 0
Number of asset objects unloaded after import = 0
========================================================================
Received Import Request.
  Time of request: 2026-09-27T03:54:23.2490314Z
  Time since last request: 0.0005613 seconds.
  importAddress: GUID: 8069e1fc631e461ababf11f19a9c0df3 - Path: Packages/com.unity.test-framework/UnityEditor.TestRunner/GUI/UITestRunnerFilter.cs - Importer: ScriptedImporter/UnityEditor.QuickSearchModule:UnityEditor.Search:ASIAI0B
Importing 'GUID: 8069e1fc631e461ababf11f19a9c0df3 - Path: Packages/com.unity.test-framework/UnityEditor.TestRunner/GUI/UITestRunnerFilter.cs - Importer: ScriptedImporter/UnityEditor.QuickSearchModule:UnityEditor.Search:ASIAI0B' with importer (ScriptedImporter : UnityEditor.QuickSearchModule:UnityEditor.Search:ASIAI0B)
Imported 'GUID: 8069e1fc631e461ababf11f19a9c0df3' -> (Import Result ID: 'cbfa36c9956c3dd9327ccc9ea1f8fa30') in 0.002 seconds [static and dynamic dependencies]. Details - ImportResultOutputID=99a1cefb3d61cbb7d1a16ccc8602914d DependenciesID=17d72125454bad84e16b640b82649270 StaticDependenciesID=b132c8a4e123e7e4f9873f5ef99add22 
Number of updated asset objects reloaded before import = 0
Number of asset objects unloaded after import = 0
========================================================================
Received Import Request.
  Time of request: 2026-09-27T03:54:23.2519485Z
  Time since last request: 0.0005688 seconds.
  importAddress: GUID: c9219e99d466b7741a057132d1994f35 - Path: Packages/com.unity.test-framework/UnityEditor.TestRunner/TestRunner/EditModeRunner.cs - Importer: ScriptedImporter/UnityEditor.QuickSearchModule:UnityEditor.Search:ASIAI0B
Importing 'GUID: c9219e99d466b7741a057132d1994f35 - Path: Packages/com.unity.test-framework/UnityEditor.TestRunner/TestRunner/EditModeRunner.cs - Importer: ScriptedImporter/UnityEditor.QuickSearchModule:UnityEditor.Search:ASIAI0B' with importer (ScriptedImporter : UnityEditor.QuickSearchModule:UnityEditor.Search:ASIAI0B)
Imported 'GUID: c9219e99d466b7741a057132d1994f35' -> (Import Result ID: 'c5c27e13f27ab6965a544bdaa61d2816') in 0.002 seconds [static and dynamic dependencies]. Details - ImportResultOutputID=d9070d592d31f8c031f7a6ed274c9ba9 DependenciesID=e224789e31240d31542187e822e9f06d StaticDependenciesID=346e0e45dfd618e301b6e42c366cfec3 
Number of updated asset objects reloaded before import = 0
Number of asset objects unloaded after import = 0
========================================================================
Received Import Request.
  Time of request: 2026-09-27T03:54:23.2547132Z
  Time since last request: 0.0006228 seconds.
  importAddress: GUID: 8a06b6fbaa6f4191aa47b7e31242f061 - Path: Packages/com.unity.test-framework/UnityEditor.TestRunner/Api/TestRunProgress.cs - Importer: ScriptedImporter/UnityEditor.QuickSearchModule:UnityEditor.Search:ASIAI0B
Importing 'GUID: 8a06b6fbaa6f4191aa47b7e31242f061 - Path: Packages/com.unity.test-framework/UnityEditor.TestRunner/Api/TestRunProgress.cs - Importer: ScriptedImporter/UnityEditor.QuickSearchModule:UnityEditor.Search:ASIAI0B' with importer (ScriptedImporter : UnityEditor.QuickSearchModule:UnityEditor.Search:ASIAI0B)
Imported 'GUID: 8a06b6fbaa6f4191aa47b7e31242f061' -> (Import Result ID: '91875f498681dbe29c237448cdaa24e5') in 0.005 seconds [static and dynamic dependencies]. Details - ImportResultOutputID=6b2c2d3b90ffc43d3be8074252f4ca03 DependenciesID=49950ff05e64d92f36c93b42c04faf22 StaticDependenciesID=216ba822a3288564a6d80cc58bfdb576 
Number of updated asset objects reloaded before import = 0
Number of asset objects unloaded after import = 0
========================================================================
Received Import Request.
  Time of request: 2026-09-27T03:54:23.2603993Z
  Time since last request: 0.000642 seconds.
  importAddress: GUID: d0138170d24533e47b8e6c250c6d7fbc - Path: Packages/com.unity.test-framework/UnityEditor.TestRunner/GUI/GuiHelper.cs - Importer: ScriptedImporter/UnityEditor.QuickSearchModule:UnityEditor.Search:ASIAI0B
Importing 'GUID: d0138170d24533e47b8e6c250c6d7fbc - Path: Packages/com.unity.test-framework/UnityEditor.TestRunner/GUI/GuiHelper.cs - Importer: ScriptedImporter/UnityEditor.QuickSearchModule:UnityEditor.Search:ASIAI0B' with importer (ScriptedImporter : UnityEditor.QuickSearchModule:UnityEditor.Search:ASIAI0B)
Imported 'GUID: d0138170d24533e47b8e6c250c6d7fbc' -> (Import Result ID: '0f8f161a423ced7be6b4ae81e96df5b9') in 0.002 seconds [static and dynamic dependencies]. Details - ImportResultOutputID=255192c59e0b0367e444963feac2e799 DependenciesID=904715b6469a2307189c6c01eae4fad2 StaticDependenciesID=c4aad321ee96d2652714c6a92fcde56c 
Number of updated asset objects reloaded before import = 0
Number of asset objects unloaded after import = 0
========================================================================
Received Import Request.
  Time of request: 2026-09-27T03:54:23.2637225Z
  Time since last request: 0.0007283 seconds.
  importAddress: GUID: ef563c5a6ecf64d4193dc144cb7d472a - Path: Packages/com.unity.test-framework/UnityEditor.TestRunner/CommandLineTest/ResultsSavingCallbacks.cs - Importer: ScriptedImporter/UnityEditor.QuickSearchModule:UnityEditor.Search:ASIAI0B
Importing 'GUID: ef563c5a6ecf64d4193dc144cb7d472a - Path: Packages/com.unity.test-framework/UnityEditor.TestRunner/CommandLineTest/ResultsSavingCallbacks.cs - Importer: ScriptedImporter/UnityEditor.QuickSearchModule:UnityEditor.Search:ASIAI0B' with importer (ScriptedImporter : UnityEditor.QuickSearchModule:UnityEditor.Search:ASIAI0B)
Imported 'GUID: ef563c5a6ecf64d4193dc144cb7d472a' -> (Import Result ID: 'dfcac0d8d70eb76790e22a91739acc7e') in 0.003 seconds [static and dynamic dependencies]. Details - ImportResultOutputID=b4180ff1a9c55b02701ad53955512400 DependenciesID=de4ee4667add23982ea62ce114ecf481 StaticDependenciesID=da1b774daba185d0ef66cc308d53896f 
Number of updated asset objects reloaded before import = 0
Number of asset objects unloaded after import = 0
========================================================================
Received Import Request.
  Time of request: 2026-09-27T03:54:23.267152Z
  Time since last request: 0.0005523 seconds.
  importAddress: GUID: a3529368f4cd0424a89aa51080a16b06 - Path: Packages/com.unity.test-framework/UnityEditor.TestRunner/CommandLineParser/CommandLineOption.cs - Importer: ScriptedImporter/UnityEditor.QuickSearchModule:UnityEditor.Search:ASIAI0B
Importing 'GUID: a3529368f4cd0424a89aa51080a16b06 - Path: Packages/com.unity.test-framework/UnityEditor.TestRunner/CommandLineParser/CommandLineOption.cs - Importer: ScriptedImporter/UnityEditor.QuickSearchModule:UnityEditor.Search:ASIAI0B' with importer (ScriptedImporter : UnityEditor.QuickSearchModule:UnityEditor.Search:ASIAI0B)
Imported 'GUID: a3529368f4cd0424a89aa51080a16b06' -> (Import Result ID: '34d15cba5be7231e87013e01db2ea6f4') in 0.002 seconds [static and dynamic dependencies]. Details - ImportResultOutputID=51bf4e0fa14816590c0528d358c4e404 DependenciesID=59bb3aa9d32537bf8cd2129ba997b826 StaticDependenciesID=c82b75ad19da444e9d4849b2c3e2b796 
Number of updated asset objects reloaded before import = 0
Number of asset objects unloaded after import = 0
========================================================================
Received Import Request.
  Time of request: 2026-09-27T03:54:23.2705262Z
  Time since last request: 0.0006336 seconds.
  importAddress: GUID: 5a0dfda606a24736913c00edd76e55f6 - Path: Packages/com.unity.test-framework/UnityEditor.TestRunner/GUI/TestRunnerGUI.cs - Importer: ScriptedImporter/UnityEditor.QuickSearchModule:UnityEditor.Search:ASIAI0B
Importing 'GUID: 5a0dfda606a24736913c00edd76e55f6 - Path: Packages/com.unity.test-framework/UnityEditor.TestRunner/GUI/TestRunnerGUI.cs - Importer: ScriptedImporter/UnityEditor.QuickSearchModule:UnityEditor.Search:ASIAI0B' with importer (ScriptedImporter : UnityEditor.QuickSearchModule:UnityEditor.Search:ASIAI0B)
Imported 'GUID: 5a0dfda606a24736913c00edd76e55f6' -> (Import Result ID: 'f4e2914ee8215fbcaab8bda2cf623891') in 0.004 seconds [static and dynamic dependencies]. Details - ImportResultOutputID=5e1e1780c8aca0471d080ae3eca651d1 DependenciesID=68517de6859c7a52501cb7d65a190e97 StaticDependenciesID=bc70309a1a9557307d7ccb61696d4ff2 
Number of updated asset objects reloaded before import = 0
Number of asset objects unloaded after import = 0
========================================================================
Received Import Request.
  Time of request: 2026-09-27T03:54:23.2756858Z
  Time since last request: 0.0007818 seconds.
  importAddress: GUID: a582090813554df479fb9ca03e9857d3 - Path: Packages/com.unity.test-framework/UnityEditor.TestRunner/TestLaunchers/EditModeLauncherContextSettings.cs - Importer: ScriptedImporter/UnityEditor.QuickSearchModule:UnityEditor.Search:ASIAI0B
Importing 'GUID: a582090813554df479fb9ca03e9857d3 - Path: Packages/com.unity.test-framework/UnityEditor.TestRunner/TestLaunchers/EditModeLauncherContextSettings.cs - Importer: ScriptedImporter/UnityEditor.QuickSearchModule:UnityEditor.Search:ASIAI0B' with importer (ScriptedImporter : UnityEditor.QuickSearchModule:UnityEditor.Search:ASIAI0B)
Imported 'GUID: a582090813554df479fb9ca03e9857d3' -> (Import Result ID: '3cfd25a2ae67606b00d1607e9d14e2e9') in 0.002 seconds [static and dynamic dependencies]. Details - ImportResultOutputID=0af6bf217c3d60186aab776925f4d521 DependenciesID=0ea633b41ac9a72560bf808911e8dacb StaticDependenciesID=3c475adf21912f6d0e95e3092bb0719a 
Number of updated asset objects reloaded before import = 0
Number of asset objects unloaded after import = 0
========================================================================
Received Import Request.
  Time of request: 2026-09-27T03:54:23.2791633Z
  Time since last request: 0.0007149 seconds.
  importAddress: GUID: 083c6a3a5426382449369ddc12b691d8 - Path: Packages/com.unity.test-framework/UnityEditor.TestRunner/CommandLineTest/Executer.cs - Importer: ScriptedImporter/UnityEditor.QuickSearchModule:UnityEditor.Search:ASIAI0B
Importing 'GUID: 083c6a3a5426382449369ddc12b691d8 - Path: Packages/com.unity.test-framework/UnityEditor.TestRunner/CommandLineTest/Executer.cs - Importer: ScriptedImporter/UnityEditor.QuickSearchModule:UnityEditor.Search:ASIAI0B' with importer (ScriptedImporter : UnityEditor.QuickSearchModule:UnityEditor.Search:ASIAI0B)
Imported 'GUID: 083c6a3a5426382449369ddc12b691d8' -> (Import Result ID: 'ae0d703e4f092fd8432042c11af8767e') in 0.005 seconds [static and dynamic dependencies]. Details - ImportResultOutputID=ddba110033c9bd69388bf2796b0c585f DependenciesID=7eb49d8748936c05a803c150986468fc StaticDependenciesID=d05281844b4357cf8d253fa4e221f22f 
Number of updated asset objects reloaded before import = 0
Number of asset objects unloaded after import = 0
========================================================================
Received Import Request.
  Time of request: 2026-09-27T03:54:23.2847131Z
  Time since last request: 0.000659 seconds.
  importAddress: GUID: d3217d58bbd1d2b4aaee933e2e8b9195 - Path: Packages/com.unity.test-framework/UnityEditor.TestRunner/TestLaunchers/PlaymodeLauncher.cs - Importer: ScriptedImporter/UnityEditor.QuickSearchModule:UnityEditor.Search:ASIAI0B
Importing 'GUID: d3217d58bbd1d2b4aaee933e2e8b9195 - Path: Packages/com.unity.test-framework/UnityEditor.TestRunner/TestLaunchers/PlaymodeLauncher.cs - Importer: ScriptedImporter/UnityEditor.QuickSearchModule:UnityEditor.Search:ASIAI0B' with importer (ScriptedImporter : UnityEditor.QuickSearchModule:UnityEditor.Search:ASIAI0B)
Imported 'GUID: d3217d58bbd1d2b4aaee933e2e8b9195' -> (Import Result ID: '30be8df7b9b2287c62271c4074d88299') in 0.003 seconds [static and dynamic dependencies]. Details - ImportResultOutputID=dedc6408dd157c4cbac28a597a86d7da DependenciesID=2f9513608f2259d014357efed404cae7 StaticDependenciesID=7ac4dea275d060b9a6af68f922bd4482 
Number of updated asset objects reloaded before import = 0
Number of asset objects unloaded after import = 0
========================================================================
Received Import Request.
  Time of request: 2026-09-27T03:54:23.2888351Z
  Time since last request: 0.0007024 seconds.
  importAddress: GUID: 1cddf785b0d07434d8e0607c97b09135 - Path: Packages/com.unity.test-framework/UnityEditor.TestRunner/TestLaunchers/TestLauncherBase.cs - Importer: ScriptedImporter/UnityEditor.QuickSearchModule:UnityEditor.Search:ASIAI0B
Importing 'GUID: 1cddf785b0d07434d8e0607c97b09135 - Path: Packages/com.unity.test-framework/UnityEditor.TestRunner/TestLaunchers/TestLauncherBase.cs - Importer: ScriptedImporter/UnityEditor.QuickSearchModule:UnityEditor.Search:ASIAI0B' with importer (ScriptedImporter : UnityEditor.QuickSearchModule:UnityEditor.Search:ASIAI0B)
Imported 'GUID: 1cddf785b0d07434d8e0607c97b09135' -> (Import Result ID: '46a30787133e35c62163de34f204ac4b') in 0.002 seconds [static and dynamic dependencies]. Details - ImportResultOutputID=8b881cc66c58fc1febd5e9df32ed133f DependenciesID=04848c609a9c8fdf1e838cd17ca318a3 StaticDependenciesID=b58f9560809b39118c2a9ffed61b114c 
Number of updated asset objects reloaded before import = 0
Number of asset objects unloaded after import = 0
========================================================================
Received Import Request.
  Time of request: 2026-09-27T03:54:23.2916356Z
  Time since last request: 0.0005757 seconds.
  importAddress: GUID: 124533853216377448d786fd7c725701 - Path: Packages/com.unity.test-framework/UnityEditor.TestRunner/NUnitExtension/TestRunnerStateSerializer.cs - Importer: ScriptedImporter/UnityEditor.QuickSearchModule:UnityEditor.Search:ASIAI0B
Importing 'GUID: 124533853216377448d786fd7c725701 - Path: Packages/com.unity.test-framework/UnityEditor.TestRunner/NUnitExtension/TestRunnerStateSerializer.cs - Importer: ScriptedImporter/UnityEditor.QuickSearchModule:UnityEditor.Search:ASIAI0B' with importer (ScriptedImporter : UnityEditor.QuickSearchModule:UnityEditor.Search:ASIAI0B)
Imported 'GUID: 124533853216377448d786fd7c725701' -> (Import Result ID: 'e8e4d49b2dae41dc6363b2c19a1208a9') in 0.002 seconds [static and dynamic dependencies]. Details - ImportResultOutputID=9e0127fd73b73fafcf3f16080216e6cd DependenciesID=e789c6fc60cbbecbf1de261697c9fdf8 StaticDependenciesID=42411b5f69b3d469d2ea48a2d22e45f4 
Number of updated asset objects reloaded before import = 0
Number of asset objects unloaded after import = 0
========================================================================
Received Import Request.
  Time of request: 2026-09-27T03:54:23.2942171Z
  Time since last request: 0.0005896 seconds.
  importAddress: GUID: 3297738ef11b478a8b7ee802953ae768 - Path: Packages/com.unity.test-framework/UnityEditor.TestRunner/CommandLineTest/IExecuter.cs - Importer: ScriptedImporter/UnityEditor.QuickSearchModule:UnityEditor.Search:ASIAI0B
Importing 'GUID: 3297738ef11b478a8b7ee802953ae768 - Path: Packages/com.unity.test-framework/UnityEditor.TestRunner/CommandLineTest/IExecuter.cs - Importer: ScriptedImporter/UnityEditor.QuickSearchModule:UnityEditor.Search:ASIAI0B' with importer (ScriptedImporter : UnityEditor.QuickSearchModule:UnityEditor.Search:ASIAI0B)
Imported 'GUID: 3297738ef11b478a8b7ee802953ae768' -> (Import Result ID: '605d67c03593aace2bb6bbc7d0824ce8') in 0.002 seconds [static and dynamic dependencies]. Details - ImportResultOutputID=0467fb88ae084b15363e94bd4bb1eeba DependenciesID=5635850307e4ff7171f6dc17a59789a9 StaticDependenciesID=60739ca7899b5ea4f1f18d095c4f6cbb 
Number of updated asset objects reloaded before import = 0
Number of asset objects unloaded after import = 0
========================================================================
Received Import Request.
  Time of request: 2026-09-27T03:54:23.2973713Z
  Time since last request: 0.0006342 seconds.
  importAddress: GUID: 4230e406313f1db43a4b548e7a3ad2e2 - Path: Packages/com.unity.test-framework/UnityEditor.TestRunner/Api/ITestTreeRebuildCallbacks.cs - Importer: ScriptedImporter/UnityEditor.QuickSearchModule:UnityEditor.Search:ASIAI0B
Importing 'GUID: 4230e406313f1db43a4b548e7a3ad2e2 - Path: Packages/com.unity.test-framework/UnityEditor.TestRunner/Api/ITestTreeRebuildCallbacks.cs - Importer: ScriptedImporter/UnityEditor.QuickSearchModule:UnityEditor.Search:ASIAI0B' with importer (ScriptedImporter : UnityEditor.QuickSearchModule:UnityEditor.Search:ASIAI0B)
Imported 'GUID: 4230e406313f1db43a4b548e7a3ad2e2' -> (Import Result ID: 'f956a54f87ee86ac3b0cd48c6d389006') in 0.002 seconds [static and dynamic dependencies]. Details - ImportResultOutputID=6d9e6567f744073ec067ef3eca67d59b DependenciesID=4e0f60d152038f709c515ad68b6d413c StaticDependenciesID=c3a32a4f991debf53fb383f0a1eda4d0 
Number of updated asset objects reloaded before import = 0
Number of asset objects unloaded after import = 0
========================================================================
Received Import Request.
  Time of request: 2026-09-27T03:54:23.3001585Z
  Time since last request: 0.0006572 seconds.
  importAddress: GUID: a7842a837a4b13e41ae16193db753418 - Path: Packages/com.unity.test-framework/UnityEditor.TestRunner/Api/ITestRunnerApi.cs - Importer: ScriptedImporter/UnityEditor.QuickSearchModule:UnityEditor.Search:ASIAI0B
Importing 'GUID: a7842a837a4b13e41ae16193db753418 - Path: Packages/com.unity.test-framework/UnityEditor.TestRunner/Api/ITestRunnerApi.cs - Importer: ScriptedImporter/UnityEditor.QuickSearchModule:UnityEditor.Search:ASIAI0B' with importer (ScriptedImporter : UnityEditor.QuickSearchModule:UnityEditor.Search:ASIAI0B)
Imported 'GUID: a7842a837a4b13e41ae16193db753418' -> (Import Result ID: 'c669606a35e10f8e61b0ffd731516598') in 0.003 seconds [static and dynamic dependencies]. Details - ImportResultOutputID=a900a06a6571cd5ca34a4c52f934de66 DependenciesID=9cc0a81460505949a3b4f4191bf5a675 StaticDependenciesID=431edeb2cdd646e3bace87b635c286b5 
Number of updated asset objects reloaded before import = 0
Number of asset objects unloaded after import = 0
========================================================================
Received Import Request.
  Time of request: 2026-09-27T03:54:23.3038327Z
  Time since last request: 0.0006652 seconds.
  importAddress: GUID: cad095eccea17b741bc4cd264e7441cd - Path: Packages/com.unity.test-framework/UnityEditor.TestRunner/Api/TestMode.cs - Importer: ScriptedImporter/UnityEditor.QuickSearchModule:UnityEditor.Search:ASIAI0B
Importing 'GUID: cad095eccea17b741bc4cd264e7441cd - Path: Packages/com.unity.test-framework/UnityEditor.TestRunner/Api/TestMode.cs - Importer: ScriptedImporter/UnityEditor.QuickSearchModule:UnityEditor.Search:ASIAI0B' with importer (ScriptedImporter : UnityEditor.QuickSearchModule:UnityEditor.Search:ASIAI0B)
Imported 'GUID: cad095eccea17b741bc4cd264e7441cd' -> (Import Result ID: 'fccbdb2533311564e4bae791739e6a16') in 0.002 seconds [static and dynamic dependencies]. Details - ImportResultOutputID=c4dcab9d2f45c32b0d57155f4adb4c95 DependenciesID=285aa7783309eb926835244520967194 StaticDependenciesID=c6d624315335bad22bd19f0e0b4d012f 
Number of updated asset objects reloaded before import = 0
Number of asset objects unloaded after import = 0
========================================================================
Received Import Request.
  Time of request: 2026-09-27T03:54:23.3066136Z
  Time since last request: 0.0006163 seconds.
  importAddress: GUID: 4f90cfe4bf5cfb44f84a5b11387f2a42 - Path: Packages/com.unity.test-framework/UnityEditor.TestRunner/Api/ITestResultAdaptor.cs - Importer: ScriptedImporter/UnityEditor.QuickSearchModule:UnityEditor.Search:ASIAI0B
Importing 'GUID: 4f90cfe4bf5cfb44f84a5b11387f2a42 - Path: Packages/com.unity.test-framework/UnityEditor.TestRunner/Api/ITestResultAdaptor.cs - Importer: ScriptedImporter/UnityEditor.QuickSearchModule:UnityEditor.Search:ASIAI0B' with importer (ScriptedImporter : UnityEditor.QuickSearchModule:UnityEditor.Search:ASIAI0B)
Imported 'GUID: 4f90cfe4bf5cfb44f84a5b11387f2a42' -> (Import Result ID: 'fc2a95a0be3b1effa82d5a4765b0e42f') in 0.002 seconds [static and dynamic dependencies]. Details - ImportResultOutputID=fc20833af64c44d4587c719c762ea2a9 DependenciesID=9d30fc8a2bf5f561ac6d55c68dc18c88 StaticDependenciesID=7615e1ccbcc4f4ebfa1fbb69444700eb 
Number of updated asset objects reloaded before import = 0
Number of asset objects unloaded after import = 0
========================================================================
Received Import Request.
  Time of request: 2026-09-27T03:54:23.3094982Z
  Time since last request: 0.0006953 seconds.
  importAddress: GUID: 4d616d1a494edd144b262cf6cd5e5fda - Path: Packages/com.unity.test-framework/UnityEditor.TestRunner/CommandLineTest/TestStarter.cs - Importer: ScriptedImporter/UnityEditor.QuickSearchModule:UnityEditor.Search:ASIAI0B
Importing 'GUID: 4d616d1a494edd144b262cf6cd5e5fda - Path: Packages/com.unity.test-framework/UnityEditor.TestRunner/CommandLineTest/TestStarter.cs - Importer: ScriptedImporter/UnityEditor.QuickSearchModule:UnityEditor.Search:ASIAI0B' with importer (ScriptedImporter : UnityEditor.QuickSearchModule:UnityEditor.Search:ASIAI0B)
Imported 'GUID: 4d616d1a494edd144b262cf6cd5e5fda' -> (Import Result ID: '9acbda95ebfa41c7feb186b366f2933e') in 0.002 seconds [static and dynamic dependencies]. Details - ImportResultOutputID=8e35f8e35826b21e7e76aefd7cbe55e4 DependenciesID=9328ec32c4b44888ba73c82d4e6e8273 StaticDependenciesID=fac7c0b1bb49194eaaec97ed7357de62 
Number of updated asset objects reloaded before import = 0
Number of asset objects unloaded after import = 0
========================================================================
Received Import Request.
  Time of request: 2026-09-27T03:54:23.3130273Z
  Time since last request: 0.000704 seconds.
  importAddress: GUID: a04a45bbed9e1714f9902fc9443669b9 - Path: Packages/com.unity.test-framework/UnityEditor.TestRunner/GUI/TestRunnerResult.cs - Importer: ScriptedImporter/UnityEditor.QuickSearchModule:UnityEditor.Search:ASIAI0B
Importing 'GUID: a04a45bbed9e1714f9902fc9443669b9 - Path: Packages/com.unity.test-framework/UnityEditor.TestRunner/GUI/TestRunnerResult.cs - Importer: ScriptedImporter/UnityEditor.QuickSearchModule:UnityEditor.Search:ASIAI0B' with importer (ScriptedImporter : UnityEditor.QuickSearchModule:UnityEditor.Search:ASIAI0B)
Imported 'GUID: a04a45bbed9e1714f9902fc9443669b9' -> (Import Result ID: '689c1505d65d19e3bef562653b0801d1') in 0.002 seconds [static and dynamic dependencies]. Details - ImportResultOutputID=40df216a4e2f1b48a07e478239348f96 DependenciesID=94d4d34e625075a90f6deeea659c85af StaticDependenciesID=ea80f2a239b09b2314958c27ca1dc9ab 
Number of updated asset objects reloaded before import = 0
Number of asset objects unloaded after import = 0
========================================================================
Received Import Request.
  Time of request: 2026-09-27T03:54:23.3161849Z
  Time since last request: 0.0005017 seconds.
  importAddress: GUID: 8173ba5b162e4e5882521d173c36acec - Path: Packages/com.unity.test-framework/UnityEditor.TestRunner/TestRun/ITestJobRunner.cs - Importer: ScriptedImporter/UnityEditor.QuickSearchModule:UnityEditor.Search:ASIAI0B
Importing 'GUID: 8173ba5b162e4e5882521d173c36acec - Path: Packages/com.unity.test-framework/UnityEditor.TestRunner/TestRun/ITestJobRunner.cs - Importer: ScriptedImporter/UnityEditor.QuickSearchModule:UnityEditor.Search:ASIAI0B' with importer (ScriptedImporter : UnityEditor.QuickSearchModule:UnityEditor.Search:ASIAI0B)
Imported 'GUID: 8173ba5b162e4e5882521d173c36acec' -> (Import Result ID: '3b88156dbb19fbbca8c3ac241f46e7ea') in 0.003 seconds [static and dynamic dependencies]. Details - ImportResultOutputID=d0242de74016643aa6818befb30cb26f DependenciesID=24a3517b0ad61e1af58712f8d4e9c90c StaticDependenciesID=b90682fbc4914c23920fb6a4d6ecedd1 
Number of updated asset objects reloaded before import = 0
Number of asset objects unloaded after import = 0
========================================================================
Received Import Request.
  Time of request: 2026-09-27T03:54:23.3196444Z
  Time since last request: 0.0006491 seconds.
  importAddress: GUID: 3f8c1075884df0249b80e23a0598f9c1 - Path: Packages/com.unity.test-framework/UnityEditor.TestRunner/CommandLineTest/RunData.cs - Importer: ScriptedImporter/UnityEditor.QuickSearchModule:UnityEditor.Search:ASIAI0B
Importing 'GUID: 3f8c1075884df0249b80e23a0598f9c1 - Path: Packages/com.unity.test-framework/UnityEditor.TestRunner/CommandLineTest/RunData.cs - Importer: ScriptedImporter/UnityEditor.QuickSearchModule:UnityEditor.Search:ASIAI0B' with importer (ScriptedImporter : UnityEditor.QuickSearchModule:UnityEditor.Search:ASIAI0B)
Imported 'GUID: 3f8c1075884df0249b80e23a0598f9c1' -> (Import Result ID: 'a69cff8698111559d40690023cf03808') in 0.002 seconds [static and dynamic dependencies]. Details - ImportResultOutputID=7a3d4f40ec73750ef44663ee2f27a836 DependenciesID=f68cd41e6d1e9313dc26eec4181b7eb7 StaticDependenciesID=0f83f18ceea8e36fe309d07a3a1dc3d3 
Number of updated asset objects reloaded before import = 0
Number of asset objects unloaded after import = 0
========================================================================
Received Import Request.
  Time of request: 2026-09-27T03:54:23.3228231Z
  Time since last request: 0.0005749 seconds.
  importAddress: GUID: 63572993f2104574099a48392460b211 - Path: Packages/com.unity.test-framework/UnityEditor.TestRunner/CommandLineTest/SetupException.cs - Importer: ScriptedImporter/UnityEditor.QuickSearchModule:UnityEditor.Search:ASIAI0B
Importing 'GUID: 63572993f2104574099a48392460b211 - Path: Packages/com.unity.test-framework/UnityEditor.TestRunner/CommandLineTest/SetupException.cs - Importer: ScriptedImporter/UnityEditor.QuickSearchModule:UnityEditor.Search:ASIAI0B' with importer (ScriptedImporter : UnityEditor.QuickSearchModule:UnityEditor.Search:ASIAI0B)
Imported 'GUID: 63572993f2104574099a48392460b211' -> (Import Result ID: 'c88b04a6a00ad65c84b3d92c1113b0bd') in 0.002 seconds [static and dynamic dependencies]. Details - ImportResultOutputID=690536302b6b08a9d7eeb245a05801ca DependenciesID=0a8927a80ff13231507923024be53a21 StaticDependenciesID=e2e3fb98f9af3000375b4c9714810ff7 
Number of updated asset objects reloaded before import = 0
Number of asset objects unloaded after import = 0
========================================================================
Received Import Request.
  Time of request: 2026-09-27T03:54:23.3257374Z
  Time since last request: 0.0006775 seconds.
  importAddress: GUID: 6e0e62db88935c74288c97c907243bd0 - Path: Packages/com.unity.test-framework/UnityEditor.TestRunner/Api/TestAdaptor.cs - Importer: ScriptedImporter/UnityEditor.QuickSearchModule:UnityEditor.Search:ASIAI0B
Importing 'GUID: 6e0e62db88935c74288c97c907243bd0 - Path: Packages/com.unity.test-framework/UnityEditor.TestRunner/Api/TestAdaptor.cs - Importer: ScriptedImporter/UnityEditor.QuickSearchModule:UnityEditor.Search:ASIAI0B' with importer (ScriptedImporter : UnityEditor.QuickSearchModule:UnityEditor.Search:ASIAI0B)
Imported 'GUID: 6e0e62db88935c74288c97c907243bd0' -> (Import Result ID: '276fe319d755b1e95a4854b72e5476d9') in 0.002 seconds [static and dynamic dependencies]. Details - ImportResultOutputID=6af1603ae26b9536c81bfc6ff8aed782 DependenciesID=1b4be7890dc6815537bb4f1d28273775 StaticDependenciesID=253812df16c96a48e653d330e21dc382 
Number of updated asset objects reloaded before import = 0
Number of asset objects unloaded after import = 0
========================================================================
Received Import Request.
  Time of request: 2026-09-27T03:54:23.3282508Z
  Time since last request: 0.0005678 seconds.
  importAddress: GUID: 43db38ca7188900429bf8be95ebbe197 - Path: Packages/com.unity.test-framework/UnityEditor.TestRunner/CommandLineTest/RunStateCallbacks.cs - Importer: ScriptedImporter/UnityEditor.QuickSearchModule:UnityEditor.Search:ASIAI0B
Importing 'GUID: 43db38ca7188900429bf8be95ebbe197 - Path: Packages/com.unity.test-framework/UnityEditor.TestRunner/CommandLineTest/RunStateCallbacks.cs - Importer: ScriptedImporter/UnityEditor.QuickSearchModule:UnityEditor.Search:ASIAI0B' with importer (ScriptedImporter : UnityEditor.QuickSearchModule:UnityEditor.Search:ASIAI0B)
Imported 'GUID: 43db38ca7188900429bf8be95ebbe197' -> (Import Result ID: 'f2509a5615ef199ec800c7c38e8685dc') in 0.002 seconds [static and dynamic dependencies]. Details - ImportResultOutputID=1f63647f6f366f8f8ea4d2cefc51fd1d DependenciesID=1692c61ef7d645711a00b0f596679f97 StaticDependenciesID=6b0307aabf28261cbfb70b87420b6753 
Number of updated asset objects reloaded before import = 0
Number of asset objects unloaded after import = 0
========================================================================
Received Import Request.
  Time of request: 2026-09-27T03:54:23.3312635Z
  Time since last request: 0.0007205 seconds.
  importAddress: GUID: 7d0a7ea6062a4f42bcea6cb642817537 - Path: Packages/com.unity.test-framework/UnityEditor.TestRunner/TestRun/ITestJobDataHolder.cs - Importer: ScriptedImporter/UnityEditor.QuickSearchModule:UnityEditor.Search:ASIAI0B
Importing 'GUID: 7d0a7ea6062a4f42bcea6cb642817537 - Path: Packages/com.unity.test-framework/UnityEditor.TestRunner/TestRun/ITestJobDataHolder.cs - Importer: ScriptedImporter/UnityEditor.QuickSearchModule:UnityEditor.Search:ASIAI0B' with importer (ScriptedImporter : UnityEditor.QuickSearchModule:UnityEditor.Search:ASIAI0B)
Imported 'GUID: 7d0a7ea6062a4f42bcea6cb642817537' -> (Import Result ID: '77cab39dcfb6684a16130ce7d4a2d432') in 0.002 seconds [static and dynamic dependencies]. Details - ImportResultOutputID=36dc118353bfd5e4e3e6e4ece9058a0c DependenciesID=2b6eba3a6ebba2b362f8732de5b7654e StaticDependenciesID=f17848506f2261f8ca834fc0d870aa63 
Number of updated asset objects reloaded before import = 0
Number of asset objects unloaded after import = 0
========================================================================
Received Import Request.
  Time of request: 2026-09-27T03:54:23.3346509Z
  Time since last request: 0.000679 seconds.
  importAddress: GUID: 901b761c5c1e22d4e8a3ba7d95bc1f5d - Path: Packages/com.unity.test-framework/UnityEditor.TestRunner/TestRunner/EnumeratorStepHelper.cs - Importer: ScriptedImporter/UnityEditor.QuickSearchModule:UnityEditor.Search:ASIAI0B
Importing 'GUID: 901b761c5c1e22d4e8a3ba7d95bc1f5d - Path: Packages/com.unity.test-framework/UnityEditor.TestRunner/TestRunner/EnumeratorStepHelper.cs - Importer: ScriptedImporter/UnityEditor.QuickSearchModule:UnityEditor.Search:ASIAI0B' with importer (ScriptedImporter : UnityEditor.QuickSearchModule:UnityEditor.Search:ASIAI0B)
Imported 'GUID: 901b761c5c1e22d4e8a3ba7d95bc1f5d' -> (Import Result ID: '73d0b11318114fd43043a0148f061f66') in 0.002 seconds [static and dynamic dependencies]. Details - ImportResultOutputID=f4778333ce0ac7f24ba8237801afd752 DependenciesID=b0e5a7037c4cdf3a66e8148473cdf52e StaticDependenciesID=4c1d6a373c4d3471c3fdbdf1288a0f49 
Number of updated asset objects reloaded before import = 0
Number of asset objects unloaded after import = 0
========================================================================
Received Import Request.
  Time of request: 2026-09-27T03:54:23.3377549Z
  Time since last request: 0.0005868 seconds.
  importAddress: GUID: 59d3f5586b341a74c84c8f72144a4568 - Path: Packages/com.unity.test-framework/UnityEditor.TestRunner/CommandLineTest/RunSettings.cs - Importer: ScriptedImporter/UnityEditor.QuickSearchModule:UnityEditor.Search:ASIAI0B
Importing 'GUID: 59d3f5586b341a74c84c8f72144a4568 - Path: Packages/com.unity.test-framework/UnityEditor.TestRunner/CommandLineTest/RunSettings.cs - Importer: ScriptedImporter/UnityEditor.QuickSearchModule:UnityEditor.Search:ASIAI0B' with importer (ScriptedImporter : UnityEditor.QuickSearchModule:UnityEditor.Search:ASIAI0B)
Imported 'GUID: 59d3f5586b341a74c84c8f72144a4568' -> (Import Result ID: '70b1bea43b2ad455d32dca7392e52f34') in 0.002 seconds [static and dynamic dependencies]. Details - ImportResultOutputID=53adb4ee6bab59a8230fa0617e49a7dc DependenciesID=e26afc5ae67e448f5a5f92f96a56c921 StaticDependenciesID=b336cde5e829eb062f4a257f2cc97eaa 
Number of updated asset objects reloaded before import = 0
Number of asset objects unloaded after import = 0
========================================================================
Received Import Request.
  Time of request: 2026-09-27T03:54:23.3415904Z
  Time since last request: 0.0014091 seconds.
  importAddress: GUID: 612b00d793cac3c49808ab3ee5428f16 - Path: Packages/com.unity.test-framework/UnityEditor.TestRunner/TestRun/TestJobDataHolder.cs - Importer: ScriptedImporter/UnityEditor.QuickSearchModule:UnityEditor.Search:ASIAI0B
Importing 'GUID: 612b00d793cac3c49808ab3ee5428f16 - Path: Packages/com.unity.test-framework/UnityEditor.TestRunner/TestRun/TestJobDataHolder.cs - Importer: ScriptedImporter/UnityEditor.QuickSearchModule:UnityEditor.Search:ASIAI0B' with importer (ScriptedImporter : UnityEditor.QuickSearchModule:UnityEditor.Search:ASIAI0B)
Imported 'GUID: 612b00d793cac3c49808ab3ee5428f16' -> (Import Result ID: '3e48253be51566baa26c9bc6a5888873') in 0.002 seconds [static and dynamic dependencies]. Details - ImportResultOutputID=1e6c904d20bacb3b119777204e97ba2e DependenciesID=b5e3b4ef638dc4287bc163258b7f1697 StaticDependenciesID=e8cd520ddf92de4243c0851031bb837e 
Number of updated asset objects reloaded before import = 0
Number of asset objects unloaded after import = 0
========================================================================
Received Import Request.
  Time of request: 2026-09-27T03:54:23.3445124Z
  Time since last request: 0.0006376 seconds.
  importAddress: GUID: 139c5eac101a4dc4fb3098e30c29f15e - Path: Packages/com.unity.test-framework/UnityEditor.TestRunner/CommandLineParser/CommandLineOptionSet.cs - Importer: ScriptedImporter/UnityEditor.QuickSearchModule:UnityEditor.Search:ASIAI0B
Importing 'GUID: 139c5eac101a4dc4fb3098e30c29f15e - Path: Packages/com.unity.test-framework/UnityEditor.TestRunner/CommandLineParser/CommandLineOptionSet.cs - Importer: ScriptedImporter/UnityEditor.QuickSearchModule:UnityEditor.Search:ASIAI0B' with importer (ScriptedImporter : UnityEditor.QuickSearchModule:UnityEditor.Search:ASIAI0B)
Imported 'GUID: 139c5eac101a4dc4fb3098e30c29f15e' -> (Import Result ID: '362e321207182a38bc3551337e183024') in 0.002 seconds [static and dynamic dependencies]. Details - ImportResultOutputID=a0fae1ab4b2b346e3bb00356fb55360b DependenciesID=22c550d48b86d3ebeb2d36775e5bea25 StaticDependenciesID=0f6c590342527609b347bf15d43341bc 
Number of updated asset objects reloaded before import = 0
Number of asset objects unloaded after import = 0
========================================================================
Received Import Request.
  Time of request: 2026-09-27T03:54:23.3473003Z
  Time since last request: 0.0005832 seconds.
  importAddress: GUID: d208a1684f8aa6a40ad91d6aa9600c14 - Path: Packages/com.unity.test-framework/UnityEditor.TestRunner/TestSettings/ITestSettingsDeserializer.cs - Importer: ScriptedImporter/UnityEditor.QuickSearchModule:UnityEditor.Search:ASIAI0B
Importing 'GUID: d208a1684f8aa6a40ad91d6aa9600c14 - Path: Packages/com.unity.test-framework/UnityEditor.TestRunner/TestSettings/ITestSettingsDeserializer.cs - Importer: ScriptedImporter/UnityEditor.QuickSearchModule:UnityEditor.Search:ASIAI0B' with importer (ScriptedImporter : UnityEditor.QuickSearchModule:UnityEditor.Search:ASIAI0B)
Imported 'GUID: d208a1684f8aa6a40ad91d6aa9600c14' -> (Import Result ID: 'c8960bb8f3ea9cb3ca0154e904de7d02') in 0.002 seconds [static and dynamic dependencies]. Details - ImportResultOutputID=3f8d9a0472a5c71abd5fdf7740dba39f DependenciesID=891e572d6a2bbdf6766b4958fe299ead StaticDependenciesID=ce55dee587119e94f4438c4bfb33550e 
Number of updated asset objects reloaded before import = 0
Number of asset objects unloaded after import = 0
========================================================================
Received Import Request.
  Time of request: 2026-09-27T03:54:23.3646246Z
  Time since last request: 0.0147502 seconds.
  importAddress: GUID: 621fd19bcb071b64aa1d68f0271aa780 - Path: Packages/com.unity.test-framework/UnityEngine.TestRunner/Utils/PostBuildCleanupAttribute.cs - Importer: ScriptedImporter/UnityEditor.QuickSearchModule:UnityEditor.Search:ASIAI0B
Importing 'GUID: 621fd19bcb071b64aa1d68f0271aa780 - Path: Packages/com.unity.test-framework/UnityEngine.TestRunner/Utils/PostBuildCleanupAttribute.cs - Importer: ScriptedImporter/UnityEditor.QuickSearchModule:UnityEditor.Search:ASIAI0B' with importer (ScriptedImporter : UnityEditor.QuickSearchModule:UnityEditor.Search:ASIAI0B)
Imported 'GUID: 621fd19bcb071b64aa1d68f0271aa780' -> (Import Result ID: 'c10ff71ddc642f556affe9e1605af75e') in 0.002 seconds [static and dynamic dependencies]. Details - ImportResultOutputID=0e671fa4606db775733be2327455b938 DependenciesID=0e3cb69b848e2a9ebaf52d28b31a85c0 StaticDependenciesID=78bdeb71f8e7652a404ea4105cf91059 
Number of updated asset objects reloaded before import = 0
Number of asset objects unloaded after import = 0
========================================================================
Received Import Request.
  Time of request: 2026-09-27T03:54:23.3680283Z
  Time since last request: 0.0007265 seconds.
  importAddress: GUID: 68a48d1900320ed458e118415857faf6 - Path: Packages/com.unity.test-framework/UnityEngine.TestRunner/Assertions/ConstraintsExtensions.cs - Importer: ScriptedImporter/UnityEditor.QuickSearchModule:UnityEditor.Search:ASIAI0B
Importing 'GUID: 68a48d1900320ed458e118415857faf6 - Path: Packages/com.unity.test-framework/UnityEngine.TestRunner/Assertions/ConstraintsExtensions.cs - Importer: ScriptedImporter/UnityEditor.QuickSearchModule:UnityEditor.Search:ASIAI0B' with importer (ScriptedImporter : UnityEditor.QuickSearchModule:UnityEditor.Search:ASIAI0B)
Imported 'GUID: 68a48d1900320ed458e118415857faf6' -> (Import Result ID: 'ad74e1a456d1aa93e4de31a28ac08906') in 0.003 seconds [static and dynamic dependencies]. Details - ImportResultOutputID=1fe1941c7ecd2926d9a0e9b8362c9c01 DependenciesID=4ee296113406d500da64cd3a1187f81e StaticDependenciesID=726b293ea8fabd12a299c71f2a7c94be 
Number of updated asset objects reloaded before import = 0
Number of asset objects unloaded after import = 0
========================================================================
Received Import Request.
  Time of request: 2026-09-27T03:54:23.3722899Z
  Time since last request: 0.0005781 seconds.
  importAddress: GUID: 6a3af79041a1431ab3a2a9395a7ed2ae - Path: Packages/com.unity.test-framework/UnityEngine.TestRunner/NUnitExtensions/OrderedTestSuiteModifier.cs - Importer: ScriptedImporter/UnityEditor.QuickSearchModule:UnityEditor.Search:ASIAI0B
Importing 'GUID: 6a3af79041a1431ab3a2a9395a7ed2ae - Path: Packages/com.unity.test-framework/UnityEngine.TestRunner/NUnitExtensions/OrderedTestSuiteModifier.cs - Importer: ScriptedImporter/UnityEditor.QuickSearchModule:UnityEditor.Search:ASIAI0B' with importer (ScriptedImporter : UnityEditor.QuickSearchModule:UnityEditor.Search:ASIAI0B)
Imported 'GUID: 6a3af79041a1431ab3a2a9395a7ed2ae' -> (Import Result ID: 'da12269cc5bbc22172c15f2bc562e9cb') in 0.002 seconds [static and dynamic dependencies]. Details - ImportResultOutputID=0dbb332ee3c54d7436c5b838daccbb02 DependenciesID=740cd54c87b6594805a7cbbf3f131f79 StaticDependenciesID=50c93c9eb172938a2f02662e69adac9c 
Number of updated asset objects reloaded before import = 0
Number of asset objects unloaded after import = 0
========================================================================
Received Import Request.
  Time of request: 2026-09-27T03:54:23.3756209Z
  Time since last request: 0.0005924 seconds.
  importAddress: GUID: d0abdd8cb6b29a24c8ee19626ef741b9 - Path: Packages/com.unity.test-framework/UnityEditor.TestRunner/UnityTestProtocol/UtpDebuglogger.cs - Importer: ScriptedImporter/UnityEditor.QuickSearchModule:UnityEditor.Search:ASIAI0B
Importing 'GUID: d0abdd8cb6b29a24c8ee19626ef741b9 - Path: Packages/com.unity.test-framework/UnityEditor.TestRunner/UnityTestProtocol/UtpDebuglogger.cs - Importer: ScriptedImporter/UnityEditor.QuickSearchModule:UnityEditor.Search:ASIAI0B' with importer (ScriptedImporter : UnityEditor.QuickSearchModule:UnityEditor.Search:ASIAI0B)
Imported 'GUID: d0abdd8cb6b29a24c8ee19626ef741b9' -> (Import Result ID: '3d85f33ad07529061dc586c995e90def') in 0.002 seconds [static and dynamic dependencies]. Details - ImportResultOutputID=0e7370e4b765d337cfaed5a443e7ee4c DependenciesID=745f7b565ab0b9a986f49aa2151f1f72 StaticDependenciesID=5b535b7614bc63c1ebf69758cbff83a9 
Number of updated asset objects reloaded before import = 0
Number of asset objects unloaded after import = 0
========================================================================
Received Import Request.
  Time of request: 2026-09-27T03:54:23.3790845Z
  Time since last request: 0.0011277 seconds.
  importAddress: GUID: 2fcdb9402e0a4427bd5bd01f71ecf6d5 - Path: Packages/com.unity.test-framework/UnityEngine.TestRunner/Assertions/OutOfOrderExpectedLogMessageException.cs - Importer: ScriptedImporter/UnityEditor.QuickSearchModule:UnityEditor.Search:ASIAI0B
Importing 'GUID: 2fcdb9402e0a4427bd5bd01f71ecf6d5 - Path: Packages/com.unity.test-framework/UnityEngine.TestRunner/Assertions/OutOfOrderExpectedLogMessageException.cs - Importer: ScriptedImporter/UnityEditor.QuickSearchModule:UnityEditor.Search:ASIAI0B' with importer (ScriptedImporter : UnityEditor.QuickSearchModule:UnityEditor.Search:ASIAI0B)
Imported 'GUID: 2fcdb9402e0a4427bd5bd01f71ecf6d5' -> (Import Result ID: 'ada194628f5d77bdc2067bbe5f797264') in 0.003 seconds [static and dynamic dependencies]. Details - ImportResultOutputID=508a7892f121f4a92b7f8ff79709e4af DependenciesID=bf7b9af7bdb364f658a9b8e121facd63 StaticDependenciesID=bf38950772d798f485d83e7a8634144a 
Number of updated asset objects reloaded before import = 0
Number of asset objects unloaded after import = 0
========================================================================
Received Import Request.
  Time of request: 2026-09-27T03:54:23.3832645Z
  Time since last request: 0.0006243 seconds.
  importAddress: GUID: b9aec9d3b0a86466ab4647d01e8fc87d - Path: Packages/com.unity.test-framework/UnityEngine.TestRunner/TestRunner/SynchronousFilter.cs - Importer: ScriptedImporter/UnityEditor.QuickSearchModule:UnityEditor.Search:ASIAI0B
Importing 'GUID: b9aec9d3b0a86466ab4647d01e8fc87d - Path: Packages/com.unity.test-framework/UnityEngine.TestRunner/TestRunner/SynchronousFilter.cs - Importer: ScriptedImporter/UnityEditor.QuickSearchModule:UnityEditor.Search:ASIAI0B' with importer (ScriptedImporter : UnityEditor.QuickSearchModule:UnityEditor.Search:ASIAI0B)
Imported 'GUID: b9aec9d3b0a86466ab4647d01e8fc87d' -> (Import Result ID: '6bb6a4dbd870f4c30c4ee58dbf02d01f') in 0.002 seconds [static and dynamic dependencies]. Details - ImportResultOutputID=1019ac7785240caeade98d1cad82c414 DependenciesID=500470f3827ecbae47316ea93d9641a3 StaticDependenciesID=59bab1847b440b73d006c027dfb66af6 
Number of updated asset objects reloaded before import = 0
Number of asset objects unloaded after import = 0
========================================================================
Received Import Request.
  Time of request: 2026-09-27T03:54:23.3860535Z
  Time since last request: 0.0006653 seconds.
  importAddress: GUID: 1dd36da2e4e5540d5b2e44fc928a9d50 - Path: Packages/com.unity.test-framework/UnityEngine.TestRunner/Utils/IPostbuildCleanupWithTestData.cs - Importer: ScriptedImporter/UnityEditor.QuickSearchModule:UnityEditor.Search:ASIAI0B
Importing 'GUID: 1dd36da2e4e5540d5b2e44fc928a9d50 - Path: Packages/com.unity.test-framework/UnityEngine.TestRunner/Utils/IPostbuildCleanupWithTestData.cs - Importer: ScriptedImporter/UnityEditor.QuickSearchModule:UnityEditor.Search:ASIAI0B' with importer (ScriptedImporter : UnityEditor.QuickSearchModule:UnityEditor.Search:ASIAI0B)
Imported 'GUID: 1dd36da2e4e5540d5b2e44fc928a9d50' -> (Import Result ID: 'd1474050ce390a6048ff1d92a743c178') in 0.002 seconds [static and dynamic dependencies]. Details - ImportResultOutputID=774150cb2724c3a3c09781972451e7b6 DependenciesID=bdcd4e5993668dd0991e7f196f176e11 StaticDependenciesID=4c113b1a78da5eeec1a57b56d50c51bb 
Number of updated asset objects reloaded before import = 0
Number of asset objects unloaded after import = 0
========================================================================
Received Import Request.
  Time of request: 2026-09-27T03:54:23.3893635Z
  Time since last request: 0.0006269 seconds.
  importAddress: GUID: 4c006cc4132f4e2d8b3e7208af3e208c - Path: Packages/com.unity.test-framework/UnityEngine.TestRunner/NUnitExtensions/ITestSuiteModifier.cs - Importer: ScriptedImporter/UnityEditor.QuickSearchModule:UnityEditor.Search:ASIAI0B
Importing 'GUID: 4c006cc4132f4e2d8b3e7208af3e208c - Path: Packages/com.unity.test-framework/UnityEngine.TestRunner/NUnitExtensions/ITestSuiteModifier.cs - Importer: ScriptedImporter/UnityEditor.QuickSearchModule:UnityEditor.Search:ASIAI0B' with importer (ScriptedImporter : UnityEditor.QuickSearchModule:UnityEditor.Search:ASIAI0B)
Imported 'GUID: 4c006cc4132f4e2d8b3e7208af3e208c' -> (Import Result ID: '19200fac8f8b91243bbb89dbd9440309') in 0.002 seconds [static and dynamic dependencies]. Details - ImportResultOutputID=a528095852b21c50e21df94f457c1124 DependenciesID=073f6908e162d6fb34f6b69186513778 StaticDependenciesID=ba026b1739e23c854d8f2468d9048d02 
Number of updated asset objects reloaded before import = 0
Number of asset objects unloaded after import = 0
========================================================================
Received Import Request.
  Time of request: 2026-09-27T03:54:23.3928364Z
  Time since last request: 0.0007259 seconds.
  importAddress: GUID: d1b534518943030499685344fd1d476d - Path: Packages/com.unity.test-framework/UnityEngine.TestRunner/TestRunner/ITestRunnerListener.cs - Importer: ScriptedImporter/UnityEditor.QuickSearchModule:UnityEditor.Search:ASIAI0B
Importing 'GUID: d1b534518943030499685344fd1d476d - Path: Packages/com.unity.test-framework/UnityEngine.TestRunner/TestRunner/ITestRunnerListener.cs - Importer: ScriptedImporter/UnityEditor.QuickSearchModule:UnityEditor.Search:ASIAI0B' with importer (ScriptedImporter : UnityEditor.QuickSearchModule:UnityEditor.Search:ASIAI0B)
Imported 'GUID: d1b534518943030499685344fd1d476d' -> (Import Result ID: 'bf5dc083defa9a2c05157eeb9fdf0043') in 0.003 seconds [static and dynamic dependencies]. Details - ImportResultOutputID=4a96cd8325fb9bbe2117b3da27f0bd54 DependenciesID=e78db9582ba145c9e4ac86fcfeb62a45 StaticDependenciesID=28032253b9303cf72c5b005a82f14348 
Number of updated asset objects reloaded before import = 0
Number of asset objects unloaded after import = 0
========================================================================
Received Import Request.
  Time of request: 2026-09-27T03:54:23.3972795Z
  Time since last request: 0.0016007 seconds.
  importAddress: GUID: 1c15a1275ff24d1092facf3f75065ab6 - Path: Packages/com.unity.test-framework/UnityEngine.TestRunner/UnityTestProtocol/MessageForRetryRepeat.cs - Importer: ScriptedImporter/UnityEditor.QuickSearchModule:UnityEditor.Search:ASIAI0B
Importing 'GUID: 1c15a1275ff24d1092facf3f75065ab6 - Path: Packages/com.unity.test-framework/UnityEngine.TestRunner/UnityTestProtocol/MessageForRetryRepeat.cs - Importer: ScriptedImporter/UnityEditor.QuickSearchModule:UnityEditor.Search:ASIAI0B' with importer (ScriptedImporter : UnityEditor.QuickSearchModule:UnityEditor.Search:ASIAI0B)
Imported 'GUID: 1c15a1275ff24d1092facf3f75065ab6' -> (Import Result ID: 'a82e760e3ec87a7ae42e95918976cbbf') in 0.002 seconds [static and dynamic dependencies]. Details - ImportResultOutputID=243dc503eccb67d2e6c926f8af40bdd9 DependenciesID=30864abd6e9d874e782a762c25354801 StaticDependenciesID=f7dc7593bdb1eea1488ec03d60c13cff 
Number of updated asset objects reloaded before import = 0
Number of asset objects unloaded after import = 0
========================================================================
Received Import Request.
  Time of request: 2026-09-27T03:54:23.400296Z
  Time since last request: 0.0005723 seconds.
  importAddress: GUID: d09858396dd7adb4bbdb22ea0c8c3a37 - Path: Packages/com.unity.test-framework/UnityEngine.TestRunner/Assertions/AllocatingGCMemoryConstraint.cs - Importer: ScriptedImporter/UnityEditor.QuickSearchModule:UnityEditor.Search:ASIAI0B
Importing 'GUID: d09858396dd7adb4bbdb22ea0c8c3a37 - Path: Packages/com.unity.test-framework/UnityEngine.TestRunner/Assertions/AllocatingGCMemoryConstraint.cs - Importer: ScriptedImporter/UnityEditor.QuickSearchModule:UnityEditor.Search:ASIAI0B' with importer (ScriptedImporter : UnityEditor.QuickSearchModule:UnityEditor.Search:ASIAI0B)
Imported 'GUID: d09858396dd7adb4bbdb22ea0c8c3a37' -> (Import Result ID: 'd3f95244f586831c3a207a0a73c97050') in 0.003 seconds [static and dynamic dependencies]. Details - ImportResultOutputID=d786b375a13e8cc5c89f04a3710bbb88 DependenciesID=77ba7fbd120c2ac76f6110c555d78302 StaticDependenciesID=ca87ca8195b421d19ee66942ab24bf48 
Number of updated asset objects reloaded before import = 0
Number of asset objects unloaded after import = 0
========================================================================
Received Import Request.
  Time of request: 2026-09-27T03:54:23.404101Z
  Time since last request: 0.0005749 seconds.
  importAddress: GUID: acc16f0c684508f44813662a300c574b - Path: Packages/com.unity.test-framework/UnityEngine.TestRunner/Utils/IPrebuildSetup.cs - Importer: ScriptedImporter/UnityEditor.QuickSearchModule:UnityEditor.Search:ASIAI0B
Importing 'GUID: acc16f0c684508f44813662a300c574b - Path: Packages/com.unity.test-framework/UnityEngine.TestRunner/Utils/IPrebuildSetup.cs - Importer: ScriptedImporter/UnityEditor.QuickSearchModule:UnityEditor.Search:ASIAI0B' with importer (ScriptedImporter : UnityEditor.QuickSearchModule:UnityEditor.Search:ASIAI0B)
Imported 'GUID: acc16f0c684508f44813662a300c574b' -> (Import Result ID: '193d21190d8d5edd543e4fdd5b83bf7a') in 0.002 seconds [static and dynamic dependencies]. Details - ImportResultOutputID=da687396edace6f745b1f45c68e596d9 DependenciesID=18d0cf84fb249a4bce864448c46e8239 StaticDependenciesID=fdabb9252a60e7bfdda358e887294b63 
Number of updated asset objects reloaded before import = 0
Number of asset objects unloaded after import = 0
========================================================================
Received Import Request.
  Time of request: 2026-09-27T03:54:23.4071698Z
  Time since last request: 0.0005858 seconds.
  importAddress: GUID: 78776d25d6504b16a629856dba391764 - Path: Packages/com.unity.test-framework/UnityEditor.TestRunner/UnityTestProtocol/DeterministicGuid.cs - Importer: ScriptedImporter/UnityEditor.QuickSearchModule:UnityEditor.Search:ASIAI0B
Importing 'GUID: 78776d25d6504b16a629856dba391764 - Path: Packages/com.unity.test-framework/UnityEditor.TestRunner/UnityTestProtocol/DeterministicGuid.cs - Importer: ScriptedImporter/UnityEditor.QuickSearchModule:UnityEditor.Search:ASIAI0B' with importer (ScriptedImporter : UnityEditor.QuickSearchModule:UnityEditor.Search:ASIAI0B)
Imported 'GUID: 78776d25d6504b16a629856dba391764' -> (Import Result ID: '65a85a5aaf864de55ee03d70adea8fcf') in 0.002 seconds [static and dynamic dependencies]. Details - ImportResultOutputID=42fa65fdcb1aac141c4963f5f4a4ca7f DependenciesID=76ff575e36af7ef8fb37aa075c9bd92b StaticDependenciesID=e0c131ed3666daf60610986f2343ed27 
Number of updated asset objects reloaded before import = 0
Number of asset objects unloaded after import = 0
========================================================================
Received Import Request.
  Time of request: 2026-09-27T03:54:23.4101796Z
  Time since last request: 0.0007327 seconds.
  importAddress: GUID: 8bc74398aa3944646ade4ee78cd57484 - Path: Packages/com.unity.test-framework/UnityEngine.TestRunner/NUnitExtensions/TestExtensions.cs - Importer: ScriptedImporter/UnityEditor.QuickSearchModule:UnityEditor.Search:ASIAI0B
Importing 'GUID: 8bc74398aa3944646ade4ee78cd57484 - Path: Packages/com.unity.test-framework/UnityEngine.TestRunner/NUnitExtensions/TestExtensions.cs - Importer: ScriptedImporter/UnityEditor.QuickSearchModule:UnityEditor.Search:ASIAI0B' with importer (ScriptedImporter : UnityEditor.QuickSearchModule:UnityEditor.Search:ASIAI0B)
Imported 'GUID: 8bc74398aa3944646ade4ee78cd57484' -> (Import Result ID: '0bd72366d5dcdcea87d51ea937154383') in 0.003 seconds [static and dynamic dependencies]. Details - ImportResultOutputID=bb28978aac8eb631ddb1af181fcf8d24 DependenciesID=7ebf92a34856c529c7869aeb48e9dcb5 StaticDependenciesID=8871af249e823c9db81ddfa9cf9fb3d5 
Number of updated asset objects reloaded before import = 0
Number of asset objects unloaded after import = 0
========================================================================
Received Import Request.
  Time of request: 2026-09-27T03:54:23.413563Z
  Time since last request: 0.0005898 seconds.
  importAddress: GUID: 26d207ea119f34117a1dc1a439e285e3 - Path: Packages/com.unity.test-framework/UnityEngine.TestRunner/Utils/PrebuildSetupWithTestDataAttribute.cs - Importer: ScriptedImporter/UnityEditor.QuickSearchModule:UnityEditor.Search:ASIAI0B
Importing 'GUID: 26d207ea119f34117a1dc1a439e285e3 - Path: Packages/com.unity.test-framework/UnityEngine.TestRunner/Utils/PrebuildSetupWithTestDataAttribute.cs - Importer: ScriptedImporter/UnityEditor.QuickSearchModule:UnityEditor.Search:ASIAI0B' with importer (ScriptedImporter : UnityEditor.QuickSearchModule:UnityEditor.Search:ASIAI0B)
Imported 'GUID: 26d207ea119f34117a1dc1a439e285e3' -> (Import Result ID: '1d8a3b0b1a1d273a2f060219578f7c8f') in 0.002 seconds [static and dynamic dependencies]. Details - ImportResultOutputID=e0b59003e08cb5bab7b17d0e9e490e4b DependenciesID=cca36f7ed4ec8b0e3a583350860fde3d StaticDependenciesID=92e9bfe92bbaa4a2101bed732bd678c3 
Number of updated asset objects reloaded before import = 0
Number of asset objects unloaded after import = 0
========================================================================
Received Import Request.
  Time of request: 2026-09-27T03:54:23.4164718Z
  Time since last request: 0.0005791 seconds.
  importAddress: GUID: ebcc5f899d9277642868aeda9a17cbaf - Path: Packages/com.unity.test-framework/UnityEditor.TestRunner/UnityTestProtocol/UtpMessageReporter.cs - Importer: ScriptedImporter/UnityEditor.QuickSearchModule:UnityEditor.Search:ASIAI0B
Importing 'GUID: ebcc5f899d9277642868aeda9a17cbaf - Path: Packages/com.unity.test-framework/UnityEditor.TestRunner/UnityTestProtocol/UtpMessageReporter.cs - Importer: ScriptedImporter/UnityEditor.QuickSearchModule:UnityEditor.Search:ASIAI0B' with importer (ScriptedImporter : UnityEditor.QuickSearchModule:UnityEditor.Search:ASIAI0B)
Imported 'GUID: ebcc5f899d9277642868aeda9a17cbaf' -> (Import Result ID: '3eb45dd511b2934ac22c0b976b1bb120') in 0.002 seconds [static and dynamic dependencies]. Details - ImportResultOutputID=7e49ccd6207f2d0718f18f18038d903c DependenciesID=aba3afa5a5f7657d11e6c74453e32b39 StaticDependenciesID=47a33921c924918cc2e6f092ecd59ba5 
Number of updated asset objects reloaded before import = 0
Number of asset objects unloaded after import = 0
========================================================================
Received Import Request.
  Time of request: 2026-09-27T03:54:23.4195099Z
  Time since last request: 0.0006678 seconds.
  importAddress: GUID: ae8ce3ffe04ac2c42945fd27e0291fc3 - Path: Packages/com.unity.test-framework/UnityEngine.TestRunner/Utils/AttributeHelper.cs - Importer: ScriptedImporter/UnityEditor.QuickSearchModule:UnityEditor.Search:ASIAI0B
Importing 'GUID: ae8ce3ffe04ac2c42945fd27e0291fc3 - Path: Packages/com.unity.test-framework/UnityEngine.TestRunner/Utils/AttributeHelper.cs - Importer: ScriptedImporter/UnityEditor.QuickSearchModule:UnityEditor.Search:ASIAI0B' with importer (ScriptedImporter : UnityEditor.QuickSearchModule:UnityEditor.Search:ASIAI0B)
Imported 'GUID: ae8ce3ffe04ac2c42945fd27e0291fc3' -> (Import Result ID: '7093f6b2f79655563b91b98c88b73645') in 0.002 seconds [static and dynamic dependencies]. Details - ImportResultOutputID=73694bf6a13c7689962179d9e3d5d50c DependenciesID=d1ee83b74d67529ba2f4a1190fa0d336 StaticDependenciesID=1f201109a9d0a26e8da0d5f131d09d62 
Number of updated asset objects reloaded before import = 0
Number of asset objects unloaded after import = 0
========================================================================
Received Import Request.
  Time of request: 2026-09-27T03:54:23.422874Z
  Time since last request: 0.0006354 seconds.
  importAddress: GUID: 7dc341f3ffc346738912e0ae5aa6c7e4 - Path: Packages/com.unity.test-framework/UnityEditor.TestRunner/UnityTestProtocol/TesRunDataHolder.cs - Importer: ScriptedImporter/UnityEditor.QuickSearchModule:UnityEditor.Search:ASIAI0B
Importing 'GUID: 7dc341f3ffc346738912e0ae5aa6c7e4 - Path: Packages/com.unity.test-framework/UnityEditor.TestRunner/UnityTestProtocol/TesRunDataHolder.cs - Importer: ScriptedImporter/UnityEditor.QuickSearchModule:UnityEditor.Search:ASIAI0B' with importer (ScriptedImporter : UnityEditor.QuickSearchModule:UnityEditor.Search:ASIAI0B)
Imported 'GUID: 7dc341f3ffc346738912e0ae5aa6c7e4' -> (Import Result ID: '586260e2e93942410a5d4dbe2d984e01') in 0.002 seconds [static and dynamic dependencies]. Details - ImportResultOutputID=27240ad56f933c07f45838ad60bf7dc1 DependenciesID=06b7805567da434403793caa2123ddfa StaticDependenciesID=e07db4270c99d1e0cc3ac75c07b2d484 
Number of updated asset objects reloaded before import = 0
Number of asset objects unloaded after import = 0
========================================================================
Received Import Request.
  Time of request: 2026-09-27T03:54:23.4261272Z
  Time since last request: 0.0006004 seconds.
  importAddress: GUID: 900aac3710bc14542a8d164e3f0ff820 - Path: Packages/com.unity.test-framework/UnityEditor.TestRunner/UnityTestProtocol/UnityTestProtocolListener.cs - Importer: ScriptedImporter/UnityEditor.QuickSearchModule:UnityEditor.Search:ASIAI0B
Importing 'GUID: 900aac3710bc14542a8d164e3f0ff820 - Path: Packages/com.unity.test-framework/UnityEditor.TestRunner/UnityTestProtocol/UnityTestProtocolListener.cs - Importer: ScriptedImporter/UnityEditor.QuickSearchModule:UnityEditor.Search:ASIAI0B' with importer (ScriptedImporter : UnityEditor.QuickSearchModule:UnityEditor.Search:ASIAI0B)
Imported 'GUID: 900aac3710bc14542a8d164e3f0ff820' -> (Import Result ID: 'f2bc46321075e120f992af615c0416fb') in 0.002 seconds [static and dynamic dependencies]. Details - ImportResultOutputID=a413aad7a54fa71a4203ef73b9d62d3b DependenciesID=e40255e68764442ccac9522f1c9ca8c5 StaticDependenciesID=f3d2592525fa0e6ae6d711b2c5cc3f41 
Number of updated asset objects reloaded before import = 0
Number of asset objects unloaded after import = 0
========================================================================
Received Import Request.
  Time of request: 2026-09-27T03:54:23.4294465Z
  Time since last request: 0.0006189 seconds.
  importAddress: GUID: 319fe8cda376431bb7987d94f916819b - Path: Packages/com.unity.test-framework/UnityEditor.TestRunner/UnityTestProtocol/UtpMessageBuilder.cs - Importer: ScriptedImporter/UnityEditor.QuickSearchModule:UnityEditor.Search:ASIAI0B
Importing 'GUID: 319fe8cda376431bb7987d94f916819b - Path: Packages/com.unity.test-framework/UnityEditor.TestRunner/UnityTestProtocol/UtpMessageBuilder.cs - Importer: ScriptedImporter/UnityEditor.QuickSearchModule:UnityEditor.Search:ASIAI0B' with importer (ScriptedImporter : UnityEditor.QuickSearchModule:UnityEditor.Search:ASIAI0B)
Imported 'GUID: 319fe8cda376431bb7987d94f916819b' -> (Import Result ID: 'b868eb33271e774a4d1cd411896b5a3f') in 0.002 seconds [static and dynamic dependencies]. Details - ImportResultOutputID=0b7bb14e100be4fd9bb31eb3e31ea30a DependenciesID=3ad06bf283cddc8bd37bb65c93746bd2 StaticDependenciesID=e9288374afc86d82bafa9aa59a779634 
Number of updated asset objects reloaded before import = 0
Number of asset objects unloaded after import = 0
========================================================================
Received Import Request.
  Time of request: 2026-09-27T03:54:23.4325197Z
  Time since last request: 0.0006451 seconds.
  importAddress: GUID: 6d5833966abeadb429de247e4316eef4 - Path: Packages/com.unity.test-framework/UnityEngine.TestRunner/Assertions/Is.cs - Importer: ScriptedImporter/UnityEditor.QuickSearchModule:UnityEditor.Search:ASIAI0B
Importing 'GUID: 6d5833966abeadb429de247e4316eef4 - Path: Packages/com.unity.test-framework/UnityEngine.TestRunner/Assertions/Is.cs - Importer: ScriptedImporter/UnityEditor.QuickSearchModule:UnityEditor.Search:ASIAI0B' with importer (ScriptedImporter : UnityEditor.QuickSearchModule:UnityEditor.Search:ASIAI0B)
Imported 'GUID: 6d5833966abeadb429de247e4316eef4' -> (Import Result ID: 'b63a3dbf4a92d987de6d3076950139b8') in 0.002 seconds [static and dynamic dependencies]. Details - ImportResultOutputID=58bb08009fe672177901672c48b3e14b DependenciesID=ba9d8f6e0660567da0141c39e5445138 StaticDependenciesID=301cd2d91f2dfa7ea5f1d949278b6b78 
Number of updated asset objects reloaded before import = 0
Number of asset objects unloaded after import = 0
========================================================================
Received Import Request.
  Time of request: 2026-09-27T03:54:23.4353894Z
  Time since last request: 0.0005838 seconds.
  importAddress: GUID: 38d0b8a87b967304da08a2ae9b955066 - Path: Packages/com.unity.test-framework/UnityEngine.TestRunner/Utils/ITestRunCallback.cs - Importer: ScriptedImporter/UnityEditor.QuickSearchModule:UnityEditor.Search:ASIAI0B
Importing 'GUID: 38d0b8a87b967304da08a2ae9b955066 - Path: Packages/com.unity.test-framework/UnityEngine.TestRunner/Utils/ITestRunCallback.cs - Importer: ScriptedImporter/UnityEditor.QuickSearchModule:UnityEditor.Search:ASIAI0B' with importer (ScriptedImporter : UnityEditor.QuickSearchModule:UnityEditor.Search:ASIAI0B)
Imported 'GUID: 38d0b8a87b967304da08a2ae9b955066' -> (Import Result ID: 'f0baf2108d21c4a6dd83e54f7aac37bc') in 0.002 seconds [static and dynamic dependencies]. Details - ImportResultOutputID=fbfb35ee8d21fa4da9a9016ad23dc588 DependenciesID=54a4183e9fe26800adf345b41fa9bf67 StaticDependenciesID=16ffc7ab05eea7f1a31a33d006670fbf 
Number of updated asset objects reloaded before import = 0
Number of asset objects unloaded after import = 0
========================================================================
Received Import Request.
  Time of request: 2026-09-27T03:54:23.4384281Z
  Time since last request: 0.000591 seconds.
  importAddress: GUID: 98ba0396e4b4ee8498a8f097affcfddf - Path: Packages/com.unity.test-framework/UnityEngine.TestRunner/NUnitExtensions/UnityTestAssemblyBuilder.cs - Importer: ScriptedImporter/UnityEditor.QuickSearchModule:UnityEditor.Search:ASIAI0B
Importing 'GUID: 98ba0396e4b4ee8498a8f097affcfddf - Path: Packages/com.unity.test-framework/UnityEngine.TestRunner/NUnitExtensions/UnityTestAssemblyBuilder.cs - Importer: ScriptedImporter/UnityEditor.QuickSearchModule:UnityEditor.Search:ASIAI0B' with importer (ScriptedImporter : UnityEditor.QuickSearchModule:UnityEditor.Search:ASIAI0B)
Imported 'GUID: 98ba0396e4b4ee8498a8f097affcfddf' -> (Import Result ID: 'f7b735d516d244558b8007fb465de7d1') in 0.002 seconds [static and dynamic dependencies]. Details - ImportResultOutputID=71de01e53d7d52e01b4581d9eda99d7f DependenciesID=005d3a5e582c8cd209e33bafe2094422 StaticDependenciesID=ae87305df8d371546dacfac0d9514085 
Number of updated asset objects reloaded before import = 0
Number of asset objects unloaded after import = 0
========================================================================
Received Import Request.
  Time of request: 2026-09-27T03:54:23.4415194Z
  Time since last request: 0.0005942 seconds.
  importAddress: GUID: af5042802f06c804c8abddd544b77a4a - Path: Packages/com.unity.test-framework/UnityEngine.TestRunner/Utils/FloatEqualityComparer.cs - Importer: ScriptedImporter/UnityEditor.QuickSearchModule:UnityEditor.Search:ASIAI0B
Importing 'GUID: af5042802f06c804c8abddd544b77a4a - Path: Packages/com.unity.test-framework/UnityEngine.TestRunner/Utils/FloatEqualityComparer.cs - Importer: ScriptedImporter/UnityEditor.QuickSearchModule:UnityEditor.Search:ASIAI0B' with importer (ScriptedImporter : UnityEditor.QuickSearchModule:UnityEditor.Search:ASIAI0B)
Imported 'GUID: af5042802f06c804c8abddd544b77a4a' -> (Import Result ID: '35220af2d742c5044d000a525f1e7c02') in 0.004 seconds [static and dynamic dependencies]. Details - ImportResultOutputID=46d8675aaf30f9297a23ffaca18344f3 DependenciesID=b5bbd360a3d51f7cd79308f308482cca StaticDependenciesID=6349da9e97ecdcce6cc0a26d36626f54 
Number of updated asset objects reloaded before import = 0
Number of asset objects unloaded after import = 0
========================================================================
Received Import Request.
  Time of request: 2026-09-27T03:54:23.4461816Z
  Time since last request: 0.0006437 seconds.
  importAddress: GUID: 102e512f651ee834f951a2516c1ea3b8 - Path: Packages/com.unity.test-framework/UnityEngine.TestRunner/TestRunner/PlaymodeTestsController.cs - Importer: ScriptedImporter/UnityEditor.QuickSearchModule:UnityEditor.Search:ASIAI0B
Importing 'GUID: 102e512f651ee834f951a2516c1ea3b8 - Path: Packages/com.unity.test-framework/UnityEngine.TestRunner/TestRunner/PlaymodeTestsController.cs - Importer: ScriptedImporter/UnityEditor.QuickSearchModule:UnityEditor.Search:ASIAI0B' with importer (ScriptedImporter : UnityEditor.QuickSearchModule:UnityEditor.Search:ASIAI0B)
Imported 'GUID: 102e512f651ee834f951a2516c1ea3b8' -> (Import Result ID: '2e7a452c4cd0d9c41a80467b2d3e3a69') in 0.002 seconds [static and dynamic dependencies]. Details - ImportResultOutputID=ea72854068f2e13d91e73122cc80b50c DependenciesID=8a7350d51fc9007ebe16063433817cac StaticDependenciesID=0e62e9ac0b374a2e5b0310ad5f6c0e91 
Number of updated asset objects reloaded before import = 0
Number of asset objects unloaded after import = 0
========================================================================
Received Import Request.
  Time of request: 2026-09-27T03:54:23.4495199Z
  Time since last request: 0.0008567 seconds.
  importAddress: GUID: 58082d6ef6fd84b288e832c55741961e - Path: Packages/com.unity.test-framework/UnityEngine.TestRunner/Utils/IPrebuildSetupWithTestData.cs - Importer: ScriptedImporter/UnityEditor.QuickSearchModule:UnityEditor.Search:ASIAI0B
Importing 'GUID: 58082d6ef6fd84b288e832c55741961e - Path: Packages/com.unity.test-framework/UnityEngine.TestRunner/Utils/IPrebuildSetupWithTestData.cs - Importer: ScriptedImporter/UnityEditor.QuickSearchModule:UnityEditor.Search:ASIAI0B' with importer (ScriptedImporter : UnityEditor.QuickSearchModule:UnityEditor.Search:ASIAI0B)
Imported 'GUID: 58082d6ef6fd84b288e832c55741961e' -> (Import Result ID: '0b43de22ae90bfda3b0fb6d9c12a3352') in 0.003 seconds [static and dynamic dependencies]. Details - ImportResultOutputID=092a623f27f8599f6e85839e56586a64 DependenciesID=d3a030a0077c9379cf51856eb241f6e3 StaticDependenciesID=ca867c0f0dd2b3674fa6754d8559a783 
Number of updated asset objects reloaded before import = 0
Number of asset objects unloaded after import = 0
========================================================================
Received Import Request.
  Time of request: 2026-09-27T03:54:23.4538481Z
  Time since last request: 0.0011143 seconds.
  importAddress: GUID: 0fc9f45e5db884c07b28ac7207622a4b - Path: Packages/com.unity.test-framework/UnityEditor.TestRunner/UnityTestProtocol/TestRunData.cs - Importer: ScriptedImporter/UnityEditor.QuickSearchModule:UnityEditor.Search:ASIAI0B
Importing 'GUID: 0fc9f45e5db884c07b28ac7207622a4b - Path: Packages/com.unity.test-framework/UnityEditor.TestRunner/UnityTestProtocol/TestRunData.cs - Importer: ScriptedImporter/UnityEditor.QuickSearchModule:UnityEditor.Search:ASIAI0B' with importer (ScriptedImporter : UnityEditor.QuickSearchModule:UnityEditor.Search:ASIAI0B)
Imported 'GUID: 0fc9f45e5db884c07b28ac7207622a4b' -> (Import Result ID: '007e86c95324039e379ce686b31e3fec') in 0.002 seconds [static and dynamic dependencies]. Details - ImportResultOutputID=b1e5d6c36bb2b05147b4987756ad7550 DependenciesID=ef487dd4c535894c6effb0bd69a5a050 StaticDependenciesID=bf1d8bea8529122db7d9011b75cdee42 
Number of updated asset objects reloaded before import = 0
Number of asset objects unloaded after import = 0
========================================================================
Received Import Request.
  Time of request: 2026-09-27T03:54:23.4574071Z
  Time since last request: 0.0007461 seconds.
  importAddress: GUID: 2011a59d3f76b3d4a85cb53f945fceee - Path: Packages/com.unity.test-framework/UnityEditor.TestRunner/UnityTestProtocol/TestRunnerApiMapper.cs - Importer: ScriptedImporter/UnityEditor.QuickSearchModule:UnityEditor.Search:ASIAI0B
Importing 'GUID: 2011a59d3f76b3d4a85cb53f945fceee - Path: Packages/com.unity.test-framework/UnityEditor.TestRunner/UnityTestProtocol/TestRunnerApiMapper.cs - Importer: ScriptedImporter/UnityEditor.QuickSearchModule:UnityEditor.Search:ASIAI0B' with importer (ScriptedImporter : UnityEditor.QuickSearchModule:UnityEditor.Search:ASIAI0B)
Imported 'GUID: 2011a59d3f76b3d4a85cb53f945fceee' -> (Import Result ID: 'fd4be4d3196d79413c0b1e516a0bad2f') in 0.003 seconds [static and dynamic dependencies]. Details - ImportResultOutputID=e44943722b92098798fe827dc430a144 DependenciesID=c8fca3fef679028fe7253f33259dacdb StaticDependenciesID=427710f3c3b15e1ac0e82b0c0c41ee4f 
Number of updated asset objects reloaded before import = 0
Number of asset objects unloaded after import = 0
========================================================================
Received Import Request.
  Time of request: 2026-09-27T03:54:23.4617148Z
  Time since last request: 0.0006076 seconds.
  importAddress: GUID: fc748d99f1f0d484a811a566fc7915ec - Path: Packages/com.unity.test-framework/UnityEngine.TestRunner/Utils/StacktraceFilter.cs - Importer: ScriptedImporter/UnityEditor.QuickSearchModule:UnityEditor.Search:ASIAI0B
Importing 'GUID: fc748d99f1f0d484a811a566fc7915ec - Path: Packages/com.unity.test-framework/UnityEngine.TestRunner/Utils/StacktraceFilter.cs - Importer: ScriptedImporter/UnityEditor.QuickSearchModule:UnityEditor.Search:ASIAI0B' with importer (ScriptedImporter : UnityEditor.QuickSearchModule:UnityEditor.Search:ASIAI0B)
Imported 'GUID: fc748d99f1f0d484a811a566fc7915ec' -> (Import Result ID: '28acbe958af6dc320608a6bfa04739e8') in 0.003 seconds [static and dynamic dependencies]. Details - ImportResultOutputID=1598ef44db672729aa7f5db4b9e074f5 DependenciesID=33a8133d1e30aa66ba91bd111df8f7c9 StaticDependenciesID=72405cc725ed2008c1fb63474171a833 
Number of updated asset objects reloaded before import = 0
Number of asset objects unloaded after import = 0
========================================================================
Received Import Request.
  Time of request: 2026-09-27T03:54:23.4652265Z
  Time since last request: 0.0005853 seconds.
  importAddress: GUID: 77f432980bb30084299a138e15c6f571 - Path: Packages/com.unity.test-framework/UnityEditor.TestRunner/UnityTestProtocol/TestState.cs - Importer: ScriptedImporter/UnityEditor.QuickSearchModule:UnityEditor.Search:ASIAI0B
Importing 'GUID: 77f432980bb30084299a138e15c6f571 - Path: Packages/com.unity.test-framework/UnityEditor.TestRunner/UnityTestProtocol/TestState.cs - Importer: ScriptedImporter/UnityEditor.QuickSearchModule:UnityEditor.Search:ASIAI0B' with importer (ScriptedImporter : UnityEditor.QuickSearchModule:UnityEditor.Search:ASIAI0B)
Imported 'GUID: 77f432980bb30084299a138e15c6f571' -> (Import Result ID: '2d8a7e14c8b2204f889e58c95193b762') in 0.003 seconds [static and dynamic dependencies]. Details - ImportResultOutputID=64e40e8c8cfea3d1bc674f387ed05ba8 DependenciesID=135dac67b9d1d5bfcfc883a4a672546e StaticDependenciesID=aa6c6f78376b512bb41706f5f048c405 
Number of updated asset objects reloaded before import = 0
Number of asset objects unloaded after import = 0
========================================================================
Received Import Request.
  Time of request: 2026-09-27T03:54:23.4686191Z
  Time since last request: 0.0005661 seconds.
  importAddress: GUID: c97b794b51780d349a16826a4c7898d7 - Path: Packages/com.unity.test-framework/UnityEngine.TestRunner/Assertions/LogAssert.cs - Importer: ScriptedImporter/UnityEditor.QuickSearchModule:UnityEditor.Search:ASIAI0B
Importing 'GUID: c97b794b51780d349a16826a4c7898d7 - Path: Packages/com.unity.test-framework/UnityEngine.TestRunner/Assertions/LogAssert.cs - Importer: ScriptedImporter/UnityEditor.QuickSearchModule:UnityEditor.Search:ASIAI0B' with importer (ScriptedImporter : UnityEditor.QuickSearchModule:UnityEditor.Search:ASIAI0B)
Imported 'GUID: c97b794b51780d349a16826a4c7898d7' -> (Import Result ID: 'b000b2b40136380fe90b063fdf722ab5') in 0.002 seconds [static and dynamic dependencies]. Details - ImportResultOutputID=1c3932fad25f527b049f65e4ea6b7067 DependenciesID=e708730176b726fd1ff2c426eb4fd146 StaticDependenciesID=ff33135851cabfba31f960356b684e29 
Number of updated asset objects reloaded before import = 0
Number of asset objects unloaded after import = 0
========================================================================
Received Import Request.
  Time of request: 2026-09-27T03:54:23.4712454Z
  Time since last request: 0.000674 seconds.
  importAddress: GUID: 1ac58cb55fc8daf4abd3945a2bbbb0c5 - Path: Packages/com.unity.test-framework/UnityEditor.TestRunner/UnityTestProtocol/UnityTestProtocolStarter.cs - Importer: ScriptedImporter/UnityEditor.QuickSearchModule:UnityEditor.Search:ASIAI0B
Importing 'GUID: 1ac58cb55fc8daf4abd3945a2bbbb0c5 - Path: Packages/com.unity.test-framework/UnityEditor.TestRunner/UnityTestProtocol/UnityTestProtocolStarter.cs - Importer: ScriptedImporter/UnityEditor.QuickSearchModule:UnityEditor.Search:ASIAI0B' with importer (ScriptedImporter : UnityEditor.QuickSearchModule:UnityEditor.Search:ASIAI0B)
Imported 'GUID: 1ac58cb55fc8daf4abd3945a2bbbb0c5' -> (Import Result ID: '860adc38a420f95954a4758d33200d3c') in 0.002 seconds [static and dynamic dependencies]. Details - ImportResultOutputID=0771393680294a1f58aaad4b7204e0c9 DependenciesID=31fc2f577ff787d1c6b61fb38298f049 StaticDependenciesID=30a95e37846cf2a4d7144356cb0ebc26 
Number of updated asset objects reloaded before import = 0
Number of asset objects unloaded after import = 0
========================================================================
Received Import Request.
  Time of request: 2026-09-27T03:54:23.4744905Z
  Time since last request: 0.0009671 seconds.
  importAddress: GUID: e64067e4f2ec4e818dba53b3d31847b8 - Path: Packages/com.unity.test-framework/UnityEngine.TestRunner/UnityTestProtocol/DeterministicGuid.cs - Importer: ScriptedImporter/UnityEditor.QuickSearchModule:UnityEditor.Search:ASIAI0B
Importing 'GUID: e64067e4f2ec4e818dba53b3d31847b8 - Path: Packages/com.unity.test-framework/UnityEngine.TestRunner/UnityTestProtocol/DeterministicGuid.cs - Importer: ScriptedImporter/UnityEditor.QuickSearchModule:UnityEditor.Search:ASIAI0B' with importer (ScriptedImporter : UnityEditor.QuickSearchModule:UnityEditor.Search:ASIAI0B)
Imported 'GUID: e64067e4f2ec4e818dba53b3d31847b8' -> (Import Result ID: '15108398917cde4e3f0444ea7cc19742') in 0.002 seconds [static and dynamic dependencies]. Details - ImportResultOutputID=d1ea861942e6d359c07ee128f47e154b DependenciesID=acaf4dd0d89e77d39d3e74681aba8c89 StaticDependenciesID=b27a9181a27a9b92c38cd6e607ca0889 
Number of updated asset objects reloaded before import = 0
Number of asset objects unloaded after import = 0
========================================================================
Received Import Request.
  Time of request: 2026-09-27T03:54:23.4781355Z
  Time since last request: 0.0006504 seconds.
  importAddress: GUID: e440d63dae5d049ca83c823c9f246b17 - Path: Packages/com.unity.test-framework/UnityEngine.TestRunner/Utils/PostBuildCleanupWithTestDataAttribute.cs - Importer: ScriptedImporter/UnityEditor.QuickSearchModule:UnityEditor.Search:ASIAI0B
Importing 'GUID: e440d63dae5d049ca83c823c9f246b17 - Path: Packages/com.unity.test-framework/UnityEngine.TestRunner/Utils/PostBuildCleanupWithTestDataAttribute.cs - Importer: ScriptedImporter/UnityEditor.QuickSearchModule:UnityEditor.Search:ASIAI0B' with importer (ScriptedImporter : UnityEditor.QuickSearchModule:UnityEditor.Search:ASIAI0B)
Imported 'GUID: e440d63dae5d049ca83c823c9f246b17' -> (Import Result ID: '44f371b72533d9cabede2a50c3970f66') in 0.002 seconds [static and dynamic dependencies]. Details - ImportResultOutputID=da5f8bcd3ddcc56d7b831dd1cbeb738e DependenciesID=57df20c4f64728d09d295e3945818c42 StaticDependenciesID=26731e8752a830bbc886b13afb3ea53f 
Number of updated asset objects reloaded before import = 0
Number of asset objects unloaded after import = 0
========================================================================
Received Import Request.
  Time of request: 2026-09-27T03:54:23.4810271Z
  Time since last request: 0.000536 seconds.
  importAddress: GUID: a8ed4063f2beecd41a234a582202f3c4 - Path: Packages/com.unity.test-framework/UnityEngine.TestRunner/Assertions/UnhandledLogMessageException.cs - Importer: ScriptedImporter/UnityEditor.QuickSearchModule:UnityEditor.Search:ASIAI0B
Importing 'GUID: a8ed4063f2beecd41a234a582202f3c4 - Path: Packages/com.unity.test-framework/UnityEngine.TestRunner/Assertions/UnhandledLogMessageException.cs - Importer: ScriptedImporter/UnityEditor.QuickSearchModule:UnityEditor.Search:ASIAI0B' with importer (ScriptedImporter : UnityEditor.QuickSearchModule:UnityEditor.Search:ASIAI0B)
Imported 'GUID: a8ed4063f2beecd41a234a582202f3c4' -> (Import Result ID: '402733f946297e3d6c0189261254ed00') in 0.002 seconds [static and dynamic dependencies]. Details - ImportResultOutputID=5b7586a7158295dd540c5a3432e9fe3d DependenciesID=d7fca8c05081a00ce9a5fbbadc6e5584 StaticDependenciesID=558d6e1baa08e4766309a5b7607d27f5 
Number of updated asset objects reloaded before import = 0
Number of asset objects unloaded after import = 0
========================================================================
Received Import Request.
  Time of request: 2026-09-27T03:54:23.4837097Z
  Time since last request: 0.0006205 seconds.
  importAddress: GUID: db9a20ff62f649c7b64172ebec68370c - Path: Packages/com.unity.test-framework/UnityEngine.TestRunner/UnityTestProtocol/TestStartedMessage.cs - Importer: ScriptedImporter/UnityEditor.QuickSearchModule:UnityEditor.Search:ASIAI0B
Importing 'GUID: db9a20ff62f649c7b64172ebec68370c - Path: Packages/com.unity.test-framework/UnityEngine.TestRunner/UnityTestProtocol/TestStartedMessage.cs - Importer: ScriptedImporter/UnityEditor.QuickSearchModule:UnityEditor.Search:ASIAI0B' with importer (ScriptedImporter : UnityEditor.QuickSearchModule:UnityEditor.Search:ASIAI0B)
Imported 'GUID: db9a20ff62f649c7b64172ebec68370c' -> (Import Result ID: '073710006d0ffc7bb6599f439d8a7644') in 0.002 seconds [static and dynamic dependencies]. Details - ImportResultOutputID=8dde5e0b67ab87cad0db123bd762a494 DependenciesID=a066f2f7d6a3f928c2b91a5c9bed3c37 StaticDependenciesID=3c3331a78e52204cabd749f32dcbae85 
Number of updated asset objects reloaded before import = 0
Number of asset objects unloaded after import = 0
========================================================================
Received Import Request.
  Time of request: 2026-09-27T03:54:23.4867644Z
  Time since last request: 0.0005392 seconds.
  importAddress: GUID: 4f939b9e23a0946439b812551e07ac81 - Path: Packages/com.unity.test-framework/UnityEngine.TestRunner/NUnitExtensions/ActionDelegator.cs - Importer: ScriptedImporter/UnityEditor.QuickSearchModule:UnityEditor.Search:ASIAI0B
Importing 'GUID: 4f939b9e23a0946439b812551e07ac81 - Path: Packages/com.unity.test-framework/UnityEngine.TestRunner/NUnitExtensions/ActionDelegator.cs - Importer: ScriptedImporter/UnityEditor.QuickSearchModule:UnityEditor.Search:ASIAI0B' with importer (ScriptedImporter : UnityEditor.QuickSearchModule:UnityEditor.Search:ASIAI0B)
Imported 'GUID: 4f939b9e23a0946439b812551e07ac81' -> (Import Result ID: '89e35c34a096e7baffcfd607ab2a068e') in 0.002 seconds [static and dynamic dependencies]. Details - ImportResultOutputID=a0ebebe9511b50dafacdcd09926340b8 DependenciesID=974ae02da9ddbee7b02144b604d5fac4 StaticDependenciesID=02b9ad62588f617b4e7354207dd60cce 
Number of updated asset objects reloaded before import = 0
Number of asset objects unloaded after import = 0
========================================================================
Received Import Request.
  Time of request: 2026-09-27T03:54:23.4898259Z
  Time since last request: 0.0009878 seconds.
  importAddress: GUID: ff67c526455160f4690a44f74dee4cbe - Path: Packages/com.unity.test-framework/UnityEngine.TestRunner/Utils/IPostBuildCleanup.cs - Importer: ScriptedImporter/UnityEditor.QuickSearchModule:UnityEditor.Search:ASIAI0B
Importing 'GUID: ff67c526455160f4690a44f74dee4cbe - Path: Packages/com.unity.test-framework/UnityEngine.TestRunner/Utils/IPostBuildCleanup.cs - Importer: ScriptedImporter/UnityEditor.QuickSearchModule:UnityEditor.Search:ASIAI0B' with importer (ScriptedImporter : UnityEditor.QuickSearchModule:UnityEditor.Search:ASIAI0B)
Imported 'GUID: ff67c526455160f4690a44f74dee4cbe' -> (Import Result ID: '768d20d94ad20282ff39dee634731a2f') in 0.002 seconds [static and dynamic dependencies]. Details - ImportResultOutputID=38950efd91f2e1d34d349441b8578b46 DependenciesID=ca5b46fdf74b4f6056df488f78bed469 StaticDependenciesID=67f69c9bf6c34726df08d55dd1fdc593 
Number of updated asset objects reloaded before import = 0
Number of asset objects unloaded after import = 0
========================================================================
Received Import Request.
  Time of request: 2026-09-27T03:54:23.4927486Z
  Time since last request: 0.0007493 seconds.
  importAddress: GUID: d6105bc8cf5ce544487daca4cbc62583 - Path: Packages/com.unity.test-framework/UnityEngine.TestRunner/Utils/ColorEqualityComparer.cs - Importer: ScriptedImporter/UnityEditor.QuickSearchModule:UnityEditor.Search:ASIAI0B
Importing 'GUID: d6105bc8cf5ce544487daca4cbc62583 - Path: Packages/com.unity.test-framework/UnityEngine.TestRunner/Utils/ColorEqualityComparer.cs - Importer: ScriptedImporter/UnityEditor.QuickSearchModule:UnityEditor.Search:ASIAI0B' with importer (ScriptedImporter : UnityEditor.QuickSearchModule:UnityEditor.Search:ASIAI0B)
Imported 'GUID: d6105bc8cf5ce544487daca4cbc62583' -> (Import Result ID: 'c9b9cb4cb0b4eddf4489c17f1f465114') in 0.002 seconds [static and dynamic dependencies]. Details - ImportResultOutputID=61bfc908c05c08a5d287e9ef060ebbb4 DependenciesID=f74c5845952d6efb299318abbd02f8bd StaticDependenciesID=533fe371e2ac62e7bd5742e759f58351 
Number of updated asset objects reloaded before import = 0
Number of asset objects unloaded after import = 0
========================================================================
Received Import Request.
  Time of request: 2026-09-27T03:54:23.4957209Z
  Time since last request: 0.0006125 seconds.
  importAddress: GUID: 37cea569bfefafe49a1513c4d7f0e9eb - Path: Packages/com.unity.test-framework/UnityEngine.TestRunner/NUnitExtensions/BaseDelegator.cs - Importer: ScriptedImporter/UnityEditor.QuickSearchModule:UnityEditor.Search:ASIAI0B
Importing 'GUID: 37cea569bfefafe49a1513c4d7f0e9eb - Path: Packages/com.unity.test-framework/UnityEngine.TestRunner/NUnitExtensions/BaseDelegator.cs - Importer: ScriptedImporter/UnityEditor.QuickSearchModule:UnityEditor.Search:ASIAI0B' with importer (ScriptedImporter : UnityEditor.QuickSearchModule:UnityEditor.Search:ASIAI0B)
Imported 'GUID: 37cea569bfefafe49a1513c4d7f0e9eb' -> (Import Result ID: 'b38e1473d53ec704f5dbf8c07c6daaeb') in 0.002 seconds [static and dynamic dependencies]. Details - ImportResultOutputID=d1abb641e760a99f99e38dffba3b1bb4 DependenciesID=8e78269fe31110b3d8d83669db712f47 StaticDependenciesID=32bf78d5674fea506f0278351d54cebb 
Number of updated asset objects reloaded before import = 0
Number of asset objects unloaded after import = 0
========================================================================
Received Import Request.
  Time of request: 2026-09-27T03:54:23.4990577Z
  Time since last request: 0.0006358 seconds.
  importAddress: GUID: 9650d910fcaefb34cb45f121c1993892 - Path: Packages/com.unity.test-framework/UnityEngine.TestRunner/Assertions/InvalidSignatureException.cs - Importer: ScriptedImporter/UnityEditor.QuickSearchModule:UnityEditor.Search:ASIAI0B
Importing 'GUID: 9650d910fcaefb34cb45f121c1993892 - Path: Packages/com.unity.test-framework/UnityEngine.TestRunner/Assertions/InvalidSignatureException.cs - Importer: ScriptedImporter/UnityEditor.QuickSearchModule:UnityEditor.Search:ASIAI0B' with importer (ScriptedImporter : UnityEditor.QuickSearchModule:UnityEditor.Search:ASIAI0B)
Imported 'GUID: 9650d910fcaefb34cb45f121c1993892' -> (Import Result ID: '64dee36d5e26cc59f3c0ebec0da91d81') in 0.002 seconds [static and dynamic dependencies]. Details - ImportResultOutputID=24abf9fd7c5ad70f186937cbf87ab762 DependenciesID=88b9d53ca63cbe7a2c2a776857cef2ef StaticDependenciesID=d7c257952aa301017607efb096a6d872 
Number of updated asset objects reloaded before import = 0
Number of asset objects unloaded after import = 0
========================================================================
Received Import Request.
  Time of request: 2026-09-27T03:54:23.5021523Z
  Time since last request: 0.0006423 seconds.
  importAddress: GUID: 5aec7938f118041779fb739b38477100 - Path: Packages/com.unity.test-framework/UnityEngine.TestRunner/TestRunner/TestTaskWrapper.cs - Importer: ScriptedImporter/UnityEditor.QuickSearchModule:UnityEditor.Search:ASIAI0B
Importing 'GUID: 5aec7938f118041779fb739b38477100 - Path: Packages/com.unity.test-framework/UnityEngine.TestRunner/TestRunner/TestTaskWrapper.cs - Importer: ScriptedImporter/UnityEditor.QuickSearchModule:UnityEditor.Search:ASIAI0B' with importer (ScriptedImporter : UnityEditor.QuickSearchModule:UnityEditor.Search:ASIAI0B)
Imported 'GUID: 5aec7938f118041779fb739b38477100' -> (Import Result ID: '1661b21a19140ab3895e5cc77f2547a7') in 0.003 seconds [static and dynamic dependencies]. Details - ImportResultOutputID=76eb96f3ef32a923f234a39157e17e61 DependenciesID=2cf370e3399672122e5ffe76dfac97d8 StaticDependenciesID=53bcdc76ae92de10dfaa1c6df908b270 
Number of updated asset objects reloaded before import = 0
Number of asset objects unloaded after import = 0
========================================================================
Received Import Request.
  Time of request: 2026-09-27T03:54:23.5063468Z
  Time since last request: 0.00065 seconds.
  importAddress: GUID: 2799eb4c84e72e54092a292cf626936b - Path: Packages/com.unity.test-framework/UnityEngine.TestRunner/TestRunner/PlaymodeTestsControllerSettings.cs - Importer: ScriptedImporter/UnityEditor.QuickSearchModule:UnityEditor.Search:ASIAI0B
Importing 'GUID: 2799eb4c84e72e54092a292cf626936b - Path: Packages/com.unity.test-framework/UnityEngine.TestRunner/TestRunner/PlaymodeTestsControllerSettings.cs - Importer: ScriptedImporter/UnityEditor.QuickSearchModule:UnityEditor.Search:ASIAI0B' with importer (ScriptedImporter : UnityEditor.QuickSearchModule:UnityEditor.Search:ASIAI0B)
Imported 'GUID: 2799eb4c84e72e54092a292cf626936b' -> (Import Result ID: '10251641eb1003ad3577597aee0fe81a') in 0.002 seconds [static and dynamic dependencies]. Details - ImportResultOutputID=8b8b24e88c00ecdb012b1a6886fa78f9 DependenciesID=a66301089a9f4bfe1785004721673b74 StaticDependenciesID=83e0d7938f65b0bb58d510d53e424137 
Number of updated asset objects reloaded before import = 0
Number of asset objects unloaded after import = 0
========================================================================
Received Import Request.
  Time of request: 2026-09-27T03:54:23.5096334Z
  Time since last request: 0.0006302 seconds.
  importAddress: GUID: 9ad0b0c865b01af4ca1b414689e71259 - Path: Packages/com.unity.test-framework/UnityEngine.TestRunner/TestRunner/TestEnumeratorWrapper.cs - Importer: ScriptedImporter/UnityEditor.QuickSearchModule:UnityEditor.Search:ASIAI0B
Importing 'GUID: 9ad0b0c865b01af4ca1b414689e71259 - Path: Packages/com.unity.test-framework/UnityEngine.TestRunner/TestRunner/TestEnumeratorWrapper.cs - Importer: ScriptedImporter/UnityEditor.QuickSearchModule:UnityEditor.Search:ASIAI0B' with importer (ScriptedImporter : UnityEditor.QuickSearchModule:UnityEditor.Search:ASIAI0B)
Imported 'GUID: 9ad0b0c865b01af4ca1b414689e71259' -> (Import Result ID: '5c269912a7a31640870bdfc949e84aef') in 0.002 seconds [static and dynamic dependencies]. Details - ImportResultOutputID=2d539e5584c9dc9e16e4f77982245249 DependenciesID=0629b700567c128f500e634dbfeab2c4 StaticDependenciesID=7ea2ae6505329b6c74ed79a624a8c1ee 
Number of updated asset objects reloaded before import = 0
Number of asset objects unloaded after import = 0
========================================================================
Received Import Request.
  Time of request: 2026-09-27T03:54:23.5124456Z
  Time since last request: 0.0006409 seconds.
  importAddress: GUID: 24a158219395ebf44a60547b97784ddc - Path: Packages/com.unity.test-framework/UnityEngine.TestRunner/Utils/CoroutineRunner.cs - Importer: ScriptedImporter/UnityEditor.QuickSearchModule:UnityEditor.Search:ASIAI0B
Importing 'GUID: 24a158219395ebf44a60547b97784ddc - Path: Packages/com.unity.test-framework/UnityEngine.TestRunner/Utils/CoroutineRunner.cs - Importer: ScriptedImporter/UnityEditor.QuickSearchModule:UnityEditor.Search:ASIAI0B' with importer (ScriptedImporter : UnityEditor.QuickSearchModule:UnityEditor.Search:ASIAI0B)
Imported 'GUID: 24a158219395ebf44a60547b97784ddc' -> (Import Result ID: '2b42bbfe4cffbe4cdb1038e4c62776b4') in 0.003 seconds [static and dynamic dependencies]. Details - ImportResultOutputID=80ff8d3d9290d1db2d7c8ae489c9b767 DependenciesID=625b103c322faf8fc6f3dec18d3ed997 StaticDependenciesID=c940ceee4ad8d056f7f8f58d3d1e1387 
Number of updated asset objects reloaded before import = 0
Number of asset objects unloaded after import = 0
========================================================================
Received Import Request.
  Time of request: 2026-09-27T03:54:23.5168986Z
  Time since last request: 0.0007673 seconds.
  importAddress: GUID: 5f875a14565308a40a5262d2504da705 - Path: Packages/com.unity.test-framework/UnityEngine.TestRunner/NUnitExtensions/IStateSerializer.cs - Importer: ScriptedImporter/UnityEditor.QuickSearchModule:UnityEditor.Search:ASIAI0B
Importing 'GUID: 5f875a14565308a40a5262d2504da705 - Path: Packages/com.unity.test-framework/UnityEngine.TestRunner/NUnitExtensions/IStateSerializer.cs - Importer: ScriptedImporter/UnityEditor.QuickSearchModule:UnityEditor.Search:ASIAI0B' with importer (ScriptedImporter : UnityEditor.QuickSearchModule:UnityEditor.Search:ASIAI0B)
Imported 'GUID: 5f875a14565308a40a5262d2504da705' -> (Import Result ID: 'b781b1d65622ec70f6060f8f3d4419af') in 0.002 seconds [static and dynamic dependencies]. Details - ImportResultOutputID=8367ffc567f5159af8e6a9c7d2cab52d DependenciesID=2cbe4af5b5a1b6fed02ce0cff08e8559 StaticDependenciesID=196c3d7c4c2f0b9f6099cec56507a209 
Number of updated asset objects reloaded before import = 0
Number of asset objects unloaded after import = 0
========================================================================
Received Import Request.
  Time of request: 2026-09-27T03:54:23.5203682Z
  Time since last request: 0.000797 seconds.
  importAddress: GUID: 5b2eeca598284bd4abb4a15c30df1576 - Path: Packages/com.unity.test-framework/UnityEngine.TestRunner/Assertions/UnexpectedLogMessageException.cs - Importer: ScriptedImporter/UnityEditor.QuickSearchModule:UnityEditor.Search:ASIAI0B
Importing 'GUID: 5b2eeca598284bd4abb4a15c30df1576 - Path: Packages/com.unity.test-framework/UnityEngine.TestRunner/Assertions/UnexpectedLogMessageException.cs - Importer: ScriptedImporter/UnityEditor.QuickSearchModule:UnityEditor.Search:ASIAI0B' with importer (ScriptedImporter : UnityEditor.QuickSearchModule:UnityEditor.Search:ASIAI0B)
Imported 'GUID: 5b2eeca598284bd4abb4a15c30df1576' -> (Import Result ID: 'ff61812f88eafb2823a7bea0b2588780') in 0.003 seconds [static and dynamic dependencies]. Details - ImportResultOutputID=cbaf37a1b58308882cccaab62e2b187c DependenciesID=cc6671ea996671e107ce4770910860bc StaticDependenciesID=b9b624c5edc24d8662be001f5475fe3d 
Number of updated asset objects reloaded before import = 0
Number of asset objects unloaded after import = 0
========================================================================
Received Import Request.
  Time of request: 2026-09-27T03:54:23.5243213Z
  Time since last request: 0.000706 seconds.
  importAddress: GUID: 75e7d7a9a57458841a85fe42d9c9141f - Path: Packages/com.unity.test-framework/UnityEditor.TestRunner/TestSettings/TestSettingsDeserializer.cs - Importer: ScriptedImporter/UnityEditor.QuickSearchModule:UnityEditor.Search:ASIAI0B
Importing 'GUID: 75e7d7a9a57458841a85fe42d9c9141f - Path: Packages/com.unity.test-framework/UnityEditor.TestRunner/TestSettings/TestSettingsDeserializer.cs - Importer: ScriptedImporter/UnityEditor.QuickSearchModule:UnityEditor.Search:ASIAI0B' with importer (ScriptedImporter : UnityEditor.QuickSearchModule:UnityEditor.Search:ASIAI0B)
Imported 'GUID: 75e7d7a9a57458841a85fe42d9c9141f' -> (Import Result ID: '6c378c9b0785b269b8b3f908612b2ff5') in 0.002 seconds [static and dynamic dependencies]. Details - ImportResultOutputID=dcbf381c8b3e002e48d80833145cd431 DependenciesID=08cecdb3418643cae4f1bcfb99d35e62 StaticDependenciesID=216657392b105f72220e1a70c99940af 
Number of updated asset objects reloaded before import = 0
Number of asset objects unloaded after import = 0
========================================================================
Received Import Request.
  Time of request: 2026-09-27T03:54:23.5275944Z
  Time since last request: 0.0007008 seconds.
  importAddress: GUID: 65fb6da362a78334ab360a125cfafdaf - Path: Packages/com.unity.test-framework/UnityEngine.TestRunner/NUnitExtensions/TestResultExtensions.cs - Importer: ScriptedImporter/UnityEditor.QuickSearchModule:UnityEditor.Search:ASIAI0B
Importing 'GUID: 65fb6da362a78334ab360a125cfafdaf - Path: Packages/com.unity.test-framework/UnityEngine.TestRunner/NUnitExtensions/TestResultExtensions.cs - Importer: ScriptedImporter/UnityEditor.QuickSearchModule:UnityEditor.Search:ASIAI0B' with importer (ScriptedImporter : UnityEditor.QuickSearchModule:UnityEditor.Search:ASIAI0B)
Imported 'GUID: 65fb6da362a78334ab360a125cfafdaf' -> (Import Result ID: '46fb29b4fa09eefeb6d8a5dc1f6918d3') in 0.002 seconds [static and dynamic dependencies]. Details - ImportResultOutputID=5829458726701b9e55dfa2f9cd875871 DependenciesID=25388d77fcf1a9f94791f71569078e3c StaticDependenciesID=0e692711ed8f0de3966e16b11a1a880d 
Number of updated asset objects reloaded before import = 0
Number of asset objects unloaded after import = 0
========================================================================
Received Import Request.
  Time of request: 2026-09-27T03:54:23.5309065Z
  Time since last request: 0.0007231 seconds.
  importAddress: GUID: c3aa5c3d59b94854e843f10b75b3ad63 - Path: Packages/com.unity.test-framework/UnityEngine.TestRunner/NUnitExtensions/IAsyncTestAssemblyBuilder.cs - Importer: ScriptedImporter/UnityEditor.QuickSearchModule:UnityEditor.Search:ASIAI0B
Importing 'GUID: c3aa5c3d59b94854e843f10b75b3ad63 - Path: Packages/com.unity.test-framework/UnityEngine.TestRunner/NUnitExtensions/IAsyncTestAssemblyBuilder.cs - Importer: ScriptedImporter/UnityEditor.QuickSearchModule:UnityEditor.Search:ASIAI0B' with importer (ScriptedImporter : UnityEditor.QuickSearchModule:UnityEditor.Search:ASIAI0B)
Imported 'GUID: c3aa5c3d59b94854e843f10b75b3ad63' -> (Import Result ID: 'b3b9de318bf4a87aee8ec4f739d9bc8e') in 0.003 seconds [static and dynamic dependencies]. Details - ImportResultOutputID=9ad01f12e6c97b64675cd404aa5177f2 DependenciesID=5c0c342ce9b218fcca12a7cb8e30bb79 StaticDependenciesID=f27ca3ec483cc9d22436258edaf85827 
Number of updated asset objects reloaded before import = 0
Number of asset objects unloaded after import = 0
========================================================================
Received Import Request.
  Time of request: 2026-09-27T03:54:23.5344627Z
  Time since last request: 0.0006292 seconds.
  importAddress: GUID: ffb335140c799c4408411d81789fb05c - Path: Packages/com.unity.test-framework/UnityEngine.TestRunner/Assertions/UnityTestTimeoutException.cs - Importer: ScriptedImporter/UnityEditor.QuickSearchModule:UnityEditor.Search:ASIAI0B
Importing 'GUID: ffb335140c799c4408411d81789fb05c - Path: Packages/com.unity.test-framework/UnityEngine.TestRunner/Assertions/UnityTestTimeoutException.cs - Importer: ScriptedImporter/UnityEditor.QuickSearchModule:UnityEditor.Search:ASIAI0B' with importer (ScriptedImporter : UnityEditor.QuickSearchModule:UnityEditor.Search:ASIAI0B)
Imported 'GUID: ffb335140c799c4408411d81789fb05c' -> (Import Result ID: '0738f2f4e0a20ae760c53e7a6acae220') in 0.003 seconds [static and dynamic dependencies]. Details - ImportResultOutputID=0e764026f92d57260f4b49cb37caa430 DependenciesID=3763dda9db7ce8b883f68d2cd929d6d8 StaticDependenciesID=5c05da5d8b7e627dcbb1f08fe2cd9333 
Number of updated asset objects reloaded before import = 0
Number of asset objects unloaded after import = 0
========================================================================
Received Import Request.
  Time of request: 2026-09-27T03:54:23.5384657Z
  Time since last request: 0.0006835 seconds.
  importAddress: GUID: d1b7ce919aa8864409412e809073cf96 - Path: Packages/com.unity.test-framework/UnityEngine.TestRunner/Utils/PrebuildSetupAttribute.cs - Importer: ScriptedImporter/UnityEditor.QuickSearchModule:UnityEditor.Search:ASIAI0B
Importing 'GUID: d1b7ce919aa8864409412e809073cf96 - Path: Packages/com.unity.test-framework/UnityEngine.TestRunner/Utils/PrebuildSetupAttribute.cs - Importer: ScriptedImporter/UnityEditor.QuickSearchModule:UnityEditor.Search:ASIAI0B' with importer (ScriptedImporter : UnityEditor.QuickSearchModule:UnityEditor.Search:ASIAI0B)
Imported 'GUID: d1b7ce919aa8864409412e809073cf96' -> (Import Result ID: 'c48e5e938524acd7926d0825f5ae5825') in 0.002 seconds [static and dynamic dependencies]. Details - ImportResultOutputID=0b9acd2e4f9a4afeaac9c6347f2f43a6 DependenciesID=a8dc258e8d7e3865a25d6f506f1bfcf1 StaticDependenciesID=d6faef74a295c2db2443cdd91e3c7d63 
Number of updated asset objects reloaded before import = 0
Number of asset objects unloaded after import = 0
========================================================================
Received Import Request.
  Time of request: 2026-09-27T03:54:23.541731Z
  Time since last request: 0.000689 seconds.
  importAddress: GUID: 73deb9b8722aa284eab27c4dc90956c6 - Path: Packages/com.unity.test-framework/UnityEngine.TestRunner/TestRunner/TestListenerWrapper.cs - Importer: ScriptedImporter/UnityEditor.QuickSearchModule:UnityEditor.Search:ASIAI0B
Importing 'GUID: 73deb9b8722aa284eab27c4dc90956c6 - Path: Packages/com.unity.test-framework/UnityEngine.TestRunner/TestRunner/TestListenerWrapper.cs - Importer: ScriptedImporter/UnityEditor.QuickSearchModule:UnityEditor.Search:ASIAI0B' with importer (ScriptedImporter : UnityEditor.QuickSearchModule:UnityEditor.Search:ASIAI0B)
Imported 'GUID: 73deb9b8722aa284eab27c4dc90956c6' -> (Import Result ID: '8503dad73d33df83443e3f8a4b98226a') in 0.002 seconds [static and dynamic dependencies]. Details - ImportResultOutputID=1f2f910220a304154ef405fb08bbf82c DependenciesID=02d8983c1ab6e75fefbb92fc1f7029ac StaticDependenciesID=a7671f5a814b2d4e4c709ba76a0e7c1c 
Number of updated asset objects reloaded before import = 0
Number of asset objects unloaded after import = 0
========================================================================
Received Import Request.
  Time of request: 2026-09-27T03:54:23.5446026Z
  Time since last request: 0.0005968 seconds.
  importAddress: GUID: b42e1db66fe9c634798674cb9e1df2ca - Path: Packages/com.unity.test-framework/UnityEngine.TestRunner/NUnitExtensions/ConstructDelegator.cs - Importer: ScriptedImporter/UnityEditor.QuickSearchModule:UnityEditor.Search:ASIAI0B
Importing 'GUID: b42e1db66fe9c634798674cb9e1df2ca - Path: Packages/com.unity.test-framework/UnityEngine.TestRunner/NUnitExtensions/ConstructDelegator.cs - Importer: ScriptedImporter/UnityEditor.QuickSearchModule:UnityEditor.Search:ASIAI0B' with importer (ScriptedImporter : UnityEditor.QuickSearchModule:UnityEditor.Search:ASIAI0B)
Imported 'GUID: b42e1db66fe9c634798674cb9e1df2ca' -> (Import Result ID: '03f2ec64caa58fc849cb70e2249a81e0') in 0.002 seconds [static and dynamic dependencies]. Details - ImportResultOutputID=022108d1d78ca706134ff24109439086 DependenciesID=d3114f649ead1474f55357325ef2fb70 StaticDependenciesID=b833a503219c410b42f9f64f86bcc18e 
Number of updated asset objects reloaded before import = 0
Number of asset objects unloaded after import = 0
========================================================================
Received Import Request.
  Time of request: 2026-09-27T03:54:23.5477885Z
  Time since last request: 0.0006397 seconds.
  importAddress: GUID: a025ba7ee40d0104db8d08b1d9eabb0d - Path: Packages/com.unity.test-framework/UnityEngine.TestRunner/TestRunner/RuntimeTestRunnerFilter.cs - Importer: ScriptedImporter/UnityEditor.QuickSearchModule:UnityEditor.Search:ASIAI0B
Importing 'GUID: a025ba7ee40d0104db8d08b1d9eabb0d - Path: Packages/com.unity.test-framework/UnityEngine.TestRunner/TestRunner/RuntimeTestRunnerFilter.cs - Importer: ScriptedImporter/UnityEditor.QuickSearchModule:UnityEditor.Search:ASIAI0B' with importer (ScriptedImporter : UnityEditor.QuickSearchModule:UnityEditor.Search:ASIAI0B)
Imported 'GUID: a025ba7ee40d0104db8d08b1d9eabb0d' -> (Import Result ID: '352ba16540490894636d15177fe0f476') in 0.003 seconds [static and dynamic dependencies]. Details - ImportResultOutputID=498b38d2654f9f1bc3383299a224e40e DependenciesID=a188d54765d784a7249108f1e08d8e38 StaticDependenciesID=e4a139442c62dd6ca123af36998a500b 
Number of updated asset objects reloaded before import = 0
Number of asset objects unloaded after import = 0
========================================================================
Received Import Request.
  Time of request: 2026-09-27T03:54:23.5515489Z
  Time since last request: 0.0007394 seconds.
  importAddress: GUID: b9c2a6302985d3846b7b9f6fd9e2da9a - Path: Packages/com.unity.test-framework/UnityEngine.TestRunner/Utils/IOuterUnityTestAction.cs - Importer: ScriptedImporter/UnityEditor.QuickSearchModule:UnityEditor.Search:ASIAI0B
Importing 'GUID: b9c2a6302985d3846b7b9f6fd9e2da9a - Path: Packages/com.unity.test-framework/UnityEngine.TestRunner/Utils/IOuterUnityTestAction.cs - Importer: ScriptedImporter/UnityEditor.QuickSearchModule:UnityEditor.Search:ASIAI0B' with importer (ScriptedImporter : UnityEditor.QuickSearchModule:UnityEditor.Search:ASIAI0B)
Imported 'GUID: b9c2a6302985d3846b7b9f6fd9e2da9a' -> (Import Result ID: 'a4d62409f9419cfb0df04e9e59d02288') in 0.002 seconds [static and dynamic dependencies]. Details - ImportResultOutputID=8f2aa4fc6940eac72c3a4de7799c67da DependenciesID=8e63d2f5307f9a76346ae604d3923c9a StaticDependenciesID=9cd04d28b5d78932a6d7537f6f938f5e 
Number of updated asset objects reloaded before import = 0
Number of asset objects unloaded after import = 0
========================================================================
Received Import Request.
  Time of request: 2026-09-27T03:54:23.5554179Z
  Time since last request: 0.0011603 seconds.
  importAddress: GUID: 2cc8cb8ea0b84a54b6caf6601d63ece6 - Path: Packages/com.unity.test-framework/UnityEngine.TestRunner/UnityTestProtocol/TestFinishMessage.cs - Importer: ScriptedImporter/UnityEditor.QuickSearchModule:UnityEditor.Search:ASIAI0B
Importing 'GUID: 2cc8cb8ea0b84a54b6caf6601d63ece6 - Path: Packages/com.unity.test-framework/UnityEngine.TestRunner/UnityTestProtocol/TestFinishMessage.cs - Importer: ScriptedImporter/UnityEditor.QuickSearchModule:UnityEditor.Search:ASIAI0B' with importer (ScriptedImporter : UnityEditor.QuickSearchModule:UnityEditor.Search:ASIAI0B)
Imported 'GUID: 2cc8cb8ea0b84a54b6caf6601d63ece6' -> (Import Result ID: 'eac36a3fda57331e257e592bee50392e') in 0.002 seconds [static and dynamic dependencies]. Details - ImportResultOutputID=407fb1e2f819fa41c119a7aad36738ea DependenciesID=e01e1e48500a9f72b99c191132c07c61 StaticDependenciesID=cbc935e5b48d430bad51500409a446c1 
Number of updated asset objects reloaded before import = 0
Number of asset objects unloaded after import = 0
========================================================================
Received Import Request.
  Time of request: 2026-09-27T03:54:23.5586407Z
  Time since last request: 0.000678 seconds.
  importAddress: GUID: c3a9378562b345c4ac08e605d35c0d93 - Path: Packages/com.unity.test-framework/UnityEngine.TestRunner/UnityTestProtocol/TestState.cs - Importer: ScriptedImporter/UnityEditor.QuickSearchModule:UnityEditor.Search:ASIAI0B
Importing 'GUID: c3a9378562b345c4ac08e605d35c0d93 - Path: Packages/com.unity.test-framework/UnityEngine.TestRunner/UnityTestProtocol/TestState.cs - Importer: ScriptedImporter/UnityEditor.QuickSearchModule:UnityEditor.Search:ASIAI0B' with importer (ScriptedImporter : UnityEditor.QuickSearchModule:UnityEditor.Search:ASIAI0B)
Imported 'GUID: c3a9378562b345c4ac08e605d35c0d93' -> (Import Result ID: '6247c228d905b6ef90d98a34d6c58fae') in 0.003 seconds [static and dynamic dependencies]. Details - ImportResultOutputID=9117898968f85c1f0fdd8b93c459d70f DependenciesID=8966a12f519e7727bc249756ad6fada1 StaticDependenciesID=2d67e841e5832349a2d8057fb6d9f9a2 
Number of updated asset objects reloaded before import = 0
Number of asset objects unloaded after import = 0
========================================================================
Received Import Request.
  Time of request: 2026-09-27T03:54:23.5628102Z
  Time since last request: 0.0012683 seconds.
  importAddress: GUID: 6de79ae237e51554da96fd28f68b66a6 - Path: Packages/com.unity.test-framework/UnityEditor.TestRunner/UnityTestProtocol/ITestRunnerApiMapper.cs - Importer: ScriptedImporter/UnityEditor.QuickSearchModule:UnityEditor.Search:ASIAI0B
Importing 'GUID: 6de79ae237e51554da96fd28f68b66a6 - Path: Packages/com.unity.test-framework/UnityEditor.TestRunner/UnityTestProtocol/ITestRunnerApiMapper.cs - Importer: ScriptedImporter/UnityEditor.QuickSearchModule:UnityEditor.Search:ASIAI0B' with importer (ScriptedImporter : UnityEditor.QuickSearchModule:UnityEditor.Search:ASIAI0B)
Imported 'GUID: 6de79ae237e51554da96fd28f68b66a6' -> (Import Result ID: '5e8554394db5e6d35bf31da3a778d5cb') in 0.003 seconds [static and dynamic dependencies]. Details - ImportResultOutputID=136866770c450eb37d15dc9eea0cd752 DependenciesID=53f3e14814e80792890b9884ab2e1f8d StaticDependenciesID=89112d57de1805e7587489a8b5a6db18 
Number of updated asset objects reloaded before import = 0
Number of asset objects unloaded after import = 0
========================================================================
Received Import Request.
  Time of request: 2026-09-27T03:54:23.5665686Z
  Time since last request: 0.0007312 seconds.
  importAddress: GUID: 952b3dc7b47846947b37c8d3ae46579a - Path: Packages/com.unity.test-framework/UnityEditor.TestRunner/UnityTestProtocol/IUtpMessageReporter.cs - Importer: ScriptedImporter/UnityEditor.QuickSearchModule:UnityEditor.Search:ASIAI0B
Importing 'GUID: 952b3dc7b47846947b37c8d3ae46579a - Path: Packages/com.unity.test-framework/UnityEditor.TestRunner/UnityTestProtocol/IUtpMessageReporter.cs - Importer: ScriptedImporter/UnityEditor.QuickSearchModule:UnityEditor.Search:ASIAI0B' with importer (ScriptedImporter : UnityEditor.QuickSearchModule:UnityEditor.Search:ASIAI0B)
Imported 'GUID: 952b3dc7b47846947b37c8d3ae46579a' -> (Import Result ID: '8c7cce5b5197b557c7c9f698c682b984') in 0.002 seconds [static and dynamic dependencies]. Details - ImportResultOutputID=3b665f266f1679f16d6f2d8844f233a2 DependenciesID=a08cf70fd93d61e33ba5d0073a37a4ee StaticDependenciesID=234dbb7ca818d43766551dd6a7697d26 
Number of updated asset objects reloaded before import = 0
Number of asset objects unloaded after import = 0
========================================================================
Received Import Request.
  Time of request: 2026-09-27T03:54:23.5700185Z
  Time since last request: 0.0008224 seconds.
  importAddress: GUID: 3b28913f21577de429da928d6d05219f - Path: Packages/com.unity.test-framework/UnityEngine.TestRunner/Utils/QuaternionEqualityComparer.cs - Importer: ScriptedImporter/UnityEditor.QuickSearchModule:UnityEditor.Search:ASIAI0B
Importing 'GUID: 3b28913f21577de429da928d6d05219f - Path: Packages/com.unity.test-framework/UnityEngine.TestRunner/Utils/QuaternionEqualityComparer.cs - Importer: ScriptedImporter/UnityEditor.QuickSearchModule:UnityEditor.Search:ASIAI0B' with importer (ScriptedImporter : UnityEditor.QuickSearchModule:UnityEditor.Search:ASIAI0B)
Imported 'GUID: 3b28913f21577de429da928d6d05219f' -> (Import Result ID: '2b169df2a22877119b5f0b2a1c46e5f1') in 0.002 seconds [static and dynamic dependencies]. Details - ImportResultOutputID=6092d65a0c5dea90591bb6197764b00a DependenciesID=7935f5ee6dfdfb9481388bb00c2ebfa1 StaticDependenciesID=59648908930e86f1736f67ce2187dbc1 
Number of updated asset objects reloaded before import = 0
Number of asset objects unloaded after import = 0
========================================================================
Received Import Request.
  Time of request: 2026-09-27T03:54:23.5734359Z
  Time since last request: 0.0008159 seconds.
  importAddress: GUID: 743879b4db4bc1a4b829aae4386f4acf - Path: Packages/com.unity.test-framework/UnityEngine.TestRunner/TestRunner/TestPlatform.cs - Importer: ScriptedImporter/UnityEditor.QuickSearchModule:UnityEditor.Search:ASIAI0B
Importing 'GUID: 743879b4db4bc1a4b829aae4386f4acf - Path: Packages/com.unity.test-framework/UnityEngine.TestRunner/TestRunner/TestPlatform.cs - Importer: ScriptedImporter/UnityEditor.QuickSearchModule:UnityEditor.Search:ASIAI0B' with importer (ScriptedImporter : UnityEditor.QuickSearchModule:UnityEditor.Search:ASIAI0B)
Imported 'GUID: 743879b4db4bc1a4b829aae4386f4acf' -> (Import Result ID: 'd134af8d91b55eb5009034dbfd3ebd24') in 0.002 seconds [static and dynamic dependencies]. Details - ImportResultOutputID=3324d98944e7611d8cdf20b5dfd8c2f0 DependenciesID=e0c0ba102ad8e6b830bbc8f890c65e2e StaticDependenciesID=7046a8a6e975944206e7aecd3b203381 
Number of updated asset objects reloaded before import = 0
Number of asset objects unloaded after import = 0
========================================================================
Received Import Request.
  Time of request: 2026-09-27T03:54:23.5766987Z
  Time since last request: 0.0006718 seconds.
  importAddress: GUID: 6b32b6725087a0d4bb1670818d26996e - Path: Packages/com.unity.test-framework/UnityEditor.TestRunner/TestSettings/TestSettings.cs - Importer: ScriptedImporter/UnityEditor.QuickSearchModule:UnityEditor.Search:ASIAI0B
Importing 'GUID: 6b32b6725087a0d4bb1670818d26996e - Path: Packages/com.unity.test-framework/UnityEditor.TestRunner/TestSettings/TestSettings.cs - Importer: ScriptedImporter/UnityEditor.QuickSearchModule:UnityEditor.Search:ASIAI0B' with importer (ScriptedImporter : UnityEditor.QuickSearchModule:UnityEditor.Search:ASIAI0B)
Imported 'GUID: 6b32b6725087a0d4bb1670818d26996e' -> (Import Result ID: 'b461d16a793585144fec74c6bd5e9a61') in 0.003 seconds [static and dynamic dependencies]. Details - ImportResultOutputID=7e0ee363a75ef3f2c37beb88cd50d6ff DependenciesID=22aaa2058dc057950ca3c1e41f6fd5cc StaticDependenciesID=0b4f028a78075ea9d5982f884c65f4dd 
Number of updated asset objects reloaded before import = 0
Number of asset objects unloaded after import = 0
========================================================================
Received Import Request.
  Time of request: 2026-09-27T03:54:23.5805287Z
  Time since last request: 0.0008677 seconds.
  importAddress: GUID: 9014630255533ed42915965b4065cde8 - Path: Packages/com.unity.test-framework/UnityEditor.TestRunner/UnityTestProtocol/IUtpLogger.cs - Importer: ScriptedImporter/UnityEditor.QuickSearchModule:UnityEditor.Search:ASIAI0B
Importing 'GUID: 9014630255533ed42915965b4065cde8 - Path: Packages/com.unity.test-framework/UnityEditor.TestRunner/UnityTestProtocol/IUtpLogger.cs - Importer: ScriptedImporter/UnityEditor.QuickSearchModule:UnityEditor.Search:ASIAI0B' with importer (ScriptedImporter : UnityEditor.QuickSearchModule:UnityEditor.Search:ASIAI0B)
Imported 'GUID: 9014630255533ed42915965b4065cde8' -> (Import Result ID: '06fc0c6eda90233b690a806bdd0c5730') in 0.003 seconds [static and dynamic dependencies]. Details - ImportResultOutputID=458368525803d3478713dae2198d1fc0 DependenciesID=1727f4a9df65caafd1a98b614d6dbc56 StaticDependenciesID=8b0069c2cf2f72835734594596120d10 
Number of updated asset objects reloaded before import = 0
Number of asset objects unloaded after import = 0
========================================================================
Received Import Request.
  Time of request: 2026-09-27T03:54:23.5929097Z
  Time since last request: 0.0088619 seconds.
  importAddress: GUID: 58ad09607a0d62d458a78d7174665566 - Path: Packages/com.unity.test-framework/UnityEngine.TestRunner/Utils/Vector2EqualityComparer.cs - Importer: ScriptedImporter/UnityEditor.QuickSearchModule:UnityEditor.Search:ASIAI0B
Importing 'GUID: 58ad09607a0d62d458a78d7174665566 - Path: Packages/com.unity.test-framework/UnityEngine.TestRunner/Utils/Vector2EqualityComparer.cs - Importer: ScriptedImporter/UnityEditor.QuickSearchModule:UnityEditor.Search:ASIAI0B' with importer (ScriptedImporter : UnityEditor.QuickSearchModule:UnityEditor.Search:ASIAI0B)
Imported 'GUID: 58ad09607a0d62d458a78d7174665566' -> (Import Result ID: '5637a57112ac9601cbe764d02213dff5') in 0.003 seconds [static and dynamic dependencies]. Details - ImportResultOutputID=6b927d437f771a064421143f7328cb65 DependenciesID=e0026c6eacc75f231b355063559c416d StaticDependenciesID=ba4f8ee790dde14d43e4821511715c5b 
Number of updated asset objects reloaded before import = 0
Number of asset objects unloaded after import = 0
========================================================================
Received Import Request.
  Time of request: 2026-09-27T03:54:23.5972771Z
  Time since last request: 0.0013974 seconds.
  importAddress: GUID: 65701ebe8bada6b4785e9c7afe7f5bee - Path: Packages/com.unity.test-framework/UnityEngine.TestRunner/Utils/Vector2ComparerWithEqualsOperator.cs - Importer: ScriptedImporter/UnityEditor.QuickSearchModule:UnityEditor.Search:ASIAI0B
Importing 'GUID: 65701ebe8bada6b4785e9c7afe7f5bee - Path: Packages/com.unity.test-framework/UnityEngine.TestRunner/Utils/Vector2ComparerWithEqualsOperator.cs - Importer: ScriptedImporter/UnityEditor.QuickSearchModule:UnityEditor.Search:ASIAI0B' with importer (ScriptedImporter : UnityEditor.QuickSearchModule:UnityEditor.Search:ASIAI0B)
Imported 'GUID: 65701ebe8bada6b4785e9c7afe7f5bee' -> (Import Result ID: '99b0d3079e7530c7e5de0a79e12ffe83') in 0.004 seconds [static and dynamic dependencies]. Details - ImportResultOutputID=a30a51555785583bb592ec3f2806c1c6 DependenciesID=06a0d0afa2d2cdcf54482190d55caec7 StaticDependenciesID=1069afa9685ff28076db0800929fae9a 
Number of updated asset objects reloaded before import = 0
Number of asset objects unloaded after import = 0
========================================================================
Received Import Request.
  Time of request: 2026-09-27T03:54:23.6023203Z
  Time since last request: 0.0005979 seconds.
  importAddress: GUID: 76b3a3296de548f48b0c3d088fb4b490 - Path: Packages/com.unity.test-framework/UnityEngine.TestRunner/Utils/TestRunCallbackAttribute.cs - Importer: ScriptedImporter/UnityEditor.QuickSearchModule:UnityEditor.Search:ASIAI0B
Importing 'GUID: 76b3a3296de548f48b0c3d088fb4b490 - Path: Packages/com.unity.test-framework/UnityEngine.TestRunner/Utils/TestRunCallbackAttribute.cs - Importer: ScriptedImporter/UnityEditor.QuickSearchModule:UnityEditor.Search:ASIAI0B' with importer (ScriptedImporter : UnityEditor.QuickSearchModule:UnityEditor.Search:ASIAI0B)
Imported 'GUID: 76b3a3296de548f48b0c3d088fb4b490' -> (Import Result ID: '0ed98e2622e6bda4c1295d7dc9bb455b') in 0.003 seconds [static and dynamic dependencies]. Details - ImportResultOutputID=d321514234cf1212e834cdb8bc266a17 DependenciesID=30d647e8f39e3dfd9dbd3b4c571567ce StaticDependenciesID=9222446dbe713b97a8cb33b6f7941bf7 
Number of updated asset objects reloaded before import = 0
Number of asset objects unloaded after import = 0
========================================================================
Received Import Request.
  Time of request: 2026-09-27T03:54:23.6065512Z
  Time since last request: 0.0005998 seconds.
  importAddress: GUID: 68f09f0f82599b5448579854e622a4c1 - Path: Packages/com.unity.test-framework/UnityEngine.TestRunner/Utils/TestRunCallbackListener.cs - Importer: ScriptedImporter/UnityEditor.QuickSearchModule:UnityEditor.Search:ASIAI0B
Importing 'GUID: 68f09f0f82599b5448579854e622a4c1 - Path: Packages/com.unity.test-framework/UnityEngine.TestRunner/Utils/TestRunCallbackListener.cs - Importer: ScriptedImporter/UnityEditor.QuickSearchModule:UnityEditor.Search:ASIAI0B' with importer (ScriptedImporter : UnityEditor.QuickSearchModule:UnityEditor.Search:ASIAI0B)
Imported 'GUID: 68f09f0f82599b5448579854e622a4c1' -> (Import Result ID: 'bf1a1e78e1d7c9034ad3660d7ff6979e') in 0.004 seconds [static and dynamic dependencies]. Details - ImportResultOutputID=cc165eeb28041da70aacdfec07aee735 DependenciesID=81a393cc6d192ea90cec368698c62644 StaticDependenciesID=dcbab907a2b4182e6f4b0961eef767e3 
Number of updated asset objects reloaded before import = 0
Number of asset objects unloaded after import = 0
========================================================================
Received Import Request.
  Time of request: 2026-09-27T03:54:23.6116399Z
  Time since last request: 0.000646 seconds.
  importAddress: GUID: 32da81683c22faf458026716a2b821aa - Path: Packages/com.unity.test-framework/UnityEngine.TestRunner/Utils/Vector4EqualityComparer.cs - Importer: ScriptedImporter/UnityEditor.QuickSearchModule:UnityEditor.Search:ASIAI0B
Importing 'GUID: 32da81683c22faf458026716a2b821aa - Path: Packages/com.unity.test-framework/UnityEngine.TestRunner/Utils/Vector4EqualityComparer.cs - Importer: ScriptedImporter/UnityEditor.QuickSearchModule:UnityEditor.Search:ASIAI0B' with importer (ScriptedImporter : UnityEditor.QuickSearchModule:UnityEditor.Search:ASIAI0B)
Imported 'GUID: 32da81683c22faf458026716a2b821aa' -> (Import Result ID: 'e0109ec53d0876d8903f93df6ec83fec') in 0.003 seconds [static and dynamic dependencies]. Details - ImportResultOutputID=2b3e9302d442e27ae4f99d4d01933b50 DependenciesID=3cc8bd503394f4ab7e743c77d12955bc StaticDependenciesID=dc4a457866ceb21b6ca8d0dd95207b4a 
Number of updated asset objects reloaded before import = 0
Number of asset objects unloaded after import = 0
========================================================================
Received Import Request.
  Time of request: 2026-09-27T03:54:23.6156101Z
  Time since last request: 0.0006557 seconds.
  importAddress: GUID: d1bd8de22dbd64d6ea3e35a46217cb9b - Path: Packages/com.unity.test-framework/UnityEngine.TestRunner/Utils/TestMode.cs - Importer: ScriptedImporter/UnityEditor.QuickSearchModule:UnityEditor.Search:ASIAI0B
Importing 'GUID: d1bd8de22dbd64d6ea3e35a46217cb9b - Path: Packages/com.unity.test-framework/UnityEngine.TestRunner/Utils/TestMode.cs - Importer: ScriptedImporter/UnityEditor.QuickSearchModule:UnityEditor.Search:ASIAI0B' with importer (ScriptedImporter : UnityEditor.QuickSearchModule:UnityEditor.Search:ASIAI0B)
Imported 'GUID: d1bd8de22dbd64d6ea3e35a46217cb9b' -> (Import Result ID: '37b58b22a2eee5b14cda742590e9b7b2') in 0.002 seconds [static and dynamic dependencies]. Details - ImportResultOutputID=1d7eff7ec3cd99f15b507e12a5742ed7 DependenciesID=32be63a2dd41ba0b9e4c5ed467732721 StaticDependenciesID=ddbb7478953663289e80d08084188643 
Number of updated asset objects reloaded before import = 0
Number of asset objects unloaded after import = 0
========================================================================
Received Import Request.
  Time of request: 2026-09-27T03:54:23.6185327Z
  Time since last request: 0.0006401 seconds.
  importAddress: GUID: 44100f5f60f351348b9719b46d46cebe - Path: Packages/com.unity.test-framework/UnityEngine.TestRunner/Utils/Vector4ComparerWithEqualsOperator.cs - Importer: ScriptedImporter/UnityEditor.QuickSearchModule:UnityEditor.Search:ASIAI0B
Importing 'GUID: 44100f5f60f351348b9719b46d46cebe - Path: Packages/com.unity.test-framework/UnityEngine.TestRunner/Utils/Vector4ComparerWithEqualsOperator.cs - Importer: ScriptedImporter/UnityEditor.QuickSearchModule:UnityEditor.Search:ASIAI0B' with importer (ScriptedImporter : UnityEditor.QuickSearchModule:UnityEditor.Search:ASIAI0B)
Imported 'GUID: 44100f5f60f351348b9719b46d46cebe' -> (Import Result ID: 'a6c0eaa4b3b41c0f55e816ab63f28cbf') in 0.002 seconds [static and dynamic dependencies]. Details - ImportResultOutputID=b1376ba98af7aa273b82f9117cc1f6af DependenciesID=9868022b40f670553d2ac083ac2f16cf StaticDependenciesID=4f1b05763f6c1213c60c150371b336b9 
Number of updated asset objects reloaded before import = 0
Number of asset objects unloaded after import = 0
========================================================================
Received Import Request.
  Time of request: 2026-09-27T03:54:23.6221124Z
  Time since last request: 0.0011105 seconds.
  importAddress: GUID: 9502550ba4785e3499d6c9251fa2114b - Path: Packages/com.unity.test-framework/UnityEngine.TestRunner/Utils/Utils.cs - Importer: ScriptedImporter/UnityEditor.QuickSearchModule:UnityEditor.Search:ASIAI0B
Importing 'GUID: 9502550ba4785e3499d6c9251fa2114b - Path: Packages/com.unity.test-framework/UnityEngine.TestRunner/Utils/Utils.cs - Importer: ScriptedImporter/UnityEditor.QuickSearchModule:UnityEditor.Search:ASIAI0B' with importer (ScriptedImporter : UnityEditor.QuickSearchModule:UnityEditor.Search:ASIAI0B)
Imported 'GUID: 9502550ba4785e3499d6c9251fa2114b' -> (Import Result ID: 'fa25b0853af9fb88a425705414cddc76') in 0.003 seconds [static and dynamic dependencies]. Details - ImportResultOutputID=91ef2359c37504381277f3f1d7a4a1a9 DependenciesID=3c7416f74a1477fc301952e36dcfc2be StaticDependenciesID=e7eb67c597b1728ffcafb5f24aa04c66 
Number of updated asset objects reloaded before import = 0
Number of asset objects unloaded after import = 0
========================================================================
Received Import Request.
  Time of request: 2026-09-27T03:54:23.6256774Z
  Time since last request: 0.0007323 seconds.
  importAddress: GUID: 4bd2bc28ff24d5c488844851cb785db0 - Path: Packages/com.unity.test-framework/UnityEngine.TestRunner/Utils/Vector3EqualityComparer.cs - Importer: ScriptedImporter/UnityEditor.QuickSearchModule:UnityEditor.Search:ASIAI0B
Importing 'GUID: 4bd2bc28ff24d5c488844851cb785db0 - Path: Packages/com.unity.test-framework/UnityEngine.TestRunner/Utils/Vector3EqualityComparer.cs - Importer: ScriptedImporter/UnityEditor.QuickSearchModule:UnityEditor.Search:ASIAI0B' with importer (ScriptedImporter : UnityEditor.QuickSearchModule:UnityEditor.Search:ASIAI0B)
Imported 'GUID: 4bd2bc28ff24d5c488844851cb785db0' -> (Import Result ID: '85209b6eced1a4464988859265feadde') in 0.003 seconds [static and dynamic dependencies]. Details - ImportResultOutputID=8b965b7686ef0a89a74f42a5ec9dff52 DependenciesID=794373558333758e4dcaa4249e48b827 StaticDependenciesID=91455cb8ead7dea462bd4c8cdfecebbf 
Number of updated asset objects reloaded before import = 0
Number of asset objects unloaded after import = 0
========================================================================
Received Import Request.
  Time of request: 2026-09-27T03:54:23.6296581Z
  Time since last request: 0.0009962 seconds.
  importAddress: GUID: 5b994928117e3db418da69c821da7e19 - Path: Packages/com.unity.test-framework/UnityEngine.TestRunner/Utils/Vector3ComparerWithEqualsOperator.cs - Importer: ScriptedImporter/UnityEditor.QuickSearchModule:UnityEditor.Search:ASIAI0B
Importing 'GUID: 5b994928117e3db418da69c821da7e19 - Path: Packages/com.unity.test-framework/UnityEngine.TestRunner/Utils/Vector3ComparerWithEqualsOperator.cs - Importer: ScriptedImporter/UnityEditor.QuickSearchModule:UnityEditor.Search:ASIAI0B' with importer (ScriptedImporter : UnityEditor.QuickSearchModule:UnityEditor.Search:ASIAI0B)
Imported 'GUID: 5b994928117e3db418da69c821da7e19' -> (Import Result ID: 'e5d24eb1f2b031dfa4da0afcac6a3aab') in 0.002 seconds [static and dynamic dependencies]. Details - ImportResultOutputID=a5815d5d529f2d4f73062e9f7d186933 DependenciesID=cf789b65ace2fd3ad059272f0bbf0fc7 StaticDependenciesID=0811fe39c2c112e83124a019000d2dd7 
Number of updated asset objects reloaded before import = 0
Number of asset objects unloaded after import = 0
========================================================================
Received Import Request.
  Time of request: 2026-09-27T03:54:23.6332351Z
  Time since last request: 0.0008519 seconds.
  importAddress: GUID: 72ae18093c05147e4a680b41d4cd9e6f - Path: Packages/com.unity.test-framework/UnityEngine.TestRunner/Utils/TestData.cs - Importer: ScriptedImporter/UnityEditor.QuickSearchModule:UnityEditor.Search:ASIAI0B
Importing 'GUID: 72ae18093c05147e4a680b41d4cd9e6f - Path: Packages/com.unity.test-framework/UnityEngine.TestRunner/Utils/TestData.cs - Importer: ScriptedImporter/UnityEditor.QuickSearchModule:UnityEditor.Search:ASIAI0B' with importer (ScriptedImporter : UnityEditor.QuickSearchModule:UnityEditor.Search:ASIAI0B)
Imported 'GUID: 72ae18093c05147e4a680b41d4cd9e6f' -> (Import Result ID: 'b4ddfe83de325c1037d74a13c9a57673') in 0.002 seconds [static and dynamic dependencies]. Details - ImportResultOutputID=5cd08cfdce33a7f109293b2da957e899 DependenciesID=16041164050b912cd9c386426a06a9a8 StaticDependenciesID=a02a709bd8e0a70ddf467eaba3fd47a7 
Number of updated asset objects reloaded before import = 0
Number of asset objects unloaded after import = 0
========================================================================
Received Import Request.
  Time of request: 2026-09-27T03:54:23.6576144Z
  Time since last request: 0.0216501 seconds.
  importAddress: GUID: c2247a4dfeae4607949780b219a7d3c8 - Path: Packages/com.unity.test-framework/UnityEditor.TestRunner/GUI/Controls/ISelectionDropDownContentProvider.cs - Importer: ScriptedImporter/UnityEditor.QuickSearchModule:UnityEditor.Search:ASIAI0B
Importing 'GUID: c2247a4dfeae4607949780b219a7d3c8 - Path: Packages/com.unity.test-framework/UnityEditor.TestRunner/GUI/Controls/ISelectionDropDownContentProvider.cs - Importer: ScriptedImporter/UnityEditor.QuickSearchModule:UnityEditor.Search:ASIAI0B' with importer (ScriptedImporter : UnityEditor.QuickSearchModule:UnityEditor.Search:ASIAI0B)
Imported 'GUID: c2247a4dfeae4607949780b219a7d3c8' -> (Import Result ID: '895358f0662008a80a438583348adc27') in 0.003 seconds [static and dynamic dependencies]. Details - ImportResultOutputID=d98db467d6becde53e1b59bb04c54c08 DependenciesID=75c20aad42d05a4fd46cbc17d55fff4e StaticDependenciesID=f2f5ef781686c56689840843da3f3b73 
Number of updated asset objects reloaded before import = 0
Number of asset objects unloaded after import = 0
========================================================================
Received Import Request.
  Time of request: 2026-09-27T03:54:23.661571Z
  Time since last request: 0.0007655 seconds.
  importAddress: GUID: d31403ec6b334194bdeb4c5ebad64097 - Path: Packages/com.unity.test-framework/UnityEditor.TestRunner/GUI/Controls/FlagEnumContentProvider.cs - Importer: ScriptedImporter/UnityEditor.QuickSearchModule:UnityEditor.Search:ASIAI0B
Importing 'GUID: d31403ec6b334194bdeb4c5ebad64097 - Path: Packages/com.unity.test-framework/UnityEditor.TestRunner/GUI/Controls/FlagEnumContentProvider.cs - Importer: ScriptedImporter/UnityEditor.QuickSearchModule:UnityEditor.Search:ASIAI0B' with importer (ScriptedImporter : UnityEditor.QuickSearchModule:UnityEditor.Search:ASIAI0B)
Imported 'GUID: d31403ec6b334194bdeb4c5ebad64097' -> (Import Result ID: '11a3f39380dceb42d83809000397a11b') in 0.003 seconds [static and dynamic dependencies]. Details - ImportResultOutputID=e43d26606f4d9b53b3b2072710425500 DependenciesID=e8b71213d527c2555f167c5ef55f59f3 StaticDependenciesID=1f34a5314e20f568a3e3f3d704211c63 
Number of updated asset objects reloaded before import = 0
Number of asset objects unloaded after import = 0
========================================================================
Received Import Request.
  Time of request: 2026-09-27T03:54:23.6652283Z
  Time since last request: 0.0007126 seconds.
  importAddress: GUID: f7d5e5417ccd4aa0bfa39228c674f142 - Path: Packages/com.unity.test-framework/UnityEditor.TestRunner/GUI/Controls/SelectableItemContent.cs - Importer: ScriptedImporter/UnityEditor.QuickSearchModule:UnityEditor.Search:ASIAI0B
Importing 'GUID: f7d5e5417ccd4aa0bfa39228c674f142 - Path: Packages/com.unity.test-framework/UnityEditor.TestRunner/GUI/Controls/SelectableItemContent.cs - Importer: ScriptedImporter/UnityEditor.QuickSearchModule:UnityEditor.Search:ASIAI0B' with importer (ScriptedImporter : UnityEditor.QuickSearchModule:UnityEditor.Search:ASIAI0B)
Imported 'GUID: f7d5e5417ccd4aa0bfa39228c674f142' -> (Import Result ID: '99ffd368759fa7e1ff7b14b291e2ee93') in 0.003 seconds [static and dynamic dependencies]. Details - ImportResultOutputID=fef9217843693f51a7072681326d68ea DependenciesID=44e2a71175b72aa664d49177ee420388 StaticDependenciesID=e9b2ab212d03ff9c2c8da45c682d53b1 
Number of updated asset objects reloaded before import = 0
Number of asset objects unloaded after import = 0
========================================================================
Received Import Request.
  Time of request: 2026-09-27T03:54:23.6688807Z
  Time since last request: 0.0007223 seconds.
  importAddress: GUID: fb736ed47b6da4b499431bf9c6de5890 - Path: Packages/com.unity.test-framework/UnityEditor.TestRunner/GUI/Controls/MultiValueContentProvider.cs - Importer: ScriptedImporter/UnityEditor.QuickSearchModule:UnityEditor.Search:ASIAI0B
Importing 'GUID: fb736ed47b6da4b499431bf9c6de5890 - Path: Packages/com.unity.test-framework/UnityEditor.TestRunner/GUI/Controls/MultiValueContentProvider.cs - Importer: ScriptedImporter/UnityEditor.QuickSearchModule:UnityEditor.Search:ASIAI0B' with importer (ScriptedImporter : UnityEditor.QuickSearchModule:UnityEditor.Search:ASIAI0B)
Imported 'GUID: fb736ed47b6da4b499431bf9c6de5890' -> (Import Result ID: '98303cda9cbbb1e5a2e18b2fa9dbe9fa') in 0.003 seconds [static and dynamic dependencies]. Details - ImportResultOutputID=137242b077480e8b58389687a77237ea DependenciesID=9c00c71a321a331925f40e2010c5e1ea StaticDependenciesID=74cde1eb26e93187a72df7f92405c55d 
Number of updated asset objects reloaded before import = 0
Number of asset objects unloaded after import = 0
========================================================================
Received Import Request.
  Time of request: 2026-09-27T03:54:23.6724136Z
  Time since last request: 0.0006357 seconds.
  importAddress: GUID: f8f9b43d4e034c2d997f4eb6a0d85a96 - Path: Packages/com.unity.test-framework/UnityEditor.TestRunner/GUI/Controls/SelectionDropDown.cs - Importer: ScriptedImporter/UnityEditor.QuickSearchModule:UnityEditor.Search:ASIAI0B
Importing 'GUID: f8f9b43d4e034c2d997f4eb6a0d85a96 - Path: Packages/com.unity.test-framework/UnityEditor.TestRunner/GUI/Controls/SelectionDropDown.cs - Importer: ScriptedImporter/UnityEditor.QuickSearchModule:UnityEditor.Search:ASIAI0B' with importer (ScriptedImporter : UnityEditor.QuickSearchModule:UnityEditor.Search:ASIAI0B)
Imported 'GUID: f8f9b43d4e034c2d997f4eb6a0d85a96' -> (Import Result ID: '8e78345eeab7d6e0a625db47e47e016f') in 0.003 seconds [static and dynamic dependencies]. Details - ImportResultOutputID=cbd2f2edf7fc9ba720d59dbb9fbb635e DependenciesID=45cb70da772635c1bd5fe9dd2fef7fd3 StaticDependenciesID=33d36cf9dd487d2b2520de4053e5c041 
Number of updated asset objects reloaded before import = 0
Number of asset objects unloaded after import = 0
========================================================================
Received Import Request.
  Time of request: 2026-09-27T03:54:23.6763931Z
  Time since last request: 0.0005591 seconds.
  importAddress: GUID: 24a5f331fec74c9aa9e1e5d74b5a9589 - Path: Packages/com.unity.test-framework/UnityEditor.TestRunner/GUI/Controls/BitUtility.cs - Importer: ScriptedImporter/UnityEditor.QuickSearchModule:UnityEditor.Search:ASIAI0B
Importing 'GUID: 24a5f331fec74c9aa9e1e5d74b5a9589 - Path: Packages/com.unity.test-framework/UnityEditor.TestRunner/GUI/Controls/BitUtility.cs - Importer: ScriptedImporter/UnityEditor.QuickSearchModule:UnityEditor.Search:ASIAI0B' with importer (ScriptedImporter : UnityEditor.QuickSearchModule:UnityEditor.Search:ASIAI0B)
Imported 'GUID: 24a5f331fec74c9aa9e1e5d74b5a9589' -> (Import Result ID: '91322a4324f9c3e3729219090e0b07ab') in 0.002 seconds [static and dynamic dependencies]. Details - ImportResultOutputID=47ce7a3ec011eefc40b0ae87b71a2aed DependenciesID=4b6d497b63bc0ab31fe320987ef4790d StaticDependenciesID=b2406e46ae70c936b842e1db3aa6165e 
Number of updated asset objects reloaded before import = 0
Number of asset objects unloaded after import = 0
========================================================================
Received Import Request.
  Time of request: 2026-09-27T03:54:23.6797843Z
  Time since last request: 0.0007933 seconds.
  importAddress: GUID: f03c073fcc564ab582ac38999beb4b6d - Path: Packages/com.unity.test-framework/UnityEditor.TestRunner/GUI/TestAssets/CustomScriptAssemblyMappingFinder.cs - Importer: ScriptedImporter/UnityEditor.QuickSearchModule:UnityEditor.Search:ASIAI0B
Importing 'GUID: f03c073fcc564ab582ac38999beb4b6d - Path: Packages/com.unity.test-framework/UnityEditor.TestRunner/GUI/TestAssets/CustomScriptAssemblyMappingFinder.cs - Importer: ScriptedImporter/UnityEditor.QuickSearchModule:UnityEditor.Search:ASIAI0B' with importer (ScriptedImporter : UnityEditor.QuickSearchModule:UnityEditor.Search:ASIAI0B)
Imported 'GUID: f03c073fcc564ab582ac38999beb4b6d' -> (Import Result ID: '252486fa61c7ad54de6a70288f4b6856') in 0.002 seconds [static and dynamic dependencies]. Details - ImportResultOutputID=d2136eced8d5b3a3205d3089aaff1b8b DependenciesID=8cfaf48dc7b27bd49f6dd422778b2da3 StaticDependenciesID=58ffbd8b594ce84142d1bb1cf692f016 
Number of updated asset objects reloaded before import = 0
Number of asset objects unloaded after import = 0
========================================================================
Received Import Request.
  Time of request: 2026-09-27T03:54:23.6833095Z
  Time since last request: 0.0006233 seconds.
  importAddress: GUID: dc781c79a6ac490f817bb70a01490d5c - Path: Packages/com.unity.test-framework/UnityEditor.TestRunner/Api/Analytics/RunFinishedData.cs - Importer: ScriptedImporter/UnityEditor.QuickSearchModule:UnityEditor.Search:ASIAI0B
Importing 'GUID: dc781c79a6ac490f817bb70a01490d5c - Path: Packages/com.unity.test-framework/UnityEditor.TestRunner/Api/Analytics/RunFinishedData.cs - Importer: ScriptedImporter/UnityEditor.QuickSearchModule:UnityEditor.Search:ASIAI0B' with importer (ScriptedImporter : UnityEditor.QuickSearchModule:UnityEditor.Search:ASIAI0B)
Imported 'GUID: dc781c79a6ac490f817bb70a01490d5c' -> (Import Result ID: '7c6c2f4bb5f1b57355899212e0850da2') in 0.003 seconds [static and dynamic dependencies]. Details - ImportResultOutputID=eb4e1fd79b1257138f4c7c8173765c8d DependenciesID=8550392d11513eccb851dea5567485ac StaticDependenciesID=dfc0d8e9017295ace84d42d207b01f39 
Number of updated asset objects reloaded before import = 0
Number of asset objects unloaded after import = 0
========================================================================
Received Import Request.
  Time of request: 2026-09-27T03:54:23.6873182Z
  Time since last request: 0.0010907 seconds.
  importAddress: GUID: f5e82966bb8646269e2e46b6ddf2d89f - Path: Packages/com.unity.test-framework/UnityEditor.TestRunner/Api/Analytics/AnalyticsTestCallback.cs - Importer: ScriptedImporter/UnityEditor.QuickSearchModule:UnityEditor.Search:ASIAI0B
Importing 'GUID: f5e82966bb8646269e2e46b6ddf2d89f - Path: Packages/com.unity.test-framework/UnityEditor.TestRunner/Api/Analytics/AnalyticsTestCallback.cs - Importer: ScriptedImporter/UnityEditor.QuickSearchModule:UnityEditor.Search:ASIAI0B' with importer (ScriptedImporter : UnityEditor.QuickSearchModule:UnityEditor.Search:ASIAI0B)
Imported 'GUID: f5e82966bb8646269e2e46b6ddf2d89f' -> (Import Result ID: 'a53764554bd710c06f2cff9bb27a21e8') in 0.003 seconds [static and dynamic dependencies]. Details - ImportResultOutputID=785bbf4875bc129fea9757e7eb33b230 DependenciesID=1ae14f65ef4a83c284dc156660fa3dca StaticDependenciesID=ca4e88669977f11e2aefc7261632e73b 
Number of updated asset objects reloaded before import = 0
Number of asset objects unloaded after import = 0
========================================================================
Received Import Request.
  Time of request: 2026-09-27T03:54:23.6916333Z
  Time since last request: 0.0011876 seconds.
  importAddress: GUID: f47c66e80010e4020b6803b930eb432c - Path: Packages/com.unity.test-framework/UnityEditor.TestRunner/GUI/TestAssets/ActiveFolderTemplateAssetCreator.cs - Importer: ScriptedImporter/UnityEditor.QuickSearchModule:UnityEditor.Search:ASIAI0B
Importing 'GUID: f47c66e80010e4020b6803b930eb432c - Path: Packages/com.unity.test-framework/UnityEditor.TestRunner/GUI/TestAssets/ActiveFolderTemplateAssetCreator.cs - Importer: ScriptedImporter/UnityEditor.QuickSearchModule:UnityEditor.Search:ASIAI0B' with importer (ScriptedImporter : UnityEditor.QuickSearchModule:UnityEditor.Search:ASIAI0B)
Imported 'GUID: f47c66e80010e4020b6803b930eb432c' -> (Import Result ID: '547e7536b71e1564ae2a10f9cda3d617') in 0.003 seconds [static and dynamic dependencies]. Details - ImportResultOutputID=a0cfc4b5c5e4eb4aff7585a7650f5f89 DependenciesID=afa746bded64d59af03aeb9304231790 StaticDependenciesID=ca1be27b436a69aae2885f48219abf74 
Number of updated asset objects reloaded before import = 0
Number of asset objects unloaded after import = 0
========================================================================
Received Import Request.
  Time of request: 2026-09-27T03:54:23.6953177Z
  Time since last request: 0.0008082 seconds.
  importAddress: GUID: 3d92c578e28043ef95d4b703e008be64 - Path: Packages/com.unity.test-framework/UnityEditor.TestRunner/GUI/TestAssets/FolderPathTestCompilationContextProvider.cs - Importer: ScriptedImporter/UnityEditor.QuickSearchModule:UnityEditor.Search:ASIAI0B
Importing 'GUID: 3d92c578e28043ef95d4b703e008be64 - Path: Packages/com.unity.test-framework/UnityEditor.TestRunner/GUI/TestAssets/FolderPathTestCompilationContextProvider.cs - Importer: ScriptedImporter/UnityEditor.QuickSearchModule:UnityEditor.Search:ASIAI0B' with importer (ScriptedImporter : UnityEditor.QuickSearchModule:UnityEditor.Search:ASIAI0B)
Imported 'GUID: 3d92c578e28043ef95d4b703e008be64' -> (Import Result ID: 'a08883d9c62c38ba68041e8c9661a8cf') in 0.003 seconds [static and dynamic dependencies]. Details - ImportResultOutputID=05bb343f7a4e225a7f26b95b690f0864 DependenciesID=659fbce2f3e6c691da2927bdfb91a23d StaticDependenciesID=a8ebafa2434c425993822fb2dce773e9 
Number of updated asset objects reloaded before import = 0
Number of asset objects unloaded after import = 0
========================================================================
Received Import Request.
  Time of request: 2026-09-27T03:54:23.6991255Z
  Time since last request: 0.0007429 seconds.
  importAddress: GUID: ea6cc55375344f10834cf6fa65197525 - Path: Packages/com.unity.test-framework/UnityEditor.TestRunner/GUI/Controls/FlagEnumUtility.cs - Importer: ScriptedImporter/UnityEditor.QuickSearchModule:UnityEditor.Search:ASIAI0B
Importing 'GUID: ea6cc55375344f10834cf6fa65197525 - Path: Packages/com.unity.test-framework/UnityEditor.TestRunner/GUI/Controls/FlagEnumUtility.cs - Importer: ScriptedImporter/UnityEditor.QuickSearchModule:UnityEditor.Search:ASIAI0B' with importer (ScriptedImporter : UnityEditor.QuickSearchModule:UnityEditor.Search:ASIAI0B)
Imported 'GUID: ea6cc55375344f10834cf6fa65197525' -> (Import Result ID: '1550329d87a7bc98f2c279a046c16362') in 0.003 seconds [static and dynamic dependencies]. Details - ImportResultOutputID=536fccaa68045d79809c3bb41bfb104f DependenciesID=5bd70e609c81fc514770fcb4f5933412 StaticDependenciesID=6cf95613b7da14d7a3df255c6f1ccec3 
Number of updated asset objects reloaded before import = 0
Number of asset objects unloaded after import = 0
========================================================================
Received Import Request.
  Time of request: 2026-09-27T03:54:23.7029109Z
  Time since last request: 0.0008933 seconds.
  importAddress: GUID: 7b076e8f3150431baf926fe9ee030b1e - Path: Packages/com.unity.test-framework/UnityEditor.TestRunner/GUI/Controls/ISelectableItem.cs - Importer: ScriptedImporter/UnityEditor.QuickSearchModule:UnityEditor.Search:ASIAI0B
Importing 'GUID: 7b076e8f3150431baf926fe9ee030b1e - Path: Packages/com.unity.test-framework/UnityEditor.TestRunner/GUI/Controls/ISelectableItem.cs - Importer: ScriptedImporter/UnityEditor.QuickSearchModule:UnityEditor.Search:ASIAI0B' with importer (ScriptedImporter : UnityEditor.QuickSearchModule:UnityEditor.Search:ASIAI0B)
Imported 'GUID: 7b076e8f3150431baf926fe9ee030b1e' -> (Import Result ID: '5f76242d41d6f177a45fbc5fc5c5a951') in 0.003 seconds [static and dynamic dependencies]. Details - ImportResultOutputID=7ed9d8c4545eb1336444cb2be1d8123c DependenciesID=8ef67ffeeb7d9182f4eb0a3463fdbb7b StaticDependenciesID=fe3001bfb285b217e82979339165a92a 
Number of updated asset objects reloaded before import = 0
Number of asset objects unloaded after import = 0
========================================================================
Received Import Request.
  Time of request: 2026-09-27T03:54:23.7065252Z
  Time since last request: 0.0005997 seconds.
  importAddress: GUID: 697ab794770540d6951f83d62b8fa444 - Path: Packages/com.unity.test-framework/UnityEditor.TestRunner/Api/Analytics/TestTreeData.cs - Importer: ScriptedImporter/UnityEditor.QuickSearchModule:UnityEditor.Search:ASIAI0B
Importing 'GUID: 697ab794770540d6951f83d62b8fa444 - Path: Packages/com.unity.test-framework/UnityEditor.TestRunner/Api/Analytics/TestTreeData.cs - Importer: ScriptedImporter/UnityEditor.QuickSearchModule:UnityEditor.Search:ASIAI0B' with importer (ScriptedImporter : UnityEditor.QuickSearchModule:UnityEditor.Search:ASIAI0B)
Imported 'GUID: 697ab794770540d6951f83d62b8fa444' -> (Import Result ID: '7d6ace713df2a0f42e78d3f63a997812') in 0.003 seconds [static and dynamic dependencies]. Details - ImportResultOutputID=2bc2c01f6b67287f99943f01bc4689e7 DependenciesID=dae5089f3ef0fb8220db003cf294c20f StaticDependenciesID=3990f2f8ab665037427a760fe10bf41e 
Number of updated asset objects reloaded before import = 0
Number of asset objects unloaded after import = 0
========================================================================
Received Import Request.
  Time of request: 2026-09-27T03:54:23.7110866Z
  Time since last request: 0.0007791 seconds.
  importAddress: GUID: 7348ecf02a70497d9a09bd05ad2038ac - Path: Packages/com.unity.test-framework/UnityEditor.TestRunner/GUI/Controls/GenericItemContentProvider.cs - Importer: ScriptedImporter/UnityEditor.QuickSearchModule:UnityEditor.Search:ASIAI0B
Importing 'GUID: 7348ecf02a70497d9a09bd05ad2038ac - Path: Packages/com.unity.test-framework/UnityEditor.TestRunner/GUI/Controls/GenericItemContentProvider.cs - Importer: ScriptedImporter/UnityEditor.QuickSearchModule:UnityEditor.Search:ASIAI0B' with importer (ScriptedImporter : UnityEditor.QuickSearchModule:UnityEditor.Search:ASIAI0B)
Imported 'GUID: 7348ecf02a70497d9a09bd05ad2038ac' -> (Import Result ID: '47551c2abdeb9276b4a7a79bb977b540') in 0.004 seconds [static and dynamic dependencies]. Details - ImportResultOutputID=20aa45c3b7557660512f7bb734a2c208 DependenciesID=621f774bb1bb16f748d34721df4c34ef StaticDependenciesID=60049d141ded7416d2e10633b150d08e 
Number of updated asset objects reloaded before import = 0
Number of asset objects unloaded after import = 0
========================================================================
Received Import Request.
  Time of request: 2026-09-27T03:54:23.7161854Z
  Time since last request: 0.0011952 seconds.
  importAddress: GUID: a85430cc5a4a4279a992be322de12b29 - Path: Packages/com.unity.test-framework/UnityEditor.TestRunner/Api/Analytics/AnalyticsReporter.cs - Importer: ScriptedImporter/UnityEditor.QuickSearchModule:UnityEditor.Search:ASIAI0B
Importing 'GUID: a85430cc5a4a4279a992be322de12b29 - Path: Packages/com.unity.test-framework/UnityEditor.TestRunner/Api/Analytics/AnalyticsReporter.cs - Importer: ScriptedImporter/UnityEditor.QuickSearchModule:UnityEditor.Search:ASIAI0B' with importer (ScriptedImporter : UnityEditor.QuickSearchModule:UnityEditor.Search:ASIAI0B)
Imported 'GUID: a85430cc5a4a4279a992be322de12b29' -> (Import Result ID: '978a95df56e4d533e40d5e260d8cfce6') in 0.004 seconds [static and dynamic dependencies]. Details - ImportResultOutputID=e0bc29c4ba716040d5e726d2bc9ada16 DependenciesID=2196a512e526ba5760bb7ba6b10faaf4 StaticDependenciesID=9e59e4d91596ffffc4c45dbef021d001 
Number of updated asset objects reloaded before import = 0
Number of asset objects unloaded after import = 0
========================================================================
Received Import Request.
  Time of request: 2026-09-27T03:54:23.7473266Z
  Time since last request: 0.0263849 seconds.
  importAddress: GUID: c38ae0585d6a55042a2d678330689685 - Path: Packages/com.unity.test-framework/UnityEditor.TestRunner/TestLaunchers/PlatformSetup/LuminPlatformSetup.cs - Importer: ScriptedImporter/UnityEditor.QuickSearchModule:UnityEditor.Search:ASIAI0B
Importing 'GUID: c38ae0585d6a55042a2d678330689685 - Path: Packages/com.unity.test-framework/UnityEditor.TestRunner/TestLaunchers/PlatformSetup/LuminPlatformSetup.cs - Importer: ScriptedImporter/UnityEditor.QuickSearchModule:UnityEditor.Search:ASIAI0B' with importer (ScriptedImporter : UnityEditor.QuickSearchModule:UnityEditor.Search:ASIAI0B)
Imported 'GUID: c38ae0585d6a55042a2d678330689685' -> (Import Result ID: 'ad8d6a2554ec50aaec2f40ea72652cdc') in 0.002 seconds [static and dynamic dependencies]. Details - ImportResultOutputID=5156bc1c9e09df4f4bcff850646dbf0a DependenciesID=56e62f3464905d3ea0e71d6bc1442d7f StaticDependenciesID=f5650ff5b7a1752a35f6da602b0b4bdc 
Number of updated asset objects reloaded before import = 0
Number of asset objects unloaded after import = 0
========================================================================
Received Import Request.
  Time of request: 2026-09-27T03:54:23.7503186Z
  Time since last request: 0.0008154 seconds.
  importAddress: GUID: 6d2f47eae5f447748892c46848956d5f - Path: Packages/com.unity.test-framework/UnityEditor.TestRunner/NUnitExtension/Attributes/ITestPlayerBuildModifier.cs - Importer: ScriptedImporter/UnityEditor.QuickSearchModule:UnityEditor.Search:ASIAI0B
Importing 'GUID: 6d2f47eae5f447748892c46848956d5f - Path: Packages/com.unity.test-framework/UnityEditor.TestRunner/NUnitExtension/Attributes/ITestPlayerBuildModifier.cs - Importer: ScriptedImporter/UnityEditor.QuickSearchModule:UnityEditor.Search:ASIAI0B' with importer (ScriptedImporter : UnityEditor.QuickSearchModule:UnityEditor.Search:ASIAI0B)
Imported 'GUID: 6d2f47eae5f447748892c46848956d5f' -> (Import Result ID: '76cb58ecbc2df1ab861579aa3b7878dc') in 0.002 seconds [static and dynamic dependencies]. Details - ImportResultOutputID=1cea0e2067b34e609293a741511d0fd5 DependenciesID=ee018f27bf3a8d5cd8281252ef0e317b StaticDependenciesID=e2d30ac6c9afb474de8b28fb8736fb97 
Number of updated asset objects reloaded before import = 0
Number of asset objects unloaded after import = 0
========================================================================
Received Import Request.
  Time of request: 2026-09-27T03:54:23.753429Z
  Time since last request: 0.0008638 seconds.
  importAddress: GUID: 3b6931522502d68458016e3cadb89f1b - Path: Packages/com.unity.test-framework/UnityEditor.TestRunner/TestRun/Tasks/PostbuildCleanupTask.cs - Importer: ScriptedImporter/UnityEditor.QuickSearchModule:UnityEditor.Search:ASIAI0B
Importing 'GUID: 3b6931522502d68458016e3cadb89f1b - Path: Packages/com.unity.test-framework/UnityEditor.TestRunner/TestRun/Tasks/PostbuildCleanupTask.cs - Importer: ScriptedImporter/UnityEditor.QuickSearchModule:UnityEditor.Search:ASIAI0B' with importer (ScriptedImporter : UnityEditor.QuickSearchModule:UnityEditor.Search:ASIAI0B)
Imported 'GUID: 3b6931522502d68458016e3cadb89f1b' -> (Import Result ID: '166d1c2504d2871a1331d865afcad477') in 0.003 seconds [static and dynamic dependencies]. Details - ImportResultOutputID=0e2d4360dc01dbfa80f048a036ead3db DependenciesID=0695daa142fbe98e440d84a8d1a725a0 StaticDependenciesID=72888b32d40ed95a96c36ad358f94872 
Number of updated asset objects reloaded before import = 0
Number of asset objects unloaded after import = 0
========================================================================
Received Import Request.
  Time of request: 2026-09-27T03:54:23.7578787Z
  Time since last request: 0.0007161 seconds.
  importAddress: GUID: b9d121df8c444236a5b38ccfadfdd1a7 - Path: Packages/com.unity.test-framework/UnityEditor.TestRunner/TestLaunchers/Helpers/DelayedCallback.cs - Importer: ScriptedImporter/UnityEditor.QuickSearchModule:UnityEditor.Search:ASIAI0B
Importing 'GUID: b9d121df8c444236a5b38ccfadfdd1a7 - Path: Packages/com.unity.test-framework/UnityEditor.TestRunner/TestLaunchers/Helpers/DelayedCallback.cs - Importer: ScriptedImporter/UnityEditor.QuickSearchModule:UnityEditor.Search:ASIAI0B' with importer (ScriptedImporter : UnityEditor.QuickSearchModule:UnityEditor.Search:ASIAI0B)
Imported 'GUID: b9d121df8c444236a5b38ccfadfdd1a7' -> (Import Result ID: '6fb307b51d21532a3abf7ae34242bf1c') in 0.003 seconds [static and dynamic dependencies]. Details - ImportResultOutputID=1a618b3135f49b6ba10006eb36cf251f DependenciesID=512d3c26cba0fad2c6034fcb58e3c86a StaticDependenciesID=1feb9962cec60f446d5b202322e93149 
Number of updated asset objects reloaded before import = 0
Number of asset objects unloaded after import = 0
========================================================================
Received Import Request.
  Time of request: 2026-09-27T03:54:23.762457Z
  Time since last request: 0.0009504 seconds.
  importAddress: GUID: ee6c7dc47e844c3d823b833abbd5f981 - Path: Packages/com.unity.test-framework/UnityEditor.TestRunner/TestRun/Tasks/GenerateContextTask.cs - Importer: ScriptedImporter/UnityEditor.QuickSearchModule:UnityEditor.Search:ASIAI0B
Importing 'GUID: ee6c7dc47e844c3d823b833abbd5f981 - Path: Packages/com.unity.test-framework/UnityEditor.TestRunner/TestRun/Tasks/GenerateContextTask.cs - Importer: ScriptedImporter/UnityEditor.QuickSearchModule:UnityEditor.Search:ASIAI0B' with importer (ScriptedImporter : UnityEditor.QuickSearchModule:UnityEditor.Search:ASIAI0B)
Imported 'GUID: ee6c7dc47e844c3d823b833abbd5f981' -> (Import Result ID: '1c2116fd1ec11b9124a4f0f7b95c0517') in 0.003 seconds [static and dynamic dependencies]. Details - ImportResultOutputID=016f9db1c191393a31abfbe8a6fe7fda DependenciesID=6595e5164c23b40e2549cfe34d49a8a2 StaticDependenciesID=2dc1fccb149aaa479264a5532d6f61dc 
Number of updated asset objects reloaded before import = 0
Number of asset objects unloaded after import = 0
========================================================================
Received Import Request.
  Time of request: 2026-09-27T03:54:23.7662434Z
  Time since last request: 0.0006938 seconds.
  importAddress: GUID: 961642509dec50b44a293d26240140ec - Path: Packages/com.unity.test-framework/UnityEditor.TestRunner/TestLaunchers/PlatformSetup/AndroidPlatformSetup.cs - Importer: ScriptedImporter/UnityEditor.QuickSearchModule:UnityEditor.Search:ASIAI0B
Importing 'GUID: 961642509dec50b44a293d26240140ec - Path: Packages/com.unity.test-framework/UnityEditor.TestRunner/TestLaunchers/PlatformSetup/AndroidPlatformSetup.cs - Importer: ScriptedImporter/UnityEditor.QuickSearchModule:UnityEditor.Search:ASIAI0B' with importer (ScriptedImporter : UnityEditor.QuickSearchModule:UnityEditor.Search:ASIAI0B)
Imported 'GUID: 961642509dec50b44a293d26240140ec' -> (Import Result ID: 'def4404e64740a30a37ffdf86dd57df8') in 0.003 seconds [static and dynamic dependencies]. Details - ImportResultOutputID=e41c47fa988af8e0d04ecc1ffc38dd56 DependenciesID=04e3356d799c81640c6ec319d9e04c96 StaticDependenciesID=05e08fe0ba3cfd8435b0ee121fda9af2 
Number of updated asset objects reloaded before import = 0
Number of asset objects unloaded after import = 0
========================================================================
Received Import Request.
  Time of request: 2026-09-27T03:54:23.7703305Z
  Time since last request: 0.0009878 seconds.
  importAddress: GUID: b8abb41ceb6f62c45a00197ae59224c1 - Path: Packages/com.unity.test-framework/UnityEditor.TestRunner/GUI/Views/TestListGUIBase.cs - Importer: ScriptedImporter/UnityEditor.QuickSearchModule:UnityEditor.Search:ASIAI0B
Importing 'GUID: b8abb41ceb6f62c45a00197ae59224c1 - Path: Packages/com.unity.test-framework/UnityEditor.TestRunner/GUI/Views/TestListGUIBase.cs - Importer: ScriptedImporter/UnityEditor.QuickSearchModule:UnityEditor.Search:ASIAI0B' with importer (ScriptedImporter : UnityEditor.QuickSearchModule:UnityEditor.Search:ASIAI0B)
Imported 'GUID: b8abb41ceb6f62c45a00197ae59224c1' -> (Import Result ID: '5ba04675806d3fec4dbd22388654701c') in 0.003 seconds [static and dynamic dependencies]. Details - ImportResultOutputID=65bd40e8d7fa91d2df285bfc8935ca5d DependenciesID=6520fa29b7f599f0ca80da566d9eb503 StaticDependenciesID=9d98866598ef9dfd2c9ad6d8c8038057 
Number of updated asset objects reloaded before import = 0
Number of asset objects unloaded after import = 0
========================================================================
Received Import Request.
  Time of request: 2026-09-27T03:54:23.7739648Z
  Time since last request: 0.0007283 seconds.
  importAddress: GUID: 0cd0deb81d984e58952ccd7e1dd6b2bb - Path: Packages/com.unity.test-framework/UnityEditor.TestRunner/GUI/TestAssets/ICustomScriptAssemblyMappingFinder.cs - Importer: ScriptedImporter/UnityEditor.QuickSearchModule:UnityEditor.Search:ASIAI0B
Importing 'GUID: 0cd0deb81d984e58952ccd7e1dd6b2bb - Path: Packages/com.unity.test-framework/UnityEditor.TestRunner/GUI/TestAssets/ICustomScriptAssemblyMappingFinder.cs - Importer: ScriptedImporter/UnityEditor.QuickSearchModule:UnityEditor.Search:ASIAI0B' with importer (ScriptedImporter : UnityEditor.QuickSearchModule:UnityEditor.Search:ASIAI0B)
Imported 'GUID: 0cd0deb81d984e58952ccd7e1dd6b2bb' -> (Import Result ID: 'b25e598fe5c7bdebb8d31103722d9bb6') in 0.003 seconds [static and dynamic dependencies]. Details - ImportResultOutputID=edf06f553b700d82a645605b110907d8 DependenciesID=7ade7483bae78cd18c16bab487a29023 StaticDependenciesID=90eab45cf87d9d14d59fe98e20a03366 
Number of updated asset objects reloaded before import = 0
Number of asset objects unloaded after import = 0
========================================================================
Received Import Request.
  Time of request: 2026-09-27T03:54:23.7776945Z
  Time since last request: 0.0007514 seconds.
  importAddress: GUID: 2c2dfcbbb77359547bcaa7cdabd47ebb - Path: Packages/com.unity.test-framework/UnityEditor.TestRunner/TestLaunchers/Helpers/PostbuildCleanupAttributeFinder.cs - Importer: ScriptedImporter/UnityEditor.QuickSearchModule:UnityEditor.Search:ASIAI0B
Importing 'GUID: 2c2dfcbbb77359547bcaa7cdabd47ebb - Path: Packages/com.unity.test-framework/UnityEditor.TestRunner/TestLaunchers/Helpers/PostbuildCleanupAttributeFinder.cs - Importer: ScriptedImporter/UnityEditor.QuickSearchModule:UnityEditor.Search:ASIAI0B' with importer (ScriptedImporter : UnityEditor.QuickSearchModule:UnityEditor.Search:ASIAI0B)
Imported 'GUID: 2c2dfcbbb77359547bcaa7cdabd47ebb' -> (Import Result ID: '9f44c091dc624a592cd31a2605ef6614') in 0.003 seconds [static and dynamic dependencies]. Details - ImportResultOutputID=49ea58b8dace57a02cd0fd3177c73c61 DependenciesID=1341b4d9c7e4c17e2f771ae9cca7d418 StaticDependenciesID=0a002db35d7ff94fb1db38cfb4e918c8 
Number of updated asset objects reloaded before import = 0
Number of asset objects unloaded after import = 0
========================================================================
Received Import Request.
  Time of request: 2026-09-27T03:54:23.7816637Z
  Time since last request: 0.0006451 seconds.
  importAddress: GUID: 84300802bfca1472f86e2179fa2a8ed7 - Path: Packages/com.unity.test-framework/UnityEditor.TestRunner/TestLaunchers/Helpers/TestFiltering.cs - Importer: ScriptedImporter/UnityEditor.QuickSearchModule:UnityEditor.Search:ASIAI0B
Importing 'GUID: 84300802bfca1472f86e2179fa2a8ed7 - Path: Packages/com.unity.test-framework/UnityEditor.TestRunner/TestLaunchers/Helpers/TestFiltering.cs - Importer: ScriptedImporter/UnityEditor.QuickSearchModule:UnityEditor.Search:ASIAI0B' with importer (ScriptedImporter : UnityEditor.QuickSearchModule:UnityEditor.Search:ASIAI0B)
Imported 'GUID: 84300802bfca1472f86e2179fa2a8ed7' -> (Import Result ID: 'd7fff15674e73f00b59bd910d4ab575a') in 0.004 seconds [static and dynamic dependencies]. Details - ImportResultOutputID=7f471cd36dcba608aaad254a16db5cba DependenciesID=00597fc57636e37fa12abbe2f163180b StaticDependenciesID=c7fa15b132511511786d0ee0f10980ac 
Number of updated asset objects reloaded before import = 0
Number of asset objects unloaded after import = 0
========================================================================
Received Import Request.
  Time of request: 2026-09-27T03:54:23.7866509Z
  Time since last request: 0.0008468 seconds.
  importAddress: GUID: dd57b1176859fc84e93586103d3b5f73 - Path: Packages/com.unity.test-framework/UnityEditor.TestRunner/NUnitExtension/Attributes/TestPlayerBuildModifierAttribute.cs - Importer: ScriptedImporter/UnityEditor.QuickSearchModule:UnityEditor.Search:ASIAI0B
Importing 'GUID: dd57b1176859fc84e93586103d3b5f73 - Path: Packages/com.unity.test-framework/UnityEditor.TestRunner/NUnitExtension/Attributes/TestPlayerBuildModifierAttribute.cs - Importer: ScriptedImporter/UnityEditor.QuickSearchModule:UnityEditor.Search:ASIAI0B' with importer (ScriptedImporter : UnityEditor.QuickSearchModule:UnityEditor.Search:ASIAI0B)
Imported 'GUID: dd57b1176859fc84e93586103d3b5f73' -> (Import Result ID: 'f6308d37eb36b7c74a10df337d487e6a') in 0.003 seconds [static and dynamic dependencies]. Details - ImportResultOutputID=e753a67c2b35973ecf83eb9f727862ee DependenciesID=ad860646b3ce3dd6354c3263be5dd767 StaticDependenciesID=ab5d19821a274f18ec1a5b0cc356869b 
Number of updated asset objects reloaded before import = 0
Number of asset objects unloaded after import = 0
========================================================================
Received Import Request.
  Time of request: 2026-09-27T03:54:23.7908668Z
  Time since last request: 0.0009143 seconds.
  importAddress: GUID: 4b45f42910304b00a63958173ee2c76f - Path: Packages/com.unity.test-framework/UnityEditor.TestRunner/TestRun/Tasks/EnterPlayModeTask.cs - Importer: ScriptedImporter/UnityEditor.QuickSearchModule:UnityEditor.Search:ASIAI0B
Importing 'GUID: 4b45f42910304b00a63958173ee2c76f - Path: Packages/com.unity.test-framework/UnityEditor.TestRunner/TestRun/Tasks/EnterPlayModeTask.cs - Importer: ScriptedImporter/UnityEditor.QuickSearchModule:UnityEditor.Search:ASIAI0B' with importer (ScriptedImporter : UnityEditor.QuickSearchModule:UnityEditor.Search:ASIAI0B)
Imported 'GUID: 4b45f42910304b00a63958173ee2c76f' -> (Import Result ID: '34e8104ea3072323541cdbfc51aa86e5') in 0.003 seconds [static and dynamic dependencies]. Details - ImportResultOutputID=d751b22ef00d40e6abcb9bd4f28da2f0 DependenciesID=1dd11d100edab9903d078de1a018c681 StaticDependenciesID=1f7bf1ca74654a8a169e2f6cef99b29b 
Number of updated asset objects reloaded before import = 0
Number of asset objects unloaded after import = 0
========================================================================
Received Import Request.
  Time of request: 2026-09-27T03:54:23.7949764Z
  Time since last request: 0.0007382 seconds.
  importAddress: GUID: 5640d0c51961421997c9f36f0ec45480 - Path: Packages/com.unity.test-framework/UnityEditor.TestRunner/TestRun/Tasks/BuildNUnitFilterTask.cs - Importer: ScriptedImporter/UnityEditor.QuickSearchModule:UnityEditor.Search:ASIAI0B
Importing 'GUID: 5640d0c51961421997c9f36f0ec45480 - Path: Packages/com.unity.test-framework/UnityEditor.TestRunner/TestRun/Tasks/BuildNUnitFilterTask.cs - Importer: ScriptedImporter/UnityEditor.QuickSearchModule:UnityEditor.Search:ASIAI0B' with importer (ScriptedImporter : UnityEditor.QuickSearchModule:UnityEditor.Search:ASIAI0B)
Imported 'GUID: 5640d0c51961421997c9f36f0ec45480' -> (Import Result ID: '3c692db96d64fc8d9557536102ec0dda') in 0.004 seconds [static and dynamic dependencies]. Details - ImportResultOutputID=12eda9b227efba8d79cded223a956689 DependenciesID=0c7e6f3c0b2cd00e9c533d42192955d5 StaticDependenciesID=f9ca64e0c18271da3a53bb65861134d6 
Number of updated asset objects reloaded before import = 0
Number of asset objects unloaded after import = 0
========================================================================
Received Import Request.
  Time of request: 2026-09-27T03:54:23.8003604Z
  Time since last request: 0.0010497 seconds.
  importAddress: GUID: ad7bb166069f8414e9ad26606b305e66 - Path: Packages/com.unity.test-framework/UnityEditor.TestRunner/TestRun/Tasks/FileCleanupVerifierTaskBase.cs - Importer: ScriptedImporter/UnityEditor.QuickSearchModule:UnityEditor.Search:ASIAI0B
Importing 'GUID: ad7bb166069f8414e9ad26606b305e66 - Path: Packages/com.unity.test-framework/UnityEditor.TestRunner/TestRun/Tasks/FileCleanupVerifierTaskBase.cs - Importer: ScriptedImporter/UnityEditor.QuickSearchModule:UnityEditor.Search:ASIAI0B' with importer (ScriptedImporter : UnityEditor.QuickSearchModule:UnityEditor.Search:ASIAI0B)
Imported 'GUID: ad7bb166069f8414e9ad26606b305e66' -> (Import Result ID: '80df68e70633cf5592138d2f13f07a26') in 0.003 seconds [static and dynamic dependencies]. Details - ImportResultOutputID=d9ad174a829e33dd241cafbacdc4b2ef DependenciesID=cb9061d85bffb34693d18f3f5d048ff2 StaticDependenciesID=14a19281fb9c630e796f88bba30f208a 
Number of updated asset objects reloaded before import = 0
Number of asset objects unloaded after import = 0
========================================================================
Received Import Request.
  Time of request: 2026-09-27T03:54:23.8051044Z
  Time since last request: 0.0010519 seconds.
  importAddress: GUID: 1bace19a170f47bb8d19645cfc580796 - Path: Packages/com.unity.test-framework/UnityEditor.TestRunner/GUI/TestAssets/TestScriptAssetsCreator.cs - Importer: ScriptedImporter/UnityEditor.QuickSearchModule:UnityEditor.Search:ASIAI0B
Importing 'GUID: 1bace19a170f47bb8d19645cfc580796 - Path: Packages/com.unity.test-framework/UnityEditor.TestRunner/GUI/TestAssets/TestScriptAssetsCreator.cs - Importer: ScriptedImporter/UnityEditor.QuickSearchModule:UnityEditor.Search:ASIAI0B' with importer (ScriptedImporter : UnityEditor.QuickSearchModule:UnityEditor.Search:ASIAI0B)
Imported 'GUID: 1bace19a170f47bb8d19645cfc580796' -> (Import Result ID: 'da4085b5a4b5ff703e7adf80e3702330') in 0.003 seconds [static and dynamic dependencies]. Details - ImportResultOutputID=1fe8f06062d033f0bce11cf9f73968f5 DependenciesID=088a5aff79f24802558a4b03a000fb7e StaticDependenciesID=90f6fbe2e7cb41ddb7d4924c68cb7ed8 
Number of updated asset objects reloaded before import = 0
Number of asset objects unloaded after import = 0
========================================================================
Received Import Request.
  Time of request: 2026-09-27T03:54:23.8093956Z
  Time since last request: 0.0010013 seconds.
  importAddress: GUID: 32829ea9e75c475295f73ff867e2f9d0 - Path: Packages/com.unity.test-framework/UnityEditor.TestRunner/GUI/TestAssets/ICustomScriptAssembly.cs - Importer: ScriptedImporter/UnityEditor.QuickSearchModule:UnityEditor.Search:ASIAI0B
Importing 'GUID: 32829ea9e75c475295f73ff867e2f9d0 - Path: Packages/com.unity.test-framework/UnityEditor.TestRunner/GUI/TestAssets/ICustomScriptAssembly.cs - Importer: ScriptedImporter/UnityEditor.QuickSearchModule:UnityEditor.Search:ASIAI0B' with importer (ScriptedImporter : UnityEditor.QuickSearchModule:UnityEditor.Search:ASIAI0B)
Imported 'GUID: 32829ea9e75c475295f73ff867e2f9d0' -> (Import Result ID: '879a51e733b08eed7b9be8acdf1581f5') in 0.002 seconds [static and dynamic dependencies]. Details - ImportResultOutputID=e48788676c7313caea294cc160049e47 DependenciesID=1af13a35c980717afac9e7c8edda9c37 StaticDependenciesID=a4d5ec0654491e1ed34492980aff5c54 
Number of updated asset objects reloaded before import = 0
Number of asset objects unloaded after import = 0
========================================================================
Received Import Request.
  Time of request: 2026-09-27T03:54:23.8125847Z
  Time since last request: 0.0008259 seconds.
  importAddress: GUID: bd3135cd5079e43b383e0e53242ef502 - Path: Packages/com.unity.test-framework/UnityEditor.TestRunner/TestLaunchers/Helpers/PrebuildSetupWithJobDataAttributeFinder.cs - Importer: ScriptedImporter/UnityEditor.QuickSearchModule:UnityEditor.Search:ASIAI0B
Importing 'GUID: bd3135cd5079e43b383e0e53242ef502 - Path: Packages/com.unity.test-framework/UnityEditor.TestRunner/TestLaunchers/Helpers/PrebuildSetupWithJobDataAttributeFinder.cs - Importer: ScriptedImporter/UnityEditor.QuickSearchModule:UnityEditor.Search:ASIAI0B' with importer (ScriptedImporter : UnityEditor.QuickSearchModule:UnityEditor.Search:ASIAI0B)
Imported 'GUID: bd3135cd5079e43b383e0e53242ef502' -> (Import Result ID: '1abcdcf21fca7115b7b7a170fe5abcf6') in 0.003 seconds [static and dynamic dependencies]. Details - ImportResultOutputID=6770eec66dd2bf76ccb7f79450a9f8a4 DependenciesID=d343e844366f8a27c12a9c7100b8a349 StaticDependenciesID=9dc16fc3268cc4ab0dc05869d9d0af95 
Number of updated asset objects reloaded before import = 0
Number of asset objects unloaded after import = 0
========================================================================
Received Import Request.
  Time of request: 2026-09-27T03:54:23.816331Z
  Time since last request: 0.0006105 seconds.
  importAddress: GUID: 1c97cd557b334b27bc325649466d1872 - Path: Packages/com.unity.test-framework/UnityEditor.TestRunner/TestRun/Tasks/CleanUpContext.cs - Importer: ScriptedImporter/UnityEditor.QuickSearchModule:UnityEditor.Search:ASIAI0B
Importing 'GUID: 1c97cd557b334b27bc325649466d1872 - Path: Packages/com.unity.test-framework/UnityEditor.TestRunner/TestRun/Tasks/CleanUpContext.cs - Importer: ScriptedImporter/UnityEditor.QuickSearchModule:UnityEditor.Search:ASIAI0B' with importer (ScriptedImporter : UnityEditor.QuickSearchModule:UnityEditor.Search:ASIAI0B)
Imported 'GUID: 1c97cd557b334b27bc325649466d1872' -> (Import Result ID: '5aa580e46bf1b011a8d126d6adc89e31') in 0.002 seconds [static and dynamic dependencies]. Details - ImportResultOutputID=c9b44e64e440328992853ab49ee43792 DependenciesID=c90e67dae72c78c9ced258019d898460 StaticDependenciesID=0b395157f9c972062750bf8742ff7994 
Number of updated asset objects reloaded before import = 0
Number of asset objects unloaded after import = 0
========================================================================
Received Import Request.
  Time of request: 2026-09-27T03:54:23.819685Z
  Time since last request: 0.0006026 seconds.
  importAddress: GUID: 06e624de88cb4a808350b63994eb39ed - Path: Packages/com.unity.test-framework/UnityEditor.TestRunner/TestRun/Data/TaskMode.cs - Importer: ScriptedImporter/UnityEditor.QuickSearchModule:UnityEditor.Search:ASIAI0B
Importing 'GUID: 06e624de88cb4a808350b63994eb39ed - Path: Packages/com.unity.test-framework/UnityEditor.TestRunner/TestRun/Data/TaskMode.cs - Importer: ScriptedImporter/UnityEditor.QuickSearchModule:UnityEditor.Search:ASIAI0B' with importer (ScriptedImporter : UnityEditor.QuickSearchModule:UnityEditor.Search:ASIAI0B)
Imported 'GUID: 06e624de88cb4a808350b63994eb39ed' -> (Import Result ID: '045475e6f61005c809910fdaa8b35124') in 0.002 seconds [static and dynamic dependencies]. Details - ImportResultOutputID=68e4f65845d971d6cf99a4dcd6daae34 DependenciesID=43983a7f5b5a367da880d61f6f1e6ae2 StaticDependenciesID=74bdf03c091536995455eec3bd2a59e5 
Number of updated asset objects reloaded before import = 0
Number of asset objects unloaded after import = 0
========================================================================
Received Import Request.
  Time of request: 2026-09-27T03:54:23.8228547Z
  Time since last request: 0.0006759 seconds.
  importAddress: GUID: 52c907c81459f324497af504b84fd557 - Path: Packages/com.unity.test-framework/UnityEditor.TestRunner/GUI/TestListTreeView/TestListTreeViewGUI.cs - Importer: ScriptedImporter/UnityEditor.QuickSearchModule:UnityEditor.Search:ASIAI0B
Importing 'GUID: 52c907c81459f324497af504b84fd557 - Path: Packages/com.unity.test-framework/UnityEditor.TestRunner/GUI/TestListTreeView/TestListTreeViewGUI.cs - Importer: ScriptedImporter/UnityEditor.QuickSearchModule:UnityEditor.Search:ASIAI0B' with importer (ScriptedImporter : UnityEditor.QuickSearchModule:UnityEditor.Search:ASIAI0B)
Imported 'GUID: 52c907c81459f324497af504b84fd557' -> (Import Result ID: '74fc27b62cccc630b983e42ed91fab1c') in 0.002 seconds [static and dynamic dependencies]. Details - ImportResultOutputID=9170fb21eaebdb7427a013deb8fde097 DependenciesID=42cbe9d48780427f0bcd4629f54da19f StaticDependenciesID=a36ee918f07ad4ce92c9369b7d3be367 
Number of updated asset objects reloaded before import = 0
Number of asset objects unloaded after import = 0
========================================================================
Received Import Request.
  Time of request: 2026-09-27T03:54:23.8261258Z
  Time since last request: 0.0006874 seconds.
  importAddress: GUID: a155fee568ce42a4b561ee3a27d88532 - Path: Packages/com.unity.test-framework/UnityEditor.TestRunner/TestRun/Tasks/CleanupConstructDelegatorTask.cs - Importer: ScriptedImporter/UnityEditor.QuickSearchModule:UnityEditor.Search:ASIAI0B
Importing 'GUID: a155fee568ce42a4b561ee3a27d88532 - Path: Packages/com.unity.test-framework/UnityEditor.TestRunner/TestRun/Tasks/CleanupConstructDelegatorTask.cs - Importer: ScriptedImporter/UnityEditor.QuickSearchModule:UnityEditor.Search:ASIAI0B' with importer (ScriptedImporter : UnityEditor.QuickSearchModule:UnityEditor.Search:ASIAI0B)
Imported 'GUID: a155fee568ce42a4b561ee3a27d88532' -> (Import Result ID: '18b0fe1bb1cfefdd6558978c84f8c751') in 0.004 seconds [static and dynamic dependencies]. Details - ImportResultOutputID=2cd7743943b65835d4b8dd7cbc8870ee DependenciesID=81ca1814084a669fc60dc1a7fa2a5e49 StaticDependenciesID=a1a0d3dd34e2df1e125e281e574bf61f 
Number of updated asset objects reloaded before import = 0
Number of asset objects unloaded after import = 0
========================================================================
Received Import Request.
  Time of request: 2026-09-27T03:54:23.831235Z
  Time since last request: 0.0006548 seconds.
  importAddress: GUID: aed7ab02155e43341a2dbcb7bc17c160 - Path: Packages/com.unity.test-framework/UnityEditor.TestRunner/TestLaunchers/PlatformSetup/XboxOnePlatformSetup.cs - Importer: ScriptedImporter/UnityEditor.QuickSearchModule:UnityEditor.Search:ASIAI0B
Importing 'GUID: aed7ab02155e43341a2dbcb7bc17c160 - Path: Packages/com.unity.test-framework/UnityEditor.TestRunner/TestLaunchers/PlatformSetup/XboxOnePlatformSetup.cs - Importer: ScriptedImporter/UnityEditor.QuickSearchModule:UnityEditor.Search:ASIAI0B' with importer (ScriptedImporter : UnityEditor.QuickSearchModule:UnityEditor.Search:ASIAI0B)
Imported 'GUID: aed7ab02155e43341a2dbcb7bc17c160' -> (Import Result ID: 'ff2afea057e25de3ca3c7a64348c1a98') in 0.002 seconds [static and dynamic dependencies]. Details - ImportResultOutputID=8d8f1c0401e670be1afa22e6ec1d41c6 DependenciesID=d004f6d0af683c234bee5e24fab90689 StaticDependenciesID=ea3c0e461385c5a9bf2fa81e8510c624 
Number of updated asset objects reloaded before import = 0
Number of asset objects unloaded after import = 0
========================================================================
Received Import Request.
  Time of request: 2026-09-27T03:54:23.8343757Z
  Time since last request: 0.0007454 seconds.
  importAddress: GUID: 881a6e4afaf6d1744a7aacea7f268f4c - Path: Packages/com.unity.test-framework/UnityEditor.TestRunner/TestRun/Data/TestProgress.cs - Importer: ScriptedImporter/UnityEditor.QuickSearchModule:UnityEditor.Search:ASIAI0B
Importing 'GUID: 881a6e4afaf6d1744a7aacea7f268f4c - Path: Packages/com.unity.test-framework/UnityEditor.TestRunner/TestRun/Data/TestProgress.cs - Importer: ScriptedImporter/UnityEditor.QuickSearchModule:UnityEditor.Search:ASIAI0B' with importer (ScriptedImporter : UnityEditor.QuickSearchModule:UnityEditor.Search:ASIAI0B)
Imported 'GUID: 881a6e4afaf6d1744a7aacea7f268f4c' -> (Import Result ID: 'd05dd730675c1e77828a506b1d91f242') in 0.003 seconds [static and dynamic dependencies]. Details - ImportResultOutputID=38276e18bac5c274c94a65dd6d0e4e7e DependenciesID=554c4269915dd88fded293cad8e31850 StaticDependenciesID=e97c759ab4e5b111a28589d4df1d4c97 
Number of updated asset objects reloaded before import = 0
Number of asset objects unloaded after import = 0
========================================================================
Received Import Request.
  Time of request: 2026-09-27T03:54:23.8385855Z
  Time since last request: 0.0008056 seconds.
  importAddress: GUID: adf7bea9401c1834380d55601add6cfb - Path: Packages/com.unity.test-framework/UnityEditor.TestRunner/TestLaunchers/PlatformSetup/SwitchPlatformSetup.cs - Importer: ScriptedImporter/UnityEditor.QuickSearchModule:UnityEditor.Search:ASIAI0B
Importing 'GUID: adf7bea9401c1834380d55601add6cfb - Path: Packages/com.unity.test-framework/UnityEditor.TestRunner/TestLaunchers/PlatformSetup/SwitchPlatformSetup.cs - Importer: ScriptedImporter/UnityEditor.QuickSearchModule:UnityEditor.Search:ASIAI0B' with importer (ScriptedImporter : UnityEditor.QuickSearchModule:UnityEditor.Search:ASIAI0B)
Imported 'GUID: adf7bea9401c1834380d55601add6cfb' -> (Import Result ID: '631245e15c5968045c3bdb66893460ae') in 0.003 seconds [static and dynamic dependencies]. Details - ImportResultOutputID=57128493818fe2d508a843b8d1bba27d DependenciesID=b50e2212e9e8d3d9e3ca3c1796469e38 StaticDependenciesID=fe8a61b9fc851f4e7513da3bb9d138c0 
Number of updated asset objects reloaded before import = 0
Number of asset objects unloaded after import = 0
========================================================================
Received Import Request.
  Time of request: 2026-09-27T03:54:23.8427449Z
  Time since last request: 0.0008604 seconds.
  importAddress: GUID: 0d2e1e2a782748e6acb8565ad040df60 - Path: Packages/com.unity.test-framework/UnityEditor.TestRunner/TestRun/Data/TaskInfo.cs - Importer: ScriptedImporter/UnityEditor.QuickSearchModule:UnityEditor.Search:ASIAI0B
Importing 'GUID: 0d2e1e2a782748e6acb8565ad040df60 - Path: Packages/com.unity.test-framework/UnityEditor.TestRunner/TestRun/Data/TaskInfo.cs - Importer: ScriptedImporter/UnityEditor.QuickSearchModule:UnityEditor.Search:ASIAI0B' with importer (ScriptedImporter : UnityEditor.QuickSearchModule:UnityEditor.Search:ASIAI0B)
Imported 'GUID: 0d2e1e2a782748e6acb8565ad040df60' -> (Import Result ID: 'c45a0befe0fcb40621c7e9eb843e5086') in 0.002 seconds [static and dynamic dependencies]. Details - ImportResultOutputID=56c4ad245b4d2dfd60579d783b39c74b DependenciesID=728ac70d6e08c3bd9a9cd98356aab009 StaticDependenciesID=0da70dd1ab602ca620cce84db32cfeb5 
Number of updated asset objects reloaded before import = 0
Number of asset objects unloaded after import = 0
========================================================================
Received Import Request.
  Time of request: 2026-09-27T03:54:23.846184Z
  Time since last request: 0.0009015 seconds.
  importAddress: GUID: 078a3968c1fd87047890f314894a20a1 - Path: Packages/com.unity.test-framework/UnityEditor.TestRunner/TestLaunchers/PlatformSetup/Switch2PlatformSetup.cs - Importer: ScriptedImporter/UnityEditor.QuickSearchModule:UnityEditor.Search:ASIAI0B
Importing 'GUID: 078a3968c1fd87047890f314894a20a1 - Path: Packages/com.unity.test-framework/UnityEditor.TestRunner/TestLaunchers/PlatformSetup/Switch2PlatformSetup.cs - Importer: ScriptedImporter/UnityEditor.QuickSearchModule:UnityEditor.Search:ASIAI0B' with importer (ScriptedImporter : UnityEditor.QuickSearchModule:UnityEditor.Search:ASIAI0B)
Imported 'GUID: 078a3968c1fd87047890f314894a20a1' -> (Import Result ID: '3288c826a6e88ca480e3d450ff272276') in 0.003 seconds [static and dynamic dependencies]. Details - ImportResultOutputID=5289ea809d713c62b6361bf02f23b8a5 DependenciesID=b5630d4ab56527d0963a3663e7cb0999 StaticDependenciesID=5eaaa514d066112840f72c7965b6ebe5 
Number of updated asset objects reloaded before import = 0
Number of asset objects unloaded after import = 0
========================================================================
Received Import Request.
  Time of request: 2026-09-27T03:54:23.8498464Z
  Time since last request: 0.0006843 seconds.
  importAddress: GUID: 92de9780c7bec4f0f89c7c88a2ec15ed - Path: Packages/com.unity.test-framework/UnityEditor.TestRunner/TestRun/Tasks/FilterTestTreeTask.cs - Importer: ScriptedImporter/UnityEditor.QuickSearchModule:UnityEditor.Search:ASIAI0B
Importing 'GUID: 92de9780c7bec4f0f89c7c88a2ec15ed - Path: Packages/com.unity.test-framework/UnityEditor.TestRunner/TestRun/Tasks/FilterTestTreeTask.cs - Importer: ScriptedImporter/UnityEditor.QuickSearchModule:UnityEditor.Search:ASIAI0B' with importer (ScriptedImporter : UnityEditor.QuickSearchModule:UnityEditor.Search:ASIAI0B)
Imported 'GUID: 92de9780c7bec4f0f89c7c88a2ec15ed' -> (Import Result ID: '08161735022f2d1bd56b7303f040a785') in 0.003 seconds [static and dynamic dependencies]. Details - ImportResultOutputID=f9c02db028314217cff9181e77e06903 DependenciesID=7a883e986c19e403365ee686b62902cb StaticDependenciesID=0be3586bc220bcdf1c292277996a16a0 
Number of updated asset objects reloaded before import = 0
Number of asset objects unloaded after import = 0
========================================================================
Received Import Request.
  Time of request: 2026-09-27T03:54:23.8542244Z
  Time since last request: 0.0009526 seconds.
  importAddress: GUID: a0288e1c9324e824bab7e2044a72a434 - Path: Packages/com.unity.test-framework/UnityEditor.TestRunner/TestRun/Tasks/BuildTestTreeTask.cs - Importer: ScriptedImporter/UnityEditor.QuickSearchModule:UnityEditor.Search:ASIAI0B
Importing 'GUID: a0288e1c9324e824bab7e2044a72a434 - Path: Packages/com.unity.test-framework/UnityEditor.TestRunner/TestRun/Tasks/BuildTestTreeTask.cs - Importer: ScriptedImporter/UnityEditor.QuickSearchModule:UnityEditor.Search:ASIAI0B' with importer (ScriptedImporter : UnityEditor.QuickSearchModule:UnityEditor.Search:ASIAI0B)
Imported 'GUID: a0288e1c9324e824bab7e2044a72a434' -> (Import Result ID: '69ce0e3ccbd4bd259e458ba1397c5213') in 0.003 seconds [static and dynamic dependencies]. Details - ImportResultOutputID=b1d30e0d358cb4b4eb50a7e2d9da3826 DependenciesID=865d430a130edff5925a6bc59f96ae5a StaticDependenciesID=f0c1b403ee61f3def0ea978e2a9806bc 
Number of updated asset objects reloaded before import = 0
Number of asset objects unloaded after import = 0
========================================================================
Received Import Request.
  Time of request: 2026-09-27T03:54:23.8585135Z
  Time since last request: 0.0008899 seconds.
  importAddress: GUID: ce87c287371edde43a4b5fcfdee7b9ef - Path: Packages/com.unity.test-framework/UnityEditor.TestRunner/GUI/TestListTreeView/TestListTreeViewDataSource.cs - Importer: ScriptedImporter/UnityEditor.QuickSearchModule:UnityEditor.Search:ASIAI0B
Importing 'GUID: ce87c287371edde43a4b5fcfdee7b9ef - Path: Packages/com.unity.test-framework/UnityEditor.TestRunner/GUI/TestListTreeView/TestListTreeViewDataSource.cs - Importer: ScriptedImporter/UnityEditor.QuickSearchModule:UnityEditor.Search:ASIAI0B' with importer (ScriptedImporter : UnityEditor.QuickSearchModule:UnityEditor.Search:ASIAI0B)
Imported 'GUID: ce87c287371edde43a4b5fcfdee7b9ef' -> (Import Result ID: 'c5de5a3e6a1969ac6563cd927edca558') in 0.003 seconds [static and dynamic dependencies]. Details - ImportResultOutputID=12d61c5bcb993a4b5f546e9a1a52a054 DependenciesID=3d4b8875b08dce9b60eee53c3c7c4c8e StaticDependenciesID=e538818c186595e241e47e4e0bffa2bf 
Number of updated asset objects reloaded before import = 0
Number of asset objects unloaded after import = 0
========================================================================
Received Import Request.
  Time of request: 2026-09-27T03:54:23.8626916Z
  Time since last request: 0.0007082 seconds.
  importAddress: GUID: b88caca58e05ee74486d86fb404c48e2 - Path: Packages/com.unity.test-framework/UnityEditor.TestRunner/NUnitExtension/Attributes/AssetPipelineIgnore.cs - Importer: ScriptedImporter/UnityEditor.QuickSearchModule:UnityEditor.Search:ASIAI0B
Importing 'GUID: b88caca58e05ee74486d86fb404c48e2 - Path: Packages/com.unity.test-framework/UnityEditor.TestRunner/NUnitExtension/Attributes/AssetPipelineIgnore.cs - Importer: ScriptedImporter/UnityEditor.QuickSearchModule:UnityEditor.Search:ASIAI0B' with importer (ScriptedImporter : UnityEditor.QuickSearchModule:UnityEditor.Search:ASIAI0B)
Imported 'GUID: b88caca58e05ee74486d86fb404c48e2' -> (Import Result ID: 'a5062e8595988d0e7cf4345d74193542') in 0.003 seconds [static and dynamic dependencies]. Details - ImportResultOutputID=dd45d961a67dfe7c34d5fd259fe1e761 DependenciesID=50530812c9fe6f4945a5ccb8fa9a0fa5 StaticDependenciesID=18b665522edf4af167a5e37a631af96e 
Number of updated asset objects reloaded before import = 0
Number of asset objects unloaded after import = 0
========================================================================
Received Import Request.
  Time of request: 2026-09-27T03:54:23.8662909Z
  Time since last request: 0.0006589 seconds.
  importAddress: GUID: e17c88b021c2a4c409b3f15b0d80ac62 - Path: Packages/com.unity.test-framework/UnityEditor.TestRunner/GUI/TestListBuilder/TestTreeViewBuilder.cs - Importer: ScriptedImporter/UnityEditor.QuickSearchModule:UnityEditor.Search:ASIAI0B
Importing 'GUID: e17c88b021c2a4c409b3f15b0d80ac62 - Path: Packages/com.unity.test-framework/UnityEditor.TestRunner/GUI/TestListBuilder/TestTreeViewBuilder.cs - Importer: ScriptedImporter/UnityEditor.QuickSearchModule:UnityEditor.Search:ASIAI0B' with importer (ScriptedImporter : UnityEditor.QuickSearchModule:UnityEditor.Search:ASIAI0B)
Imported 'GUID: e17c88b021c2a4c409b3f15b0d80ac62' -> (Import Result ID: 'ea92ea276f435d9143cfed6a15724b90') in 0.003 seconds [static and dynamic dependencies]. Details - ImportResultOutputID=a849975da2bfc8d83bc92b4a5ca3a778 DependenciesID=610d2d8642cd512407726ca07bd7ff3d StaticDependenciesID=e9fefd8cef01fca9ff4c98dd3c29ee0e 
Number of updated asset objects reloaded before import = 0
Number of asset objects unloaded after import = 0
========================================================================
Received Import Request.
  Time of request: 2026-09-27T03:54:23.8703316Z
  Time since last request: 0.0007413 seconds.
  importAddress: GUID: fb1abebffd37bd4458c84e15a5d7ab04 - Path: Packages/com.unity.test-framework/UnityEditor.TestRunner/TestRun/Tasks/PerformUndoTask.cs - Importer: ScriptedImporter/UnityEditor.QuickSearchModule:UnityEditor.Search:ASIAI0B
Importing 'GUID: fb1abebffd37bd4458c84e15a5d7ab04 - Path: Packages/com.unity.test-framework/UnityEditor.TestRunner/TestRun/Tasks/PerformUndoTask.cs - Importer: ScriptedImporter/UnityEditor.QuickSearchModule:UnityEditor.Search:ASIAI0B' with importer (ScriptedImporter : UnityEditor.QuickSearchModule:UnityEditor.Search:ASIAI0B)
Imported 'GUID: fb1abebffd37bd4458c84e15a5d7ab04' -> (Import Result ID: '5d87cd4a9244d52954b49cdff6dbe171') in 0.003 seconds [static and dynamic dependencies]. Details - ImportResultOutputID=a246a55d7c95822069a235db36639946 DependenciesID=0f81dda886cb6f77085ee0f893efeba4 StaticDependenciesID=e3a5ff1d276db4f1cfb899cb513d7539 
Number of updated asset objects reloaded before import = 0
Number of asset objects unloaded after import = 0
========================================================================
Received Import Request.
  Time of request: 2026-09-27T03:54:23.8748618Z
  Time since last request: 0.0011502 seconds.
  importAddress: GUID: 3c4ccfb0896bcf44da13e152b267aa49 - Path: Packages/com.unity.test-framework/UnityEditor.TestRunner/TestLaunchers/Helpers/PrebuildSetupAttributeFinder.cs - Importer: ScriptedImporter/UnityEditor.QuickSearchModule:UnityEditor.Search:ASIAI0B
Importing 'GUID: 3c4ccfb0896bcf44da13e152b267aa49 - Path: Packages/com.unity.test-framework/UnityEditor.TestRunner/TestLaunchers/Helpers/PrebuildSetupAttributeFinder.cs - Importer: ScriptedImporter/UnityEditor.QuickSearchModule:UnityEditor.Search:ASIAI0B' with importer (ScriptedImporter : UnityEditor.QuickSearchModule:UnityEditor.Search:ASIAI0B)
Imported 'GUID: 3c4ccfb0896bcf44da13e152b267aa49' -> (Import Result ID: 'be2127d51afb28a1af4a33dfb94b079d') in 0.002 seconds [static and dynamic dependencies]. Details - ImportResultOutputID=72fef471eaf6884b62b39d24c1a4c286 DependenciesID=5611cdf0d6879b42eaef421e4db146e1 StaticDependenciesID=91ed79b4e56e171f8fa898e44502de47 
Number of updated asset objects reloaded before import = 0
Number of asset objects unloaded after import = 0
========================================================================
Received Import Request.
  Time of request: 2026-09-27T03:54:23.8778465Z
  Time since last request: 0.0006838 seconds.
  importAddress: GUID: e7f72702c2f04b999739380ef9c0de5f - Path: Packages/com.unity.test-framework/UnityEditor.TestRunner/GUI/TestAssets/ITestScriptAssetsCreator.cs - Importer: ScriptedImporter/UnityEditor.QuickSearchModule:UnityEditor.Search:ASIAI0B
Importing 'GUID: e7f72702c2f04b999739380ef9c0de5f - Path: Packages/com.unity.test-framework/UnityEditor.TestRunner/GUI/TestAssets/ITestScriptAssetsCreator.cs - Importer: ScriptedImporter/UnityEditor.QuickSearchModule:UnityEditor.Search:ASIAI0B' with importer (ScriptedImporter : UnityEditor.QuickSearchModule:UnityEditor.Search:ASIAI0B)
Imported 'GUID: e7f72702c2f04b999739380ef9c0de5f' -> (Import Result ID: '863bf2a9ed32b97afa28347a220823d6') in 0.002 seconds [static and dynamic dependencies]. Details - ImportResultOutputID=5b35c330eae0620428525ffcb0e1c2b1 DependenciesID=39a1b3c3533095f4c6cfe083c2a98f93 StaticDependenciesID=fd9cdaa09a47eb8e01e0f9ecdbbb43fd 
Number of updated asset objects reloaded before import = 0
Number of asset objects unloaded after import = 0
========================================================================
Received Import Request.
  Time of request: 2026-09-27T03:54:23.8811172Z
  Time since last request: 0.0005646 seconds.
  importAddress: GUID: 465c1d388f96ba143b216a9bbef88340 - Path: Packages/com.unity.test-framework/UnityEditor.TestRunner/TestLaunchers/PlatformSetup/GameCorePlatformSetup.cs - Importer: ScriptedImporter/UnityEditor.QuickSearchModule:UnityEditor.Search:ASIAI0B
Importing 'GUID: 465c1d388f96ba143b216a9bbef88340 - Path: Packages/com.unity.test-framework/UnityEditor.TestRunner/TestLaunchers/PlatformSetup/GameCorePlatformSetup.cs - Importer: ScriptedImporter/UnityEditor.QuickSearchModule:UnityEditor.Search:ASIAI0B' with importer (ScriptedImporter : UnityEditor.QuickSearchModule:UnityEditor.Search:ASIAI0B)
Imported 'GUID: 465c1d388f96ba143b216a9bbef88340' -> (Import Result ID: '1c988ad18585500520a273242eac5849') in 0.002 seconds [static and dynamic dependencies]. Details - ImportResultOutputID=d1b3dc82a618ad416ebeec4b1c8d9adb DependenciesID=0aaefb4a7b6375d9f00121b2fe272626 StaticDependenciesID=ed9af26f82a873a600c76d2d878de50f 
Number of updated asset objects reloaded before import = 0
Number of asset objects unloaded after import = 0
========================================================================
Received Import Request.
  Time of request: 2026-09-27T03:54:23.8840229Z
  Time since last request: 0.0006451 seconds.
  importAddress: GUID: 19bb2cdbf1454aae9b90c628fb83ad9b - Path: Packages/com.unity.test-framework/UnityEditor.TestRunner/TestRun/Data/RunProgress.cs - Importer: ScriptedImporter/UnityEditor.QuickSearchModule:UnityEditor.Search:ASIAI0B
Importing 'GUID: 19bb2cdbf1454aae9b90c628fb83ad9b - Path: Packages/com.unity.test-framework/UnityEditor.TestRunner/TestRun/Data/RunProgress.cs - Importer: ScriptedImporter/UnityEditor.QuickSearchModule:UnityEditor.Search:ASIAI0B' with importer (ScriptedImporter : UnityEditor.QuickSearchModule:UnityEditor.Search:ASIAI0B)
Imported 'GUID: 19bb2cdbf1454aae9b90c628fb83ad9b' -> (Import Result ID: '38a795653ddd2a0408b4c2e74c0f0a3b') in 0.002 seconds [static and dynamic dependencies]. Details - ImportResultOutputID=e39bd22bf4e2cfaacd551d6d993ac4ab DependenciesID=b3ebf662db18d2f0dd9f398ad49213a8 StaticDependenciesID=243ab2950ea9e0e858954306c6592dfc 
Number of updated asset objects reloaded before import = 0
Number of asset objects unloaded after import = 0
========================================================================
Received Import Request.
  Time of request: 2026-09-27T03:54:23.8867015Z
  Time since last request: 0.0005997 seconds.
  importAddress: GUID: f6c189a159d3bde4c964cee562e508ea - Path: Packages/com.unity.test-framework/UnityEditor.TestRunner/TestLaunchers/PlatformSetup/ApplePlatformSetup.cs - Importer: ScriptedImporter/UnityEditor.QuickSearchModule:UnityEditor.Search:ASIAI0B
Importing 'GUID: f6c189a159d3bde4c964cee562e508ea - Path: Packages/com.unity.test-framework/UnityEditor.TestRunner/TestLaunchers/PlatformSetup/ApplePlatformSetup.cs - Importer: ScriptedImporter/UnityEditor.QuickSearchModule:UnityEditor.Search:ASIAI0B' with importer (ScriptedImporter : UnityEditor.QuickSearchModule:UnityEditor.Search:ASIAI0B)
Imported 'GUID: f6c189a159d3bde4c964cee562e508ea' -> (Import Result ID: '909b648abf6712dbcea7933aec4294c6') in 0.002 seconds [static and dynamic dependencies]. Details - ImportResultOutputID=f7fe6880efcc30f4212fc70e2b9f8b10 DependenciesID=81c23148dacd02f7bf07060d424756c0 StaticDependenciesID=0a6664d6aff551e86fc0e508c11923f8 
Number of updated asset objects reloaded before import = 0
Number of asset objects unloaded after import = 0
========================================================================
Received Import Request.
  Time of request: 2026-09-27T03:54:23.8900478Z
  Time since last request: 0.0006636 seconds.
  importAddress: GUID: 667c6ad86a0b7a548aaa5c287f2c2861 - Path: Packages/com.unity.test-framework/UnityEditor.TestRunner/TestLaunchers/PlatformSetup/UwpPlatformSetup.cs - Importer: ScriptedImporter/UnityEditor.QuickSearchModule:UnityEditor.Search:ASIAI0B
Importing 'GUID: 667c6ad86a0b7a548aaa5c287f2c2861 - Path: Packages/com.unity.test-framework/UnityEditor.TestRunner/TestLaunchers/PlatformSetup/UwpPlatformSetup.cs - Importer: ScriptedImporter/UnityEditor.QuickSearchModule:UnityEditor.Search:ASIAI0B' with importer (ScriptedImporter : UnityEditor.QuickSearchModule:UnityEditor.Search:ASIAI0B)
Imported 'GUID: 667c6ad86a0b7a548aaa5c287f2c2861' -> (Import Result ID: 'e82b2c75c8bf907c245ed317ed60b835') in 0.002 seconds [static and dynamic dependencies]. Details - ImportResultOutputID=c45d0b6b8ff25c825939b442948f6978 DependenciesID=645938a71c7ca62fd418163732bec932 StaticDependenciesID=cfb5afcb2e4b7be086051668d34792ba 
Number of updated asset objects reloaded before import = 0
Number of asset objects unloaded after import = 0
========================================================================
Received Import Request.
  Time of request: 2026-09-27T03:54:23.8932701Z
  Time since last request: 0.0006598 seconds.
  importAddress: GUID: 6cccd50ebf7384242bda4d7bcb282ebf - Path: Packages/com.unity.test-framework/UnityEditor.TestRunner/TestLaunchers/PlatformSetup/PlatformSpecificSetup.cs - Importer: ScriptedImporter/UnityEditor.QuickSearchModule:UnityEditor.Search:ASIAI0B
Importing 'GUID: 6cccd50ebf7384242bda4d7bcb282ebf - Path: Packages/com.unity.test-framework/UnityEditor.TestRunner/TestLaunchers/PlatformSetup/PlatformSpecificSetup.cs - Importer: ScriptedImporter/UnityEditor.QuickSearchModule:UnityEditor.Search:ASIAI0B' with importer (ScriptedImporter : UnityEditor.QuickSearchModule:UnityEditor.Search:ASIAI0B)
Imported 'GUID: 6cccd50ebf7384242bda4d7bcb282ebf' -> (Import Result ID: '1284df734da41f3a4732c9bb3f5838b2') in 0.002 seconds [static and dynamic dependencies]. Details - ImportResultOutputID=4de2401b4645b8b1d6067b8ff56d599d DependenciesID=58f926a396c12fb04b912b5cef39263f StaticDependenciesID=f4d7d9fe8f8e77063bb14af1f66ec561 
Number of updated asset objects reloaded before import = 0
Number of asset objects unloaded after import = 0
========================================================================
Received Import Request.
  Time of request: 2026-09-27T03:54:23.8966255Z
  Time since last request: 0.0005525 seconds.
  importAddress: GUID: b4246555189b5ee43b4857220f9fd29b - Path: Packages/com.unity.test-framework/UnityEditor.TestRunner/TestRun/Tasks/EditModeRunTask.cs - Importer: ScriptedImporter/UnityEditor.QuickSearchModule:UnityEditor.Search:ASIAI0B
Importing 'GUID: b4246555189b5ee43b4857220f9fd29b - Path: Packages/com.unity.test-framework/UnityEditor.TestRunner/TestRun/Tasks/EditModeRunTask.cs - Importer: ScriptedImporter/UnityEditor.QuickSearchModule:UnityEditor.Search:ASIAI0B' with importer (ScriptedImporter : UnityEditor.QuickSearchModule:UnityEditor.Search:ASIAI0B)
Imported 'GUID: b4246555189b5ee43b4857220f9fd29b' -> (Import Result ID: 'e06dcabe4572d32a28db36f3bb67c77a') in 0.002 seconds [static and dynamic dependencies]. Details - ImportResultOutputID=f321be90f348af8501d3bbdb3a988cfa DependenciesID=ded205923131f9093c15b720ce272747 StaticDependenciesID=898101cd5a11b2cedae299c7336b3273 
Number of updated asset objects reloaded before import = 0
Number of asset objects unloaded after import = 0
========================================================================
Received Import Request.
  Time of request: 2026-09-27T03:54:23.8996021Z
  Time since last request: 0.0005483 seconds.
  importAddress: GUID: 3c702cb84a2a4576bf275a76bc17f8e8 - Path: Packages/com.unity.test-framework/UnityEditor.TestRunner/GUI/TestAssets/TestScriptAssetMenuItems.cs - Importer: ScriptedImporter/UnityEditor.QuickSearchModule:UnityEditor.Search:ASIAI0B
Importing 'GUID: 3c702cb84a2a4576bf275a76bc17f8e8 - Path: Packages/com.unity.test-framework/UnityEditor.TestRunner/GUI/TestAssets/TestScriptAssetMenuItems.cs - Importer: ScriptedImporter/UnityEditor.QuickSearchModule:UnityEditor.Search:ASIAI0B' with importer (ScriptedImporter : UnityEditor.QuickSearchModule:UnityEditor.Search:ASIAI0B)
Imported 'GUID: 3c702cb84a2a4576bf275a76bc17f8e8' -> (Import Result ID: '221168a56a607e1751d8f109e0fd70c4') in 0.002 seconds [static and dynamic dependencies]. Details - ImportResultOutputID=e9a0b0dc723cc6311ad7ff7b9d284879 DependenciesID=4c209d6d8fb202304f685ae25de9e278 StaticDependenciesID=a8d3b8b3420fd576ed690b971f4e909f 
Number of updated asset objects reloaded before import = 0
Number of asset objects unloaded after import = 0
========================================================================
Received Import Request.
  Time of request: 2026-09-27T03:54:23.9030117Z
  Time since last request: 0.0007875 seconds.
  importAddress: GUID: 5842bd968af34a328bb5a3f3c78db54a - Path: Packages/com.unity.test-framework/UnityEditor.TestRunner/TestRun/Tasks/ExitPlayModeTask.cs - Importer: ScriptedImporter/UnityEditor.QuickSearchModule:UnityEditor.Search:ASIAI0B
Importing 'GUID: 5842bd968af34a328bb5a3f3c78db54a - Path: Packages/com.unity.test-framework/UnityEditor.TestRunner/TestRun/Tasks/ExitPlayModeTask.cs - Importer: ScriptedImporter/UnityEditor.QuickSearchModule:UnityEditor.Search:ASIAI0B' with importer (ScriptedImporter : UnityEditor.QuickSearchModule:UnityEditor.Search:ASIAI0B)
Imported 'GUID: 5842bd968af34a328bb5a3f3c78db54a' -> (Import Result ID: '58ddc3a020aa05e0d7b645c435f5b352') in 0.002 seconds [static and dynamic dependencies]. Details - ImportResultOutputID=06400e1b63d4dc4f0c41ba15088e6973 DependenciesID=756621ebeefd1866de5e4465816598f4 StaticDependenciesID=cc64b336cdf2785045c5bd91c0956316 
Number of updated asset objects reloaded before import = 0
Number of asset objects unloaded after import = 0
========================================================================
Received Import Request.
  Time of request: 2026-09-27T03:54:23.9059132Z
  Time since last request: 0.0006364 seconds.
  importAddress: GUID: 822fa0a65be2467b95721422157c93f0 - Path: Packages/com.unity.test-framework/UnityEditor.TestRunner/TestRun/Tasks/CleanupTestControllerTask.cs - Importer: ScriptedImporter/UnityEditor.QuickSearchModule:UnityEditor.Search:ASIAI0B
Importing 'GUID: 822fa0a65be2467b95721422157c93f0 - Path: Packages/com.unity.test-framework/UnityEditor.TestRunner/TestRun/Tasks/CleanupTestControllerTask.cs - Importer: ScriptedImporter/UnityEditor.QuickSearchModule:UnityEditor.Search:ASIAI0B' with importer (ScriptedImporter : UnityEditor.QuickSearchModule:UnityEditor.Search:ASIAI0B)
Imported 'GUID: 822fa0a65be2467b95721422157c93f0' -> (Import Result ID: '535ac42700d24b049fd3e0f6480a9b46') in 0.002 seconds [static and dynamic dependencies]. Details - ImportResultOutputID=3e8672eb1a7f6244aca577fbec6dcd0a DependenciesID=8f925ed1da700c1edf88ffe068cc989b StaticDependenciesID=61484eb62746b058e62448155e0008a1 
Number of updated asset objects reloaded before import = 0
Number of asset objects unloaded after import = 0
========================================================================
Received Import Request.
  Time of request: 2026-09-27T03:54:23.9089184Z
  Time since last request: 0.000706 seconds.
  importAddress: GUID: c2441d353f9c42a44af6e224e4901b52 - Path: Packages/com.unity.test-framework/UnityEditor.TestRunner/TestRun/Tasks/BuildActionTaskBase.cs - Importer: ScriptedImporter/UnityEditor.QuickSearchModule:UnityEditor.Search:ASIAI0B
Importing 'GUID: c2441d353f9c42a44af6e224e4901b52 - Path: Packages/com.unity.test-framework/UnityEditor.TestRunner/TestRun/Tasks/BuildActionTaskBase.cs - Importer: ScriptedImporter/UnityEditor.QuickSearchModule:UnityEditor.Search:ASIAI0B' with importer (ScriptedImporter : UnityEditor.QuickSearchModule:UnityEditor.Search:ASIAI0B)
Imported 'GUID: c2441d353f9c42a44af6e224e4901b52' -> (Import Result ID: 'cef7e2931a918b9a4e0af4fa3c71ae01') in 0.003 seconds [static and dynamic dependencies]. Details - ImportResultOutputID=49af38d834588400ba39a848ead52919 DependenciesID=fcff2fc682359316eb9ae0bbb99155e2 StaticDependenciesID=e20b767334c9bb1bf4519a6c24d12f5a 
Number of updated asset objects reloaded before import = 0
Number of asset objects unloaded after import = 0
========================================================================
Received Import Request.
  Time of request: 2026-09-27T03:54:23.9133929Z
  Time since last request: 0.000696 seconds.
  importAddress: GUID: 5d4de3d4682a8d641907cc75e4fb950e - Path: Packages/com.unity.test-framework/UnityEditor.TestRunner/TestLaunchers/Helpers/AttributeFinderBase.cs - Importer: ScriptedImporter/UnityEditor.QuickSearchModule:UnityEditor.Search:ASIAI0B
Importing 'GUID: 5d4de3d4682a8d641907cc75e4fb950e - Path: Packages/com.unity.test-framework/UnityEditor.TestRunner/TestLaunchers/Helpers/AttributeFinderBase.cs - Importer: ScriptedImporter/UnityEditor.QuickSearchModule:UnityEditor.Search:ASIAI0B' with importer (ScriptedImporter : UnityEditor.QuickSearchModule:UnityEditor.Search:ASIAI0B)
Imported 'GUID: 5d4de3d4682a8d641907cc75e4fb950e' -> (Import Result ID: '51f1ab2a3e70aa0bf9e454f888dd6598') in 0.003 seconds [static and dynamic dependencies]. Details - ImportResultOutputID=cf07578a2224ea1fa4328afb6bd67f57 DependenciesID=57bf654c08b2aae9f213f163f687bd69 StaticDependenciesID=6c9f095e7da228f2e3334b9b36914780 
Number of updated asset objects reloaded before import = 0
Number of asset objects unloaded after import = 0
========================================================================
Received Import Request.
  Time of request: 2026-09-27T03:54:23.9171361Z
  Time since last request: 0.0008278 seconds.
  importAddress: GUID: 80ac8f5b2a7fa904dbc80111be88c8be - Path: Packages/com.unity.test-framework/UnityEditor.TestRunner/TestRun/Data/TestJobData.cs - Importer: ScriptedImporter/UnityEditor.QuickSearchModule:UnityEditor.Search:ASIAI0B
Importing 'GUID: 80ac8f5b2a7fa904dbc80111be88c8be - Path: Packages/com.unity.test-framework/UnityEditor.TestRunner/TestRun/Data/TestJobData.cs - Importer: ScriptedImporter/UnityEditor.QuickSearchModule:UnityEditor.Search:ASIAI0B' with importer (ScriptedImporter : UnityEditor.QuickSearchModule:UnityEditor.Search:ASIAI0B)
Imported 'GUID: 80ac8f5b2a7fa904dbc80111be88c8be' -> (Import Result ID: 'b4cc99af32514d6658e2e0c76be1a025') in 0.003 seconds [static and dynamic dependencies]. Details - ImportResultOutputID=4286115393d5908233c7eb9184c71c86 DependenciesID=6970bad654cb0ae06079ee86a24f879a StaticDependenciesID=4e792fb0fe52771b43d4b4ce1c055f7a 
Number of updated asset objects reloaded before import = 0
Number of asset objects unloaded after import = 0
========================================================================
Received Import Request.
  Time of request: 2026-09-27T03:54:23.9213694Z
  Time since last request: 0.0007211 seconds.
  importAddress: GUID: 83d2df796f82ab847a190a706f00d6eb - Path: Packages/com.unity.test-framework/UnityEditor.TestRunner/TestRun/Tasks/InitializeTestProgressTask.cs - Importer: ScriptedImporter/UnityEditor.QuickSearchModule:UnityEditor.Search:ASIAI0B
Importing 'GUID: 83d2df796f82ab847a190a706f00d6eb - Path: Packages/com.unity.test-framework/UnityEditor.TestRunner/TestRun/Tasks/InitializeTestProgressTask.cs - Importer: ScriptedImporter/UnityEditor.QuickSearchModule:UnityEditor.Search:ASIAI0B' with importer (ScriptedImporter : UnityEditor.QuickSearchModule:UnityEditor.Search:ASIAI0B)
Imported 'GUID: 83d2df796f82ab847a190a706f00d6eb' -> (Import Result ID: 'f8f46aaf424b41211330b514b43f823d') in 0.002 seconds [static and dynamic dependencies]. Details - ImportResultOutputID=354fe8c5793bb46d283ce80b594a0635 DependenciesID=558414df1fc8aaa50e7cd93275ab3fc4 StaticDependenciesID=0dcf1f7f92682041ab94fe64c47dbe8d 
Number of updated asset objects reloaded before import = 0
Number of asset objects unloaded after import = 0
========================================================================
Received Import Request.
  Time of request: 2026-09-27T03:54:23.9246584Z
  Time since last request: 0.0006512 seconds.
  importAddress: GUID: e5f4a89476c1448abc7e0a9719b13b36 - Path: Packages/com.unity.test-framework/UnityEditor.TestRunner/GUI/TestAssets/IFolderPathTestCompilationContextProvider.cs - Importer: ScriptedImporter/UnityEditor.QuickSearchModule:UnityEditor.Search:ASIAI0B
Importing 'GUID: e5f4a89476c1448abc7e0a9719b13b36 - Path: Packages/com.unity.test-framework/UnityEditor.TestRunner/GUI/TestAssets/IFolderPathTestCompilationContextProvider.cs - Importer: ScriptedImporter/UnityEditor.QuickSearchModule:UnityEditor.Search:ASIAI0B' with importer (ScriptedImporter : UnityEditor.QuickSearchModule:UnityEditor.Search:ASIAI0B)
Imported 'GUID: e5f4a89476c1448abc7e0a9719b13b36' -> (Import Result ID: '2f266813830e4326b2d46b894ad2c7e8') in 0.002 seconds [static and dynamic dependencies]. Details - ImportResultOutputID=623a1626aa4998deb45227680ff655a9 DependenciesID=373c6bfaee3dc506315bbe959b9c2ea4 StaticDependenciesID=58fe46f09a28e8eed4b7869f1c2c7b3d 
Number of updated asset objects reloaded before import = 0
Number of asset objects unloaded after import = 0
========================================================================
Received Import Request.
  Time of request: 2026-09-27T03:54:23.9278283Z
  Time since last request: 0.000681 seconds.
  importAddress: GUID: 4400cdda235b4ea48b9078953ffc8e89 - Path: Packages/com.unity.test-framework/UnityEditor.TestRunner/TestRun/Tasks/CreateBootstrapSceneTask.cs - Importer: ScriptedImporter/UnityEditor.QuickSearchModule:UnityEditor.Search:ASIAI0B
Importing 'GUID: 4400cdda235b4ea48b9078953ffc8e89 - Path: Packages/com.unity.test-framework/UnityEditor.TestRunner/TestRun/Tasks/CreateBootstrapSceneTask.cs - Importer: ScriptedImporter/UnityEditor.QuickSearchModule:UnityEditor.Search:ASIAI0B' with importer (ScriptedImporter : UnityEditor.QuickSearchModule:UnityEditor.Search:ASIAI0B)
Imported 'GUID: 4400cdda235b4ea48b9078953ffc8e89' -> (Import Result ID: '26f02af2b7a6409d46fc6e726df8fdba') in 0.002 seconds [static and dynamic dependencies]. Details - ImportResultOutputID=35d1596453726a60f406fd0969dcfa94 DependenciesID=06eb9086eaae3bdd1a4bf319d32a9556 StaticDependenciesID=d20d35ee04f8d29100a83b58fb26e000 
Number of updated asset objects reloaded before import = 0
Number of asset objects unloaded after import = 0
========================================================================
Received Import Request.
  Time of request: 2026-09-27T03:54:23.9313409Z
  Time since last request: 0.0008511 seconds.
  importAddress: GUID: 13b82b28a28254683a40756c27493b61 - Path: Packages/com.unity.test-framework/UnityEditor.TestRunner/TestLaunchers/Helpers/PostbuildCleanupWithJobDataAttributeFinder.cs - Importer: ScriptedImporter/UnityEditor.QuickSearchModule:UnityEditor.Search:ASIAI0B
Importing 'GUID: 13b82b28a28254683a40756c27493b61 - Path: Packages/com.unity.test-framework/UnityEditor.TestRunner/TestLaunchers/Helpers/PostbuildCleanupWithJobDataAttributeFinder.cs - Importer: ScriptedImporter/UnityEditor.QuickSearchModule:UnityEditor.Search:ASIAI0B' with importer (ScriptedImporter : UnityEditor.QuickSearchModule:UnityEditor.Search:ASIAI0B)
Imported 'GUID: 13b82b28a28254683a40756c27493b61' -> (Import Result ID: 'f931169b70e6032f7d5516034114afd5') in 0.003 seconds [static and dynamic dependencies]. Details - ImportResultOutputID=d0bbce347bf58f1cb3ff93d52fd6bc20 DependenciesID=1a8936e08717fa508799835dc7d289d7 StaticDependenciesID=d2cdf3e27a81708b887779c633ce6132 
Number of updated asset objects reloaded before import = 0
Number of asset objects unloaded after import = 0
========================================================================
Received Import Request.
  Time of request: 2026-09-27T03:54:23.934704Z
  Time since last request: 0.0005903 seconds.
  importAddress: GUID: 1a9f3fcee3bd2334593373b00d7b5ca2 - Path: Packages/com.unity.test-framework/UnityEditor.TestRunner/TestRun/Tasks/EnableTestOutLoggerTask.cs - Importer: ScriptedImporter/UnityEditor.QuickSearchModule:UnityEditor.Search:ASIAI0B
Importing 'GUID: 1a9f3fcee3bd2334593373b00d7b5ca2 - Path: Packages/com.unity.test-framework/UnityEditor.TestRunner/TestRun/Tasks/EnableTestOutLoggerTask.cs - Importer: ScriptedImporter/UnityEditor.QuickSearchModule:UnityEditor.Search:ASIAI0B' with importer (ScriptedImporter : UnityEditor.QuickSearchModule:UnityEditor.Search:ASIAI0B)
Imported 'GUID: 1a9f3fcee3bd2334593373b00d7b5ca2' -> (Import Result ID: 'cf63d679bf33a93d2dff6234d688fb1a') in 0.003 seconds [static and dynamic dependencies]. Details - ImportResultOutputID=d86711ae846dc7bbb16b18375756848c DependenciesID=6a8b7ceb3493c550e8832d6d8e016516 StaticDependenciesID=9dde109feb5e1ebb8104541c7a5b683e 
Number of updated asset objects reloaded before import = 0
Number of asset objects unloaded after import = 0
========================================================================
Received Import Request.
  Time of request: 2026-09-27T03:54:23.9383702Z
  Time since last request: 0.0007457 seconds.
  importAddress: GUID: fa19b42bd3dc35e40a618448bd330270 - Path: Packages/com.unity.test-framework/UnityEditor.TestRunner/TestLaunchers/PlatformSetup/StadiaPlatformSetup.cs - Importer: ScriptedImporter/UnityEditor.QuickSearchModule:UnityEditor.Search:ASIAI0B
Importing 'GUID: fa19b42bd3dc35e40a618448bd330270 - Path: Packages/com.unity.test-framework/UnityEditor.TestRunner/TestLaunchers/PlatformSetup/StadiaPlatformSetup.cs - Importer: ScriptedImporter/UnityEditor.QuickSearchModule:UnityEditor.Search:ASIAI0B' with importer (ScriptedImporter : UnityEditor.QuickSearchModule:UnityEditor.Search:ASIAI0B)
Imported 'GUID: fa19b42bd3dc35e40a618448bd330270' -> (Import Result ID: '85eec98f786b5ecd2ec9e9f740f5479e') in 0.003 seconds [static and dynamic dependencies]. Details - ImportResultOutputID=8934c67298aff6f86cfa9c4d12a7af64 DependenciesID=ca89f69161a7e927f2a3c95762fc4f87 StaticDependenciesID=18cd2fcc2f66d1e363963e9ec82586db 
Number of updated asset objects reloaded before import = 0
Number of asset objects unloaded after import = 0
========================================================================
Received Import Request.
  Time of request: 2026-09-27T03:54:23.9418804Z
  Time since last request: 0.0006264 seconds.
  importAddress: GUID: 2a0bd678385f98e4d8eabdfc07d62b4f - Path: Packages/com.unity.test-framework/UnityEditor.TestRunner/TestLaunchers/Helpers/PlayerLauncherBuildOptions.cs - Importer: ScriptedImporter/UnityEditor.QuickSearchModule:UnityEditor.Search:ASIAI0B
Importing 'GUID: 2a0bd678385f98e4d8eabdfc07d62b4f - Path: Packages/com.unity.test-framework/UnityEditor.TestRunner/TestLaunchers/Helpers/PlayerLauncherBuildOptions.cs - Importer: ScriptedImporter/UnityEditor.QuickSearchModule:UnityEditor.Search:ASIAI0B' with importer (ScriptedImporter : UnityEditor.QuickSearchModule:UnityEditor.Search:ASIAI0B)
Imported 'GUID: 2a0bd678385f98e4d8eabdfc07d62b4f' -> (Import Result ID: '55f85832399780a8366be23f94204263') in 0.002 seconds [static and dynamic dependencies]. Details - ImportResultOutputID=b901846d15ae38a4206ea3f3f5f4b437 DependenciesID=846172f23204fb16bb418ec7c226592b StaticDependenciesID=ebbd20659969686aac10e752c89b50e3 
Number of updated asset objects reloaded before import = 0
Number of asset objects unloaded after import = 0
========================================================================
Received Import Request.
  Time of request: 2026-09-27T03:54:23.9454273Z
  Time since last request: 0.0007573 seconds.
  importAddress: GUID: 409ee14a63784dc0ab5d002081211814 - Path: Packages/com.unity.test-framework/UnityEditor.TestRunner/GUI/TestAssets/IActiveFolderTemplateAssetCreator.cs - Importer: ScriptedImporter/UnityEditor.QuickSearchModule:UnityEditor.Search:ASIAI0B
Importing 'GUID: 409ee14a63784dc0ab5d002081211814 - Path: Packages/com.unity.test-framework/UnityEditor.TestRunner/GUI/TestAssets/IActiveFolderTemplateAssetCreator.cs - Importer: ScriptedImporter/UnityEditor.QuickSearchModule:UnityEditor.Search:ASIAI0B' with importer (ScriptedImporter : UnityEditor.QuickSearchModule:UnityEditor.Search:ASIAI0B)
Imported 'GUID: 409ee14a63784dc0ab5d002081211814' -> (Import Result ID: 'eabbddb89b8f0193d49df6bd7424d9e0') in 0.003 seconds [static and dynamic dependencies]. Details - ImportResultOutputID=50b111ce8c540fa005ae043bb01a0a82 DependenciesID=7c73bd67ca78196ca977c610b85efbb1 StaticDependenciesID=b6a5f0ee987cf538595336d8d178232a 
Number of updated asset objects reloaded before import = 0
Number of asset objects unloaded after import = 0
========================================================================
Received Import Request.
  Time of request: 2026-09-27T03:54:23.9490367Z
  Time since last request: 0.0007727 seconds.
  importAddress: GUID: ce567ddbf30368344bc7b80e20cac36e - Path: Packages/com.unity.test-framework/UnityEditor.TestRunner/GUI/TestListTreeView/TestTreeViewItem.cs - Importer: ScriptedImporter/UnityEditor.QuickSearchModule:UnityEditor.Search:ASIAI0B
Importing 'GUID: ce567ddbf30368344bc7b80e20cac36e - Path: Packages/com.unity.test-framework/UnityEditor.TestRunner/GUI/TestListTreeView/TestTreeViewItem.cs - Importer: ScriptedImporter/UnityEditor.QuickSearchModule:UnityEditor.Search:ASIAI0B' with importer (ScriptedImporter : UnityEditor.QuickSearchModule:UnityEditor.Search:ASIAI0B)
Imported 'GUID: ce567ddbf30368344bc7b80e20cac36e' -> (Import Result ID: '1b491fe2b9e10af6f995bbbe109235a8') in 0.002 seconds [static and dynamic dependencies]. Details - ImportResultOutputID=e3a3227fc802a38015135214b1762233 DependenciesID=be85912f6d287bf05b0254f54ccbf869 StaticDependenciesID=f694ef34eefbe8a03eae69f1e92a59be 
Number of updated asset objects reloaded before import = 0
Number of asset objects unloaded after import = 0
========================================================================
Received Import Request.
  Time of request: 2026-09-27T03:54:23.9522134Z
  Time since last request: 0.0006575 seconds.
  importAddress: GUID: 27769e9b00b038d47aefe306a4d20bec - Path: Packages/com.unity.test-framework/UnityEditor.TestRunner/GUI/TestListTreeView/Icons.cs - Importer: ScriptedImporter/UnityEditor.QuickSearchModule:UnityEditor.Search:ASIAI0B
Importing 'GUID: 27769e9b00b038d47aefe306a4d20bec - Path: Packages/com.unity.test-framework/UnityEditor.TestRunner/GUI/TestListTreeView/Icons.cs - Importer: ScriptedImporter/UnityEditor.QuickSearchModule:UnityEditor.Search:ASIAI0B' with importer (ScriptedImporter : UnityEditor.QuickSearchModule:UnityEditor.Search:ASIAI0B)
Imported 'GUID: 27769e9b00b038d47aefe306a4d20bec' -> (Import Result ID: '6ac77450df5bbf2333c1fb9fb0b458e6') in 0.002 seconds [static and dynamic dependencies]. Details - ImportResultOutputID=0d25a8dc1238ea6ac9ed753af2b9ad13 DependenciesID=61b1322b0f19069eaccab89c85282f2c StaticDependenciesID=20105e11eb6f71af5dc4d315cf251ec9 
Number of updated asset objects reloaded before import = 0
Number of asset objects unloaded after import = 0
========================================================================
Received Import Request.
  Time of request: 2026-09-27T03:54:23.9554229Z
  Time since last request: 0.0005735 seconds.
  importAddress: GUID: 9d614808f9add8a4f8e4860db2c7af0d - Path: Packages/com.unity.test-framework/UnityEditor.TestRunner/TestLaunchers/PlatformSetup/IPlatformSetup.cs - Importer: ScriptedImporter/UnityEditor.QuickSearchModule:UnityEditor.Search:ASIAI0B
Importing 'GUID: 9d614808f9add8a4f8e4860db2c7af0d - Path: Packages/com.unity.test-framework/UnityEditor.TestRunner/TestLaunchers/PlatformSetup/IPlatformSetup.cs - Importer: ScriptedImporter/UnityEditor.QuickSearchModule:UnityEditor.Search:ASIAI0B' with importer (ScriptedImporter : UnityEditor.QuickSearchModule:UnityEditor.Search:ASIAI0B)
Imported 'GUID: 9d614808f9add8a4f8e4860db2c7af0d' -> (Import Result ID: 'b89b2e9cb905ca20c0b302e2a531b0b4') in 0.002 seconds [static and dynamic dependencies]. Details - ImportResultOutputID=d327ef56e1eca9d0777a64607761b45f DependenciesID=0da1eb53d11aa2e165e4ebbb6414153a StaticDependenciesID=7e2bf44012a165d76bf219d34427776a 
Number of updated asset objects reloaded before import = 0
Number of asset objects unloaded after import = 0
========================================================================
Received Import Request.
  Time of request: 2026-09-27T03:54:23.9582442Z
  Time since last request: 0.0007458 seconds.
  importAddress: GUID: 6465fa5b49fc4c739059189aca21f391 - Path: Packages/com.unity.test-framework/UnityEditor.TestRunner/TestRun/Tasks/DeleteBootstrapSceneTask.cs - Importer: ScriptedImporter/UnityEditor.QuickSearchModule:UnityEditor.Search:ASIAI0B
Importing 'GUID: 6465fa5b49fc4c739059189aca21f391 - Path: Packages/com.unity.test-framework/UnityEditor.TestRunner/TestRun/Tasks/DeleteBootstrapSceneTask.cs - Importer: ScriptedImporter/UnityEditor.QuickSearchModule:UnityEditor.Search:ASIAI0B' with importer (ScriptedImporter : UnityEditor.QuickSearchModule:UnityEditor.Search:ASIAI0B)
Imported 'GUID: 6465fa5b49fc4c739059189aca21f391' -> (Import Result ID: '6517d81df3ecff954b93944e9a266925') in 0.002 seconds [static and dynamic dependencies]. Details - ImportResultOutputID=4817ea0793cac5825b39f1f7ddc02972 DependenciesID=6d0b2f6e68e4d1ff6a7ce1c4e0655e47 StaticDependenciesID=68cb69c4685b31c9a0c0514cd5b8bd31 
Number of updated asset objects reloaded before import = 0
Number of asset objects unloaded after import = 0
========================================================================
Received Import Request.
  Time of request: 2026-09-27T03:54:23.9615232Z
  Time since last request: 0.0006367 seconds.
  importAddress: GUID: 93eb6389f4fb6924987867ce0bc339ee - Path: Packages/com.unity.test-framework/UnityEditor.TestRunner/TestRun/Tasks/CleanupVerificationTask.cs - Importer: ScriptedImporter/UnityEditor.QuickSearchModule:UnityEditor.Search:ASIAI0B
Importing 'GUID: 93eb6389f4fb6924987867ce0bc339ee - Path: Packages/com.unity.test-framework/UnityEditor.TestRunner/TestRun/Tasks/CleanupVerificationTask.cs - Importer: ScriptedImporter/UnityEditor.QuickSearchModule:UnityEditor.Search:ASIAI0B' with importer (ScriptedImporter : UnityEditor.QuickSearchModule:UnityEditor.Search:ASIAI0B)
Imported 'GUID: 93eb6389f4fb6924987867ce0bc339ee' -> (Import Result ID: 'b05aa4df6b5d42816512463dd28892db') in 0.003 seconds [static and dynamic dependencies]. Details - ImportResultOutputID=9db36dc3bd45937ad06e5b1928d8eff3 DependenciesID=69e4307d27a7454187511bd465ef0f1b StaticDependenciesID=91493ec60df8a7687e278b179ffb4e2b 
Number of updated asset objects reloaded before import = 0
Number of asset objects unloaded after import = 0
========================================================================
Received Import Request.
  Time of request: 2026-09-27T03:54:23.965569Z
  Time since last request: 0.0007749 seconds.
  importAddress: GUID: b93fe5bbea454ae438fcec241c5fa85b - Path: Packages/com.unity.test-framework/UnityEditor.TestRunner/TestRun/Tasks/LegacyPlayerRunTask.cs - Importer: ScriptedImporter/UnityEditor.QuickSearchModule:UnityEditor.Search:ASIAI0B
Importing 'GUID: b93fe5bbea454ae438fcec241c5fa85b - Path: Packages/com.unity.test-framework/UnityEditor.TestRunner/TestRun/Tasks/LegacyPlayerRunTask.cs - Importer: ScriptedImporter/UnityEditor.QuickSearchModule:UnityEditor.Search:ASIAI0B' with importer (ScriptedImporter : UnityEditor.QuickSearchModule:UnityEditor.Search:ASIAI0B)
Imported 'GUID: b93fe5bbea454ae438fcec241c5fa85b' -> (Import Result ID: '123527f74ae03a9608c6f036a2205672') in 0.003 seconds [static and dynamic dependencies]. Details - ImportResultOutputID=30bb7e734cbed9c3b105730cd6bd5f34 DependenciesID=ede9f53ef46e211ecc86f3bb60d24bb5 StaticDependenciesID=f9e9a1e9b6315a756538319a745a217a 
Number of updated asset objects reloaded before import = 0
Number of asset objects unloaded after import = 0
========================================================================
Received Import Request.
  Time of request: 2026-09-27T03:54:23.9690674Z
  Time since last request: 0.0006202 seconds.
  importAddress: GUID: 4769fe1e7475c8843b092338acbcad25 - Path: Packages/com.unity.test-framework/UnityEditor.TestRunner/TestRun/Tasks/PlayModeRunTask.cs - Importer: ScriptedImporter/UnityEditor.QuickSearchModule:UnityEditor.Search:ASIAI0B
Importing 'GUID: 4769fe1e7475c8843b092338acbcad25 - Path: Packages/com.unity.test-framework/UnityEditor.TestRunner/TestRun/Tasks/PlayModeRunTask.cs - Importer: ScriptedImporter/UnityEditor.QuickSearchModule:UnityEditor.Search:ASIAI0B' with importer (ScriptedImporter : UnityEditor.QuickSearchModule:UnityEditor.Search:ASIAI0B)
Imported 'GUID: 4769fe1e7475c8843b092338acbcad25' -> (Import Result ID: '02ce99b07b9fe0cd6c098f95ba9af2c2') in 0.002 seconds [static and dynamic dependencies]. Details - ImportResultOutputID=aaedd2972cc30736c0d6c77ba9c72f27 DependenciesID=eb9435774c72462cb2aaaf10f356b4e3 StaticDependenciesID=3ab426d4d367310ae2f822a905406e33 
Number of updated asset objects reloaded before import = 0
Number of asset objects unloaded after import = 0
========================================================================
Received Import Request.
  Time of request: 2026-09-27T03:54:23.9719964Z
  Time since last request: 0.0005674 seconds.
  importAddress: GUID: aa0bb8f0cb98b43a586f75ce4b79c576 - Path: Packages/com.unity.test-framework/UnityEditor.TestRunner/TestRun/Tasks/PostbuildCleanupWithTestDataTask.cs - Importer: ScriptedImporter/UnityEditor.QuickSearchModule:UnityEditor.Search:ASIAI0B
Importing 'GUID: aa0bb8f0cb98b43a586f75ce4b79c576 - Path: Packages/com.unity.test-framework/UnityEditor.TestRunner/TestRun/Tasks/PostbuildCleanupWithTestDataTask.cs - Importer: ScriptedImporter/UnityEditor.QuickSearchModule:UnityEditor.Search:ASIAI0B' with importer (ScriptedImporter : UnityEditor.QuickSearchModule:UnityEditor.Search:ASIAI0B)
Imported 'GUID: aa0bb8f0cb98b43a586f75ce4b79c576' -> (Import Result ID: 'f1ad1a30622b369396d26a0dcdc30e87') in 0.002 seconds [static and dynamic dependencies]. Details - ImportResultOutputID=39ef978d630ec4157d1d7cc513ee8eca DependenciesID=fb1c837c561e324f557e5a1a2d450ffa StaticDependenciesID=b58ced2ef8b41e9aded8dd923684516a 
Number of updated asset objects reloaded before import = 0
Number of asset objects unloaded after import = 0
========================================================================
Received Import Request.
  Time of request: 2026-09-27T03:54:23.9753905Z
  Time since last request: 0.0008901 seconds.
  importAddress: GUID: 759855a435cd4b22ade51836cc8b00d6 - Path: Packages/com.unity.test-framework/UnityEditor.TestRunner/TestLaunchers/Helpers/FilePathMetaInfo.cs - Importer: ScriptedImporter/UnityEditor.QuickSearchModule:UnityEditor.Search:ASIAI0B
Importing 'GUID: 759855a435cd4b22ade51836cc8b00d6 - Path: Packages/com.unity.test-framework/UnityEditor.TestRunner/TestLaunchers/Helpers/FilePathMetaInfo.cs - Importer: ScriptedImporter/UnityEditor.QuickSearchModule:UnityEditor.Search:ASIAI0B' with importer (ScriptedImporter : UnityEditor.QuickSearchModule:UnityEditor.Search:ASIAI0B)
Imported 'GUID: 759855a435cd4b22ade51836cc8b00d6' -> (Import Result ID: '2ee754661fe3dc4d909772b0be8fd80b') in 0.002 seconds [static and dynamic dependencies]. Details - ImportResultOutputID=252cdb59bd5aeae74f323dc9a52e86e2 DependenciesID=de58fb6ddbfca9023085d4decc1c5020 StaticDependenciesID=aed10fc9fc65a75574195d211bde1aef 
Number of updated asset objects reloaded before import = 0
Number of asset objects unloaded after import = 0
========================================================================
Received Import Request.
  Time of request: 2026-09-27T03:54:23.979106Z
  Time since last request: 0.0009249 seconds.
  importAddress: GUID: 23383565f01f46dfa583710e5108e443 - Path: Packages/com.unity.test-framework/UnityEditor.TestRunner/TestRun/Tasks/MarkRunAsPlayModeTask.cs - Importer: ScriptedImporter/UnityEditor.QuickSearchModule:UnityEditor.Search:ASIAI0B
Importing 'GUID: 23383565f01f46dfa583710e5108e443 - Path: Packages/com.unity.test-framework/UnityEditor.TestRunner/TestRun/Tasks/MarkRunAsPlayModeTask.cs - Importer: ScriptedImporter/UnityEditor.QuickSearchModule:UnityEditor.Search:ASIAI0B' with importer (ScriptedImporter : UnityEditor.QuickSearchModule:UnityEditor.Search:ASIAI0B)
Imported 'GUID: 23383565f01f46dfa583710e5108e443' -> (Import Result ID: '47b64339bca9c406929bdf7993b8be08') in 0.002 seconds [static and dynamic dependencies]. Details - ImportResultOutputID=c291a6db88f52cc91aaa70396ece61ca DependenciesID=3331e9ac158278e1882296b07aa9e9f1 StaticDependenciesID=3dbc73e4c22a008a555cb0bcb994db31 
Number of updated asset objects reloaded before import = 0
Number of asset objects unloaded after import = 0
========================================================================
Received Import Request.
  Time of request: 2026-09-27T03:54:24.0080588Z
  Time since last request: 0.0263186 seconds.
  importAddress: GUID: 3936a208997f4266b0b2d48aaca1e904 - Path: Packages/com.unity.test-framework/UnityEditor.TestRunner/UnityTestProtocol/Messages/ScreenSettingsMessage.cs - Importer: ScriptedImporter/UnityEditor.QuickSearchModule:UnityEditor.Search:ASIAI0B
Importing 'GUID: 3936a208997f4266b0b2d48aaca1e904 - Path: Packages/com.unity.test-framework/UnityEditor.TestRunner/UnityTestProtocol/Messages/ScreenSettingsMessage.cs - Importer: ScriptedImporter/UnityEditor.QuickSearchModule:UnityEditor.Search:ASIAI0B' with importer (ScriptedImporter : UnityEditor.QuickSearchModule:UnityEditor.Search:ASIAI0B)
Imported 'GUID: 3936a208997f4266b0b2d48aaca1e904' -> (Import Result ID: 'fc1de730dc30936c1248bf8ff5dd56bb') in 0.002 seconds [static and dynamic dependencies]. Details - ImportResultOutputID=3385495e356c0556054c695209a8465e DependenciesID=2341d53df1d5cb6dd2b6943aaebd078f StaticDependenciesID=e3a67a3861f987e936ef2c7d8ceb04e7 
Number of updated asset objects reloaded before import = 0
Number of asset objects unloaded after import = 0
========================================================================
Received Import Request.
  Time of request: 2026-09-27T03:54:24.0113797Z
  Time since last request: 0.0007679 seconds.
  importAddress: GUID: 2a616b371596515498e05300b6598c6a - Path: Packages/com.unity.test-framework/UnityEngine.TestRunner/NUnitExtensions/Attributes/UnityOneTimeTearDownAttribute.cs - Importer: ScriptedImporter/UnityEditor.QuickSearchModule:UnityEditor.Search:ASIAI0B
Importing 'GUID: 2a616b371596515498e05300b6598c6a - Path: Packages/com.unity.test-framework/UnityEngine.TestRunner/NUnitExtensions/Attributes/UnityOneTimeTearDownAttribute.cs - Importer: ScriptedImporter/UnityEditor.QuickSearchModule:UnityEditor.Search:ASIAI0B' with importer (ScriptedImporter : UnityEditor.QuickSearchModule:UnityEditor.Search:ASIAI0B)
Imported 'GUID: 2a616b371596515498e05300b6598c6a' -> (Import Result ID: '371cb7b21a7336465f7640251b1f05b9') in 0.004 seconds [static and dynamic dependencies]. Details - ImportResultOutputID=3e347f6158465d68ff7c7ddef6fb5608 DependenciesID=e32716fbe4790b340649cbff4cf677db StaticDependenciesID=acd05edb555c4cc00f0a3839c639183b 
Number of updated asset objects reloaded before import = 0
Number of asset objects unloaded after import = 0
========================================================================
Received Import Request.
  Time of request: 2026-09-27T03:54:24.0161481Z
  Time since last request: 0.0006652 seconds.
  importAddress: GUID: 750aad009559b814dbc27001341fc1c3 - Path: Packages/com.unity.test-framework/UnityEngine.TestRunner/NUnitExtensions/Attributes/TestEnumerator.cs - Importer: ScriptedImporter/UnityEditor.QuickSearchModule:UnityEditor.Search:ASIAI0B
Importing 'GUID: 750aad009559b814dbc27001341fc1c3 - Path: Packages/com.unity.test-framework/UnityEngine.TestRunner/NUnitExtensions/Attributes/TestEnumerator.cs - Importer: ScriptedImporter/UnityEditor.QuickSearchModule:UnityEditor.Search:ASIAI0B' with importer (ScriptedImporter : UnityEditor.QuickSearchModule:UnityEditor.Search:ASIAI0B)
Imported 'GUID: 750aad009559b814dbc27001341fc1c3' -> (Import Result ID: 'b78ac6e1062f980896d8dd5a0474d86d') in 0.002 seconds [static and dynamic dependencies]. Details - ImportResultOutputID=6fcc59547806d7030a8e37d7e909cb20 DependenciesID=f98bc2d63fbc1f1f5b7490e7c19511a0 StaticDependenciesID=7be1bf3c22cad09e5c193962e27fbdb1 
Number of updated asset objects reloaded before import = 0
Number of asset objects unloaded after import = 0
========================================================================
Received Import Request.
  Time of request: 2026-09-27T03:54:24.0192059Z
  Time since last request: 0.0005842 seconds.
  importAddress: GUID: cc0ce06a7515c044bb8db4c75db84114 - Path: Packages/com.unity.test-framework/UnityEditor.TestRunner/TestRun/Tasks/SaveUndoIndexTask.cs - Importer: ScriptedImporter/UnityEditor.QuickSearchModule:UnityEditor.Search:ASIAI0B
Importing 'GUID: cc0ce06a7515c044bb8db4c75db84114 - Path: Packages/com.unity.test-framework/UnityEditor.TestRunner/TestRun/Tasks/SaveUndoIndexTask.cs - Importer: ScriptedImporter/UnityEditor.QuickSearchModule:UnityEditor.Search:ASIAI0B' with importer (ScriptedImporter : UnityEditor.QuickSearchModule:UnityEditor.Search:ASIAI0B)
Imported 'GUID: cc0ce06a7515c044bb8db4c75db84114' -> (Import Result ID: '67ecd31125fc3a670bc64c162befce2a') in 0.002 seconds [static and dynamic dependencies]. Details - ImportResultOutputID=83bb119193a530e0f04b2b3ee3b25d4a DependenciesID=e30664f3d4244f70887d862602427e16 StaticDependenciesID=3c80caa06655f6d5c6d2fbafe3982550 
Number of updated asset objects reloaded before import = 0
Number of asset objects unloaded after import = 0
========================================================================
Received Import Request.
  Time of request: 2026-09-27T03:54:24.022624Z
  Time since last request: 0.0007208 seconds.
  importAddress: GUID: c82a8473f4a8f7b42a004c91e06d2f2b - Path: Packages/com.unity.test-framework/UnityEngine.TestRunner/NUnitExtensions/Attributes/ConditionalIgnoreAttribute.cs - Importer: ScriptedImporter/UnityEditor.QuickSearchModule:UnityEditor.Search:ASIAI0B
Importing 'GUID: c82a8473f4a8f7b42a004c91e06d2f2b - Path: Packages/com.unity.test-framework/UnityEngine.TestRunner/NUnitExtensions/Attributes/ConditionalIgnoreAttribute.cs - Importer: ScriptedImporter/UnityEditor.QuickSearchModule:UnityEditor.Search:ASIAI0B' with importer (ScriptedImporter : UnityEditor.QuickSearchModule:UnityEditor.Search:ASIAI0B)
Imported 'GUID: c82a8473f4a8f7b42a004c91e06d2f2b' -> (Import Result ID: '0ceb17a2b51ce95005b9b0fd33bcbc8e') in 0.003 seconds [static and dynamic dependencies]. Details - ImportResultOutputID=1e5b7265bf931c8877dbc7a440f55756 DependenciesID=161f2bc4f3b326128f644a714dcfb8d2 StaticDependenciesID=9315fa9bbe77883d9ecf92f27ef9ce3c 
Number of updated asset objects reloaded before import = 0
Number of asset objects unloaded after import = 0
========================================================================
Received Import Request.
  Time of request: 2026-09-27T03:54:24.0261309Z
  Time since last request: 0.0004931 seconds.
  importAddress: GUID: 528c8790cf844716aead80624be893aa - Path: Packages/com.unity.test-framework/UnityEngine.TestRunner/NUnitExtensions/Attributes/PreservedValuesAttribute.cs - Importer: ScriptedImporter/UnityEditor.QuickSearchModule:UnityEditor.Search:ASIAI0B
Importing 'GUID: 528c8790cf844716aead80624be893aa - Path: Packages/com.unity.test-framework/UnityEngine.TestRunner/NUnitExtensions/Attributes/PreservedValuesAttribute.cs - Importer: ScriptedImporter/UnityEditor.QuickSearchModule:UnityEditor.Search:ASIAI0B' with importer (ScriptedImporter : UnityEditor.QuickSearchModule:UnityEditor.Search:ASIAI0B)
Imported 'GUID: 528c8790cf844716aead80624be893aa' -> (Import Result ID: '4cf4c078445e912afb4b2a138540c990') in 0.002 seconds [static and dynamic dependencies]. Details - ImportResultOutputID=7cf820f2bf399395347e3c02ea1ec722 DependenciesID=eabed4a1fef86bdef4fc0ff8fe149592 StaticDependenciesID=5db21d4890e2c45b46f268db69e06a98 
Number of updated asset objects reloaded before import = 0
Number of asset objects unloaded after import = 0
========================================================================
Received Import Request.
  Time of request: 2026-09-27T03:54:24.0293341Z
  Time since last request: 0.0008176 seconds.
  importAddress: GUID: 3710fe6aef52449b9c9bbf0b17ae6960 - Path: Packages/com.unity.test-framework/UnityEditor.TestRunner/TestRun/Tasks/SetInteractionModeTask.cs - Importer: ScriptedImporter/UnityEditor.QuickSearchModule:UnityEditor.Search:ASIAI0B
Importing 'GUID: 3710fe6aef52449b9c9bbf0b17ae6960 - Path: Packages/com.unity.test-framework/UnityEditor.TestRunner/TestRun/Tasks/SetInteractionModeTask.cs - Importer: ScriptedImporter/UnityEditor.QuickSearchModule:UnityEditor.Search:ASIAI0B' with importer (ScriptedImporter : UnityEditor.QuickSearchModule:UnityEditor.Search:ASIAI0B)
Imported 'GUID: 3710fe6aef52449b9c9bbf0b17ae6960' -> (Import Result ID: 'f4259d8e4444378b0c7b2fcfbd768214') in 0.003 seconds [static and dynamic dependencies]. Details - ImportResultOutputID=c413f949eb4952bb74245e2f70969684 DependenciesID=009584bf692b15e6e47fb683aa862290 StaticDependenciesID=3206787c1b4a5202ed61f1328d559e2d 
Number of updated asset objects reloaded before import = 0
Number of asset objects unloaded after import = 0
========================================================================
Received Import Request.
  Time of request: 2026-09-27T03:54:24.0335395Z
  Time since last request: 0.000833 seconds.
  importAddress: GUID: 423fe2ef878fa1140a7e1f7f9e365815 - Path: Packages/com.unity.test-framework/UnityEditor.TestRunner/UnityTestProtocol/Messages/TestFinishedMessage.cs - Importer: ScriptedImporter/UnityEditor.QuickSearchModule:UnityEditor.Search:ASIAI0B
Importing 'GUID: 423fe2ef878fa1140a7e1f7f9e365815 - Path: Packages/com.unity.test-framework/UnityEditor.TestRunner/UnityTestProtocol/Messages/TestFinishedMessage.cs - Importer: ScriptedImporter/UnityEditor.QuickSearchModule:UnityEditor.Search:ASIAI0B' with importer (ScriptedImporter : UnityEditor.QuickSearchModule:UnityEditor.Search:ASIAI0B)
Imported 'GUID: 423fe2ef878fa1140a7e1f7f9e365815' -> (Import Result ID: '6b25948858e2faa833475fde11d6bb06') in 0.002 seconds [static and dynamic dependencies]. Details - ImportResultOutputID=96a4863e7ab047d28d9caa9edce2c924 DependenciesID=ba2e00a452b7fdefbe5519cc2d516796 StaticDependenciesID=b5739470981549a9426d026a5699d45f 
Number of updated asset objects reloaded before import = 0
Number of asset objects unloaded after import = 0
========================================================================
Received Import Request.
  Time of request: 2026-09-27T03:54:24.0365201Z
  Time since last request: 0.0006351 seconds.
  importAddress: GUID: 9f33b8e923ff41deaa73bc2c1f90d9a1 - Path: Packages/com.unity.test-framework/UnityEditor.TestRunner/UnityTestProtocol/Messages/PlayerSystemInfoMessage.cs - Importer: ScriptedImporter/UnityEditor.QuickSearchModule:UnityEditor.Search:ASIAI0B
Importing 'GUID: 9f33b8e923ff41deaa73bc2c1f90d9a1 - Path: Packages/com.unity.test-framework/UnityEditor.TestRunner/UnityTestProtocol/Messages/PlayerSystemInfoMessage.cs - Importer: ScriptedImporter/UnityEditor.QuickSearchModule:UnityEditor.Search:ASIAI0B' with importer (ScriptedImporter : UnityEditor.QuickSearchModule:UnityEditor.Search:ASIAI0B)
Imported 'GUID: 9f33b8e923ff41deaa73bc2c1f90d9a1' -> (Import Result ID: '306aeba62d2e497087dc1ace5decac98') in 0.003 seconds [static and dynamic dependencies]. Details - ImportResultOutputID=ed16dd012791900b544e2eab971bdb46 DependenciesID=c228bfbc3d35caf9aa1942e090a87f36 StaticDependenciesID=887276e85bb3860acc5df9250c434a27 
Number of updated asset objects reloaded before import = 0
Number of asset objects unloaded after import = 0
========================================================================
Received Import Request.
  Time of request: 2026-09-27T03:54:24.040029Z
  Time since last request: 0.0006706 seconds.
  importAddress: GUID: 28c8fcb831e6e734a9f564bc4f495eba - Path: Packages/com.unity.test-framework/UnityEditor.TestRunner/TestRunner/Utils/IEditorCompilationInterfaceProxy.cs - Importer: ScriptedImporter/UnityEditor.QuickSearchModule:UnityEditor.Search:ASIAI0B
Importing 'GUID: 28c8fcb831e6e734a9f564bc4f495eba - Path: Packages/com.unity.test-framework/UnityEditor.TestRunner/TestRunner/Utils/IEditorCompilationInterfaceProxy.cs - Importer: ScriptedImporter/UnityEditor.QuickSearchModule:UnityEditor.Search:ASIAI0B' with importer (ScriptedImporter : UnityEditor.QuickSearchModule:UnityEditor.Search:ASIAI0B)
Imported 'GUID: 28c8fcb831e6e734a9f564bc4f495eba' -> (Import Result ID: 'eef5a7253534de55819ef8dd2dbc2047') in 0.002 seconds [static and dynamic dependencies]. Details - ImportResultOutputID=99d5b46a8c185a90f89d10040212348f DependenciesID=e170e675c6663c0cccba2fe51672682d StaticDependenciesID=7f22ee7c5d5a2a56474add629a68c290 
Number of updated asset objects reloaded before import = 0
Number of asset objects unloaded after import = 0
========================================================================
Received Import Request.
  Time of request: 2026-09-27T03:54:24.0434339Z
  Time since last request: 0.0006835 seconds.
  importAddress: GUID: bd3e81baa10021f4d877fa36382bab16 - Path: Packages/com.unity.test-framework/UnityEditor.TestRunner/UnityTestProtocol/Messages/TestStartedMessage.cs - Importer: ScriptedImporter/UnityEditor.QuickSearchModule:UnityEditor.Search:ASIAI0B
Importing 'GUID: bd3e81baa10021f4d877fa36382bab16 - Path: Packages/com.unity.test-framework/UnityEditor.TestRunner/UnityTestProtocol/Messages/TestStartedMessage.cs - Importer: ScriptedImporter/UnityEditor.QuickSearchModule:UnityEditor.Search:ASIAI0B' with importer (ScriptedImporter : UnityEditor.QuickSearchModule:UnityEditor.Search:ASIAI0B)
Imported 'GUID: bd3e81baa10021f4d877fa36382bab16' -> (Import Result ID: 'ac2712656877b77a929f3acc525606da') in 0.002 seconds [static and dynamic dependencies]. Details - ImportResultOutputID=70aae81d5b3b61ae63fe649fb98771c2 DependenciesID=718871274e73101a27bf765fc5b65b5a StaticDependenciesID=80b36fb42a0e7bc3e551e7bdc37c2ac1 
Number of updated asset objects reloaded before import = 0
Number of asset objects unloaded after import = 0
========================================================================
Received Import Request.
  Time of request: 2026-09-27T03:54:24.0464635Z
  Time since last request: 0.0007309 seconds.
  importAddress: GUID: cc6401f13df54ba44bfd7cdc93c7d64d - Path: Packages/com.unity.test-framework/UnityEngine.TestRunner/NUnitExtensions/Attributes/UnitySetUpAttribute.cs - Importer: ScriptedImporter/UnityEditor.QuickSearchModule:UnityEditor.Search:ASIAI0B
Importing 'GUID: cc6401f13df54ba44bfd7cdc93c7d64d - Path: Packages/com.unity.test-framework/UnityEngine.TestRunner/NUnitExtensions/Attributes/UnitySetUpAttribute.cs - Importer: ScriptedImporter/UnityEditor.QuickSearchModule:UnityEditor.Search:ASIAI0B' with importer (ScriptedImporter : UnityEditor.QuickSearchModule:UnityEditor.Search:ASIAI0B)
Imported 'GUID: cc6401f13df54ba44bfd7cdc93c7d64d' -> (Import Result ID: 'b62375c3e7923862d634713b6dc3c516') in 0.002 seconds [static and dynamic dependencies]. Details - ImportResultOutputID=19da92197a6d3f79e405097d2bc0ac33 DependenciesID=7315ac9195c9b8b99badcecf9f4abd9b StaticDependenciesID=8a1b186c2777e84459e28d2cfb1a81aa 
Number of updated asset objects reloaded before import = 0
Number of asset objects unloaded after import = 0
========================================================================
Received Import Request.
  Time of request: 2026-09-27T03:54:24.0498291Z
  Time since last request: 0.0006648 seconds.
  importAddress: GUID: b1694e597ba745169b292914291c136b - Path: Packages/com.unity.test-framework/UnityEditor.TestRunner/TestRun/Tasks/PreparePlayModeRunTask.cs - Importer: ScriptedImporter/UnityEditor.QuickSearchModule:UnityEditor.Search:ASIAI0B
Importing 'GUID: b1694e597ba745169b292914291c136b - Path: Packages/com.unity.test-framework/UnityEditor.TestRunner/TestRun/Tasks/PreparePlayModeRunTask.cs - Importer: ScriptedImporter/UnityEditor.QuickSearchModule:UnityEditor.Search:ASIAI0B' with importer (ScriptedImporter : UnityEditor.QuickSearchModule:UnityEditor.Search:ASIAI0B)
Imported 'GUID: b1694e597ba745169b292914291c136b' -> (Import Result ID: '5b96d242f2a0c531417bbf536a43b7bb') in 0.002 seconds [static and dynamic dependencies]. Details - ImportResultOutputID=47edef60e4660c56b20e68713d32f7df DependenciesID=d5b9cc8e134098d39cb5fcf36353b5df StaticDependenciesID=7ca87d9424ed9e8276d622cddfe04f32 
Number of updated asset objects reloaded before import = 0
Number of asset objects unloaded after import = 0
========================================================================
Received Import Request.
  Time of request: 2026-09-27T03:54:24.0528859Z
  Time since last request: 0.000662 seconds.
  importAddress: GUID: ff0aad009559b814ffc27001341fc1c3 - Path: Packages/com.unity.test-framework/UnityEngine.TestRunner/NUnitExtensions/Attributes/EnumeratorHelper.cs - Importer: ScriptedImporter/UnityEditor.QuickSearchModule:UnityEditor.Search:ASIAI0B
Importing 'GUID: ff0aad009559b814ffc27001341fc1c3 - Path: Packages/com.unity.test-framework/UnityEngine.TestRunner/NUnitExtensions/Attributes/EnumeratorHelper.cs - Importer: ScriptedImporter/UnityEditor.QuickSearchModule:UnityEditor.Search:ASIAI0B' with importer (ScriptedImporter : UnityEditor.QuickSearchModule:UnityEditor.Search:ASIAI0B)
Imported 'GUID: ff0aad009559b814ffc27001341fc1c3' -> (Import Result ID: '8bf9fea534da3bb431149d0727bdc212') in 0.003 seconds [static and dynamic dependencies]. Details - ImportResultOutputID=17b6e8e0418a6e4cb36a96eaa2920089 DependenciesID=2626758de2ace89a2af07b10d5fd343b StaticDependenciesID=41aa532b1db034c3a84ba42fcd3847e7 
Number of updated asset objects reloaded before import = 0
Number of asset objects unloaded after import = 0
========================================================================
Received Import Request.
  Time of request: 2026-09-27T03:54:24.0579105Z
  Time since last request: 0.0001407 seconds.
  importAddress: GUID: aa5e75ed0aae4030a1720d08f7a5322e - Path: Packages/com.unity.test-framework/UnityEditor.TestRunner/UnityTestProtocol/Messages/PlayerSettingsMessage.cs - Importer: ScriptedImporter/UnityEditor.QuickSearchModule:UnityEditor.Search:ASIAI0B
Importing 'GUID: aa5e75ed0aae4030a1720d08f7a5322e - Path: Packages/com.unity.test-framework/UnityEditor.TestRunner/UnityTestProtocol/Messages/PlayerSettingsMessage.cs - Importer: ScriptedImporter/UnityEditor.QuickSearchModule:UnityEditor.Search:ASIAI0B' with importer (ScriptedImporter : UnityEditor.QuickSearchModule:UnityEditor.Search:ASIAI0B)
Imported 'GUID: aa5e75ed0aae4030a1720d08f7a5322e' -> (Import Result ID: '76d27e89163427f4134cc676933fd23f') in 0.003 seconds [static and dynamic dependencies]. Details - ImportResultOutputID=2b50bc47bf8878261103dddf34ae119b DependenciesID=8a34bc483a0c82791f680af2229b355e StaticDependenciesID=8821ac3868c342112ce00680aa35a260 
Number of updated asset objects reloaded before import = 0
Number of asset objects unloaded after import = 0
========================================================================
Received Import Request.
  Time of request: 2026-09-27T03:54:24.0616832Z
  Time since last request: 0.000864 seconds.
  importAddress: GUID: 9945ffed4692c6044b6d3acf81efd694 - Path: Packages/com.unity.test-framework/UnityEngine.TestRunner/Assertions/LogScope/LogMatch.cs - Importer: ScriptedImporter/UnityEditor.QuickSearchModule:UnityEditor.Search:ASIAI0B
Importing 'GUID: 9945ffed4692c6044b6d3acf81efd694 - Path: Packages/com.unity.test-framework/UnityEngine.TestRunner/Assertions/LogScope/LogMatch.cs - Importer: ScriptedImporter/UnityEditor.QuickSearchModule:UnityEditor.Search:ASIAI0B' with importer (ScriptedImporter : UnityEditor.QuickSearchModule:UnityEditor.Search:ASIAI0B)
Imported 'GUID: 9945ffed4692c6044b6d3acf81efd694' -> (Import Result ID: '20cd6bfacd3af5af4bc587e8b5d66435') in 0.003 seconds [static and dynamic dependencies]. Details - ImportResultOutputID=fcbd4e182e0ec7f7259a82741c12defe DependenciesID=eef7e5078663e253c2fd68486a4840f5 StaticDependenciesID=de3ddb5f0b655cd56a6ed1b9d1f468c9 
Number of updated asset objects reloaded before import = 0
Number of asset objects unloaded after import = 0
========================================================================
Received Import Request.
  Time of request: 2026-09-27T03:54:24.0655067Z
  Time since last request: 0.0007885 seconds.
  importAddress: GUID: 98808b11e78f6c84a841a6b4bc5a29d2 - Path: Packages/com.unity.test-framework/UnityEditor.TestRunner/TestRunner/Utils/IEditorAssembliesProxy.cs - Importer: ScriptedImporter/UnityEditor.QuickSearchModule:UnityEditor.Search:ASIAI0B
Importing 'GUID: 98808b11e78f6c84a841a6b4bc5a29d2 - Path: Packages/com.unity.test-framework/UnityEditor.TestRunner/TestRunner/Utils/IEditorAssembliesProxy.cs - Importer: ScriptedImporter/UnityEditor.QuickSearchModule:UnityEditor.Search:ASIAI0B' with importer (ScriptedImporter : UnityEditor.QuickSearchModule:UnityEditor.Search:ASIAI0B)
Imported 'GUID: 98808b11e78f6c84a841a6b4bc5a29d2' -> (Import Result ID: '6ff99b4ea0a6715db2de8dbe4cef322d') in 0.002 seconds [static and dynamic dependencies]. Details - ImportResultOutputID=c72e081a334f9b1553948e3b5c8580a2 DependenciesID=8eb2cb3e2922a85ebfac7f17a6764eac StaticDependenciesID=e10b73fa3c611ebcbb3e4de6846fa693 
Number of updated asset objects reloaded before import = 0
Number of asset objects unloaded after import = 0
========================================================================
Received Import Request.
  Time of request: 2026-09-27T03:54:24.0683875Z
  Time since last request: 0.0008066 seconds.
  importAddress: GUID: a398fde47a0349a40a9bdf8988c392c9 - Path: Packages/com.unity.test-framework/UnityEditor.TestRunner/TestRun/Tasks/RegisterFilesForCleanupVerificationTask.cs - Importer: ScriptedImporter/UnityEditor.QuickSearchModule:UnityEditor.Search:ASIAI0B
Importing 'GUID: a398fde47a0349a40a9bdf8988c392c9 - Path: Packages/com.unity.test-framework/UnityEditor.TestRunner/TestRun/Tasks/RegisterFilesForCleanupVerificationTask.cs - Importer: ScriptedImporter/UnityEditor.QuickSearchModule:UnityEditor.Search:ASIAI0B' with importer (ScriptedImporter : UnityEditor.QuickSearchModule:UnityEditor.Search:ASIAI0B)
Imported 'GUID: a398fde47a0349a40a9bdf8988c392c9' -> (Import Result ID: '9921d1ca909e5dabbaee25370f6e44cb') in 0.003 seconds [static and dynamic dependencies]. Details - ImportResultOutputID=f8cce63706795c910d8c72bce90e3927 DependenciesID=f8f45e68b9643265988c6d397cf6bd41 StaticDependenciesID=35a6c7ec08c4327246cdefc32ac1e329 
Number of updated asset objects reloaded before import = 0
Number of asset objects unloaded after import = 0
========================================================================
Received Import Request.
  Time of request: 2026-09-27T03:54:24.0720547Z
  Time since last request: 0.0008142 seconds.
  importAddress: GUID: 4bbc17b35884fdf468e4b52ae4222882 - Path: Packages/com.unity.test-framework/UnityEngine.TestRunner/Assertions/LogScope/LogScope.cs - Importer: ScriptedImporter/UnityEditor.QuickSearchModule:UnityEditor.Search:ASIAI0B
Importing 'GUID: 4bbc17b35884fdf468e4b52ae4222882 - Path: Packages/com.unity.test-framework/UnityEngine.TestRunner/Assertions/LogScope/LogScope.cs - Importer: ScriptedImporter/UnityEditor.QuickSearchModule:UnityEditor.Search:ASIAI0B' with importer (ScriptedImporter : UnityEditor.QuickSearchModule:UnityEditor.Search:ASIAI0B)
Imported 'GUID: 4bbc17b35884fdf468e4b52ae4222882' -> (Import Result ID: '5067fa1be84a17d778865d4f1a5c8578') in 0.003 seconds [static and dynamic dependencies]. Details - ImportResultOutputID=c2a775134cdb1168e14502467fc98ec6 DependenciesID=186290ff709b01e004aa877321ca33d6 StaticDependenciesID=28e8db9e6c299cdd2c6f1d27de6eeef0 
Number of updated asset objects reloaded before import = 0
Number of asset objects unloaded after import = 0
========================================================================
Received Import Request.
  Time of request: 2026-09-27T03:54:24.0758551Z
  Time since last request: 0.0006427 seconds.
  importAddress: GUID: 5db0e0c612cd489a89d330acbc4ac585 - Path: Packages/com.unity.test-framework/UnityEditor.TestRunner/TestRun/Tasks/ResetInteractionModeTask.cs - Importer: ScriptedImporter/UnityEditor.QuickSearchModule:UnityEditor.Search:ASIAI0B
Importing 'GUID: 5db0e0c612cd489a89d330acbc4ac585 - Path: Packages/com.unity.test-framework/UnityEditor.TestRunner/TestRun/Tasks/ResetInteractionModeTask.cs - Importer: ScriptedImporter/UnityEditor.QuickSearchModule:UnityEditor.Search:ASIAI0B' with importer (ScriptedImporter : UnityEditor.QuickSearchModule:UnityEditor.Search:ASIAI0B)
Imported 'GUID: 5db0e0c612cd489a89d330acbc4ac585' -> (Import Result ID: 'baa180fa089ec48197303d8b3c22feee') in 0.003 seconds [static and dynamic dependencies]. Details - ImportResultOutputID=01307e7dd6a2588d3719d5e8f58024fb DependenciesID=a87b94eb86126d0b854643df8bfce5ac StaticDependenciesID=04d739abc6f5939d215a5b95521d66db 
Number of updated asset objects reloaded before import = 0
Number of asset objects unloaded after import = 0
========================================================================
Received Import Request.
  Time of request: 2026-09-27T03:54:24.0796769Z
  Time since last request: 0.0007649 seconds.
  importAddress: GUID: 82075836be5e0c64bbe84e1f9436682e - Path: Packages/com.unity.test-framework/UnityEditor.TestRunner/TestRunner/Callbacks/WindowResultUpdaterDataHolder.cs - Importer: ScriptedImporter/UnityEditor.QuickSearchModule:UnityEditor.Search:ASIAI0B
Importing 'GUID: 82075836be5e0c64bbe84e1f9436682e - Path: Packages/com.unity.test-framework/UnityEditor.TestRunner/TestRunner/Callbacks/WindowResultUpdaterDataHolder.cs - Importer: ScriptedImporter/UnityEditor.QuickSearchModule:UnityEditor.Search:ASIAI0B' with importer (ScriptedImporter : UnityEditor.QuickSearchModule:UnityEditor.Search:ASIAI0B)
Imported 'GUID: 82075836be5e0c64bbe84e1f9436682e' -> (Import Result ID: '2ebf27a93aa199017d6f3eed728dd467') in 0.002 seconds [static and dynamic dependencies]. Details - ImportResultOutputID=5c827336135d088af36d58ec056583b1 DependenciesID=d20b79cf978701de4e86373780f31ed1 StaticDependenciesID=3c0fb44eaf8bd3ebd9165764dfe85c09 
Number of updated asset objects reloaded before import = 0
Number of asset objects unloaded after import = 0
========================================================================
Received Import Request.
  Time of request: 2026-09-27T03:54:24.0831715Z
  Time since last request: 0.0008318 seconds.
  importAddress: GUID: 25d1ed297163243c4a20d6321d057844 - Path: Packages/com.unity.test-framework/UnityEditor.TestRunner/TestRun/Tasks/PrebuildSetupWithTestDataTask.cs - Importer: ScriptedImporter/UnityEditor.QuickSearchModule:UnityEditor.Search:ASIAI0B
Importing 'GUID: 25d1ed297163243c4a20d6321d057844 - Path: Packages/com.unity.test-framework/UnityEditor.TestRunner/TestRun/Tasks/PrebuildSetupWithTestDataTask.cs - Importer: ScriptedImporter/UnityEditor.QuickSearchModule:UnityEditor.Search:ASIAI0B' with importer (ScriptedImporter : UnityEditor.QuickSearchModule:UnityEditor.Search:ASIAI0B)
Imported 'GUID: 25d1ed297163243c4a20d6321d057844' -> (Import Result ID: '6d049b764deb86fa5454ecff9fffc4dd') in 0.002 seconds [static and dynamic dependencies]. Details - ImportResultOutputID=0b0c01a0e0aae140bb3bbaece7b9706c DependenciesID=bb110b2f53a894e7650338dc2853da96 StaticDependenciesID=b91c6f696c0638a3cb51da0095942f31 
Number of updated asset objects reloaded before import = 0
Number of asset objects unloaded after import = 0
========================================================================
Received Import Request.
  Time of request: 2026-09-27T03:54:24.0863681Z
  Time since last request: 0.0006338 seconds.
  importAddress: GUID: 3504aa04cda851b44a65973f9aead6f7 - Path: Packages/com.unity.test-framework/UnityEngine.TestRunner/Assertions/LogScope/ILogScope.cs - Importer: ScriptedImporter/UnityEditor.QuickSearchModule:UnityEditor.Search:ASIAI0B
Importing 'GUID: 3504aa04cda851b44a65973f9aead6f7 - Path: Packages/com.unity.test-framework/UnityEngine.TestRunner/Assertions/LogScope/ILogScope.cs - Importer: ScriptedImporter/UnityEditor.QuickSearchModule:UnityEditor.Search:ASIAI0B' with importer (ScriptedImporter : UnityEditor.QuickSearchModule:UnityEditor.Search:ASIAI0B)
Imported 'GUID: 3504aa04cda851b44a65973f9aead6f7' -> (Import Result ID: '31a361a60c14249f0543591a8ae2540c') in 0.002 seconds [static and dynamic dependencies]. Details - ImportResultOutputID=e2eb1b553e38f045d9a016d7e5553a7f DependenciesID=95f40981543508be1be8fd6eab8818dc StaticDependenciesID=82f9d13342a570e8253f4015680cf58a 
Number of updated asset objects reloaded before import = 0
Number of asset objects unloaded after import = 0
========================================================================
Received Import Request.
  Time of request: 2026-09-27T03:54:24.0892729Z
  Time since last request: 0.0005979 seconds.
  importAddress: GUID: 9729063e08c4a4e438070c8319aff5f5 - Path: Packages/com.unity.test-framework/UnityEditor.TestRunner/TestRun/Tasks/UnlockReloadAssembliesTask.cs - Importer: ScriptedImporter/UnityEditor.QuickSearchModule:UnityEditor.Search:ASIAI0B
Importing 'GUID: 9729063e08c4a4e438070c8319aff5f5 - Path: Packages/com.unity.test-framework/UnityEditor.TestRunner/TestRun/Tasks/UnlockReloadAssembliesTask.cs - Importer: ScriptedImporter/UnityEditor.QuickSearchModule:UnityEditor.Search:ASIAI0B' with importer (ScriptedImporter : UnityEditor.QuickSearchModule:UnityEditor.Search:ASIAI0B)
Imported 'GUID: 9729063e08c4a4e438070c8319aff5f5' -> (Import Result ID: '3ba1d2668382ee045fd4c73b18158df3') in 0.003 seconds [static and dynamic dependencies]. Details - ImportResultOutputID=1b656794f274e37625c87feca762c3a4 DependenciesID=bea86721a1e4f8a4cdd33e38ccce55cb StaticDependenciesID=8abfc6d5d898bf4e70b5820457874eeb 
Number of updated asset objects reloaded before import = 0
Number of asset objects unloaded after import = 0
========================================================================
Received Import Request.
  Time of request: 2026-09-27T03:54:24.0936486Z
  Time since last request: 0.0006875 seconds.
  importAddress: GUID: f1b6399349763114d9361bc6dfcd025b - Path: Packages/com.unity.test-framework/UnityEditor.TestRunner/TestRunner/Utils/TestListCacheData.cs - Importer: ScriptedImporter/UnityEditor.QuickSearchModule:UnityEditor.Search:ASIAI0B
Importing 'GUID: f1b6399349763114d9361bc6dfcd025b - Path: Packages/com.unity.test-framework/UnityEditor.TestRunner/TestRunner/Utils/TestListCacheData.cs - Importer: ScriptedImporter/UnityEditor.QuickSearchModule:UnityEditor.Search:ASIAI0B' with importer (ScriptedImporter : UnityEditor.QuickSearchModule:UnityEditor.Search:ASIAI0B)
Imported 'GUID: f1b6399349763114d9361bc6dfcd025b' -> (Import Result ID: 'bc999caf4f59b4cacd35695e2f14b685') in 0.003 seconds [static and dynamic dependencies]. Details - ImportResultOutputID=59d439233de341a61c5bf9ad9a712006 DependenciesID=8bcf3a0ce4ed085d3ef4031ff5933748 StaticDependenciesID=2917e224c9dffc2ed7b605c9e640b410 
Number of updated asset objects reloaded before import = 0
Number of asset objects unloaded after import = 0
========================================================================
Received Import Request.
  Time of request: 2026-09-27T03:54:24.0976334Z
  Time since last request: 0.0007912 seconds.
  importAddress: GUID: 3b3dcba2081245eb916aee8fd3459fc8 - Path: Packages/com.unity.test-framework/UnityEditor.TestRunner/UnityTestProtocol/Messages/BuildSettingsMessage.cs - Importer: ScriptedImporter/UnityEditor.QuickSearchModule:UnityEditor.Search:ASIAI0B
Importing 'GUID: 3b3dcba2081245eb916aee8fd3459fc8 - Path: Packages/com.unity.test-framework/UnityEditor.TestRunner/UnityTestProtocol/Messages/BuildSettingsMessage.cs - Importer: ScriptedImporter/UnityEditor.QuickSearchModule:UnityEditor.Search:ASIAI0B' with importer (ScriptedImporter : UnityEditor.QuickSearchModule:UnityEditor.Search:ASIAI0B)
Imported 'GUID: 3b3dcba2081245eb916aee8fd3459fc8' -> (Import Result ID: '85dc05f3fff833460d716dade0b67ad3') in 0.003 seconds [static and dynamic dependencies]. Details - ImportResultOutputID=d31ccc239d7c07952ae8b37b2d2c7cb8 DependenciesID=97095aa6cdad80b26ffceea60e065927 StaticDependenciesID=2d3dd3323d43018dcfcef058eda1affc 
Number of updated asset objects reloaded before import = 0
Number of asset objects unloaded after import = 0
========================================================================
Received Import Request.
  Time of request: 2026-09-27T03:54:24.1017791Z
  Time since last request: 0.0009714 seconds.
  importAddress: GUID: e9c53c5109a7498ca4408e53f2593b1a - Path: Packages/com.unity.test-framework/UnityEngine.TestRunner/NUnitExtensions/Attributes/ParametrizedIgnoreAttribute.cs - Importer: ScriptedImporter/UnityEditor.QuickSearchModule:UnityEditor.Search:ASIAI0B
Importing 'GUID: e9c53c5109a7498ca4408e53f2593b1a - Path: Packages/com.unity.test-framework/UnityEngine.TestRunner/NUnitExtensions/Attributes/ParametrizedIgnoreAttribute.cs - Importer: ScriptedImporter/UnityEditor.QuickSearchModule:UnityEditor.Search:ASIAI0B' with importer (ScriptedImporter : UnityEditor.QuickSearchModule:UnityEditor.Search:ASIAI0B)
Imported 'GUID: e9c53c5109a7498ca4408e53f2593b1a' -> (Import Result ID: '3fda902dd59e07986086629a1bfece3a') in 0.002 seconds [static and dynamic dependencies]. Details - ImportResultOutputID=78fba68c2a2c20a2a1644243c0e1ea69 DependenciesID=536eb008585592fdb4e88e74e7c4fb87 StaticDependenciesID=6bc2ab64498717a7a0229a8738357471 
Number of updated asset objects reloaded before import = 0
Number of asset objects unloaded after import = 0
========================================================================
Received Import Request.
  Time of request: 2026-09-27T03:54:24.1048272Z
  Time since last request: 0.0007518 seconds.
  importAddress: GUID: 7af6ac3e6b51b8d4aab04adc85b8de2f - Path: Packages/com.unity.test-framework/UnityEngine.TestRunner/NUnitExtensions/Attributes/UnityCombinatorialStrategy.cs - Importer: ScriptedImporter/UnityEditor.QuickSearchModule:UnityEditor.Search:ASIAI0B
Importing 'GUID: 7af6ac3e6b51b8d4aab04adc85b8de2f - Path: Packages/com.unity.test-framework/UnityEngine.TestRunner/NUnitExtensions/Attributes/UnityCombinatorialStrategy.cs - Importer: ScriptedImporter/UnityEditor.QuickSearchModule:UnityEditor.Search:ASIAI0B' with importer (ScriptedImporter : UnityEditor.QuickSearchModule:UnityEditor.Search:ASIAI0B)
Imported 'GUID: 7af6ac3e6b51b8d4aab04adc85b8de2f' -> (Import Result ID: 'f6837de4935b2632c748dc819feee698') in 0.002 seconds [static and dynamic dependencies]. Details - ImportResultOutputID=9190eecdd427b6b8afd231824d157189 DependenciesID=a4b0be49df68246e3c0d07954844d7b9 StaticDependenciesID=1ca27ee11aa5dc5cb5b2d549838eccb1 
Number of updated asset objects reloaded before import = 0
Number of asset objects unloaded after import = 0
========================================================================
Received Import Request.
  Time of request: 2026-09-27T03:54:24.1081625Z
  Time since last request: 0.0007122 seconds.
  importAddress: GUID: 7b9e2c4a8f1d6b3e5a0c8d2f4e6b1a9c - Path: Packages/com.unity.test-framework/UnityEngine.TestRunner/NUnitExtensions/Attributes/PlayModeTestsAttribute.cs - Importer: ScriptedImporter/UnityEditor.QuickSearchModule:UnityEditor.Search:ASIAI0B
Importing 'GUID: 7b9e2c4a8f1d6b3e5a0c8d2f4e6b1a9c - Path: Packages/com.unity.test-framework/UnityEngine.TestRunner/NUnitExtensions/Attributes/PlayModeTestsAttribute.cs - Importer: ScriptedImporter/UnityEditor.QuickSearchModule:UnityEditor.Search:ASIAI0B' with importer (ScriptedImporter : UnityEditor.QuickSearchModule:UnityEditor.Search:ASIAI0B)
Imported 'GUID: 7b9e2c4a8f1d6b3e5a0c8d2f4e6b1a9c' -> (Import Result ID: '57db35b29c25818f17ac919809d505b9') in 0.002 seconds [static and dynamic dependencies]. Details - ImportResultOutputID=375780fb1f90d8b253671b0c1c8175a2 DependenciesID=0b8da18eed4fbb126fcaa9bb36bc7b0f StaticDependenciesID=ede68a3ab0441d71ecedf355e23cd401 
Number of updated asset objects reloaded before import = 0
Number of asset objects unloaded after import = 0
========================================================================
Received Import Request.
  Time of request: 2026-09-27T03:54:24.1112657Z
  Time since last request: 0.0006402 seconds.
  importAddress: GUID: 6d468ee3657be7a43a2ef2178ec14239 - Path: Packages/com.unity.test-framework/UnityEditor.TestRunner/TestRunner/Callbacks/WindowResultUpdater.cs - Importer: ScriptedImporter/UnityEditor.QuickSearchModule:UnityEditor.Search:ASIAI0B
Importing 'GUID: 6d468ee3657be7a43a2ef2178ec14239 - Path: Packages/com.unity.test-framework/UnityEditor.TestRunner/TestRunner/Callbacks/WindowResultUpdater.cs - Importer: ScriptedImporter/UnityEditor.QuickSearchModule:UnityEditor.Search:ASIAI0B' with importer (ScriptedImporter : UnityEditor.QuickSearchModule:UnityEditor.Search:ASIAI0B)
Imported 'GUID: 6d468ee3657be7a43a2ef2178ec14239' -> (Import Result ID: '4a6347c2854e9ecb0e9c7becdbbb2d5b') in 0.003 seconds [static and dynamic dependencies]. Details - ImportResultOutputID=42639f7e40a6a3b1bd2818e95830c87b DependenciesID=5235edd7b35c0fedcf507a83b406b7d3 StaticDependenciesID=98f60fbd46177e15c53345dda2cc15a9 
Number of updated asset objects reloaded before import = 0
Number of asset objects unloaded after import = 0
========================================================================
Received Import Request.
  Time of request: 2026-09-27T03:54:24.1147632Z
  Time since last request: 0.0005543 seconds.
  importAddress: GUID: 408674d91d506a54aac9a7f07951c018 - Path: Packages/com.unity.test-framework/UnityEditor.TestRunner/TestRunner/Messages/ExitPlayMode.cs - Importer: ScriptedImporter/UnityEditor.QuickSearchModule:UnityEditor.Search:ASIAI0B
Importing 'GUID: 408674d91d506a54aac9a7f07951c018 - Path: Packages/com.unity.test-framework/UnityEditor.TestRunner/TestRunner/Messages/ExitPlayMode.cs - Importer: ScriptedImporter/UnityEditor.QuickSearchModule:UnityEditor.Search:ASIAI0B' with importer (ScriptedImporter : UnityEditor.QuickSearchModule:UnityEditor.Search:ASIAI0B)
Imported 'GUID: 408674d91d506a54aac9a7f07951c018' -> (Import Result ID: '11e71b75d4b4ed72d2a1f3bc319252bc') in 0.002 seconds [static and dynamic dependencies]. Details - ImportResultOutputID=ee80d828bb0a851bd8e7a6db8ac6c546 DependenciesID=b7b567ccfdc554e78f7b0a8aa2c85c74 StaticDependenciesID=0f206f0e693adb6099b0841843c78bac 
Number of updated asset objects reloaded before import = 0
Number of asset objects unloaded after import = 0
========================================================================
Received Import Request.
  Time of request: 2026-09-27T03:54:24.1173432Z
  Time since last request: 0.0006104 seconds.
  importAddress: GUID: fc039194235714f48a39bd364885e744 - Path: Packages/com.unity.test-framework/UnityEditor.TestRunner/TestRun/Tasks/PrebuildSetupTask.cs - Importer: ScriptedImporter/UnityEditor.QuickSearchModule:UnityEditor.Search:ASIAI0B
Importing 'GUID: fc039194235714f48a39bd364885e744 - Path: Packages/com.unity.test-framework/UnityEditor.TestRunner/TestRun/Tasks/PrebuildSetupTask.cs - Importer: ScriptedImporter/UnityEditor.QuickSearchModule:UnityEditor.Search:ASIAI0B' with importer (ScriptedImporter : UnityEditor.QuickSearchModule:UnityEditor.Search:ASIAI0B)
Imported 'GUID: fc039194235714f48a39bd364885e744' -> (Import Result ID: 'cc34d30b864e3934766eb2784d2760c5') in 0.003 seconds [static and dynamic dependencies]. Details - ImportResultOutputID=341d82048ddef9befbb1f4337d9903a2 DependenciesID=d0503ab79e07700bfeab2df3c6fda315 StaticDependenciesID=f03b00a9d12f5cd25a496c576f2b53c6 
Number of updated asset objects reloaded before import = 0
Number of asset objects unloaded after import = 0
========================================================================
Received Import Request.
  Time of request: 2026-09-27T03:54:24.1211795Z
  Time since last request: 0.0009109 seconds.
  importAddress: GUID: c9b23632c77de204abfe8bf7168d48c0 - Path: Packages/com.unity.test-framework/UnityEditor.TestRunner/TestRunner/Utils/EditorCompilationInterfaceProxy.cs - Importer: ScriptedImporter/UnityEditor.QuickSearchModule:UnityEditor.Search:ASIAI0B
Importing 'GUID: c9b23632c77de204abfe8bf7168d48c0 - Path: Packages/com.unity.test-framework/UnityEditor.TestRunner/TestRunner/Utils/EditorCompilationInterfaceProxy.cs - Importer: ScriptedImporter/UnityEditor.QuickSearchModule:UnityEditor.Search:ASIAI0B' with importer (ScriptedImporter : UnityEditor.QuickSearchModule:UnityEditor.Search:ASIAI0B)
Imported 'GUID: c9b23632c77de204abfe8bf7168d48c0' -> (Import Result ID: 'f99b136ee4604ab48cec73c4cf22ef34') in 0.003 seconds [static and dynamic dependencies]. Details - ImportResultOutputID=2bd49f174a06c7c29907e90042d75015 DependenciesID=7e9a38474f69dd6f9bbda59659c0456c StaticDependenciesID=d03d29e7ceff43cb408137942d0aea90 
Number of updated asset objects reloaded before import = 0
Number of asset objects unloaded after import = 0
========================================================================
Received Import Request.
  Time of request: 2026-09-27T03:54:24.1245825Z
  Time since last request: 0.000587 seconds.
  importAddress: GUID: 5df3c21c5237c994db89660fbdfee07d - Path: Packages/com.unity.test-framework/UnityEditor.TestRunner/TestRunner/Messages/WaitForDomainReload.cs - Importer: ScriptedImporter/UnityEditor.QuickSearchModule:UnityEditor.Search:ASIAI0B
Importing 'GUID: 5df3c21c5237c994db89660fbdfee07d - Path: Packages/com.unity.test-framework/UnityEditor.TestRunner/TestRunner/Messages/WaitForDomainReload.cs - Importer: ScriptedImporter/UnityEditor.QuickSearchModule:UnityEditor.Search:ASIAI0B' with importer (ScriptedImporter : UnityEditor.QuickSearchModule:UnityEditor.Search:ASIAI0B)
Imported 'GUID: 5df3c21c5237c994db89660fbdfee07d' -> (Import Result ID: '2ae3cb971dadbca904545c67c3412375') in 0.002 seconds [static and dynamic dependencies]. Details - ImportResultOutputID=2dbc83b59799f15af7f85ec0022ea69f DependenciesID=d61bfb352a1f456606a3cdf35d0e774b StaticDependenciesID=9ee6a0fd8bf1fafadc7381387fb45d43 
Number of updated asset objects reloaded before import = 0
Number of asset objects unloaded after import = 0
========================================================================
Received Import Request.
  Time of request: 2026-09-27T03:54:24.1279376Z
  Time since last request: 0.0008453 seconds.
  importAddress: GUID: d685d97a1eb004f49afea0cc982ff728 - Path: Packages/com.unity.test-framework/UnityEditor.TestRunner/TestRunner/Utils/TestListCache.cs - Importer: ScriptedImporter/UnityEditor.QuickSearchModule:UnityEditor.Search:ASIAI0B
Importing 'GUID: d685d97a1eb004f49afea0cc982ff728 - Path: Packages/com.unity.test-framework/UnityEditor.TestRunner/TestRunner/Utils/TestListCache.cs - Importer: ScriptedImporter/UnityEditor.QuickSearchModule:UnityEditor.Search:ASIAI0B' with importer (ScriptedImporter : UnityEditor.QuickSearchModule:UnityEditor.Search:ASIAI0B)
Imported 'GUID: d685d97a1eb004f49afea0cc982ff728' -> (Import Result ID: '677e8d668e4bb77c2a116286deaf4ee6') in 0.002 seconds [static and dynamic dependencies]. Details - ImportResultOutputID=630b31d93817a6023d15e6a72266b7a5 DependenciesID=41975514554abeac869bccf642bb6acf StaticDependenciesID=37f24c60b45d44fd0743e3e5413359c9 
Number of updated asset objects reloaded before import = 0
Number of asset objects unloaded after import = 0
========================================================================
Received Import Request.
  Time of request: 2026-09-27T03:54:24.1315049Z
  Time since last request: 0.0006636 seconds.
  importAddress: GUID: 02ef7627f46742ae83071af8bf22f1af - Path: Packages/com.unity.test-framework/UnityEditor.TestRunner/UnityTestProtocol/Messages/EditorVersionMessage.cs - Importer: ScriptedImporter/UnityEditor.QuickSearchModule:UnityEditor.Search:ASIAI0B
Importing 'GUID: 02ef7627f46742ae83071af8bf22f1af - Path: Packages/com.unity.test-framework/UnityEditor.TestRunner/UnityTestProtocol/Messages/EditorVersionMessage.cs - Importer: ScriptedImporter/UnityEditor.QuickSearchModule:UnityEditor.Search:ASIAI0B' with importer (ScriptedImporter : UnityEditor.QuickSearchModule:UnityEditor.Search:ASIAI0B)
Imported 'GUID: 02ef7627f46742ae83071af8bf22f1af' -> (Import Result ID: '8fdc93a6191c76a499a524b1001d1ef4') in 0.002 seconds [static and dynamic dependencies]. Details - ImportResultOutputID=bc0f930e0772600c15a1acf47a48e6f0 DependenciesID=72c1828ac039fa75a87f4cd81e204619 StaticDependenciesID=5f26d29d5a83c71b4ffb728839024dae 
Number of updated asset objects reloaded before import = 0
Number of asset objects unloaded after import = 0
========================================================================
Received Import Request.
  Time of request: 2026-09-27T03:54:24.1347526Z
  Time since last request: 0.0005934 seconds.
  importAddress: GUID: dec9066d4afefe444be0dad3f137730d - Path: Packages/com.unity.test-framework/UnityEditor.TestRunner/TestRunner/Utils/TestListJob.cs - Importer: ScriptedImporter/UnityEditor.QuickSearchModule:UnityEditor.Search:ASIAI0B
Importing 'GUID: dec9066d4afefe444be0dad3f137730d - Path: Packages/com.unity.test-framework/UnityEditor.TestRunner/TestRunner/Utils/TestListJob.cs - Importer: ScriptedImporter/UnityEditor.QuickSearchModule:UnityEditor.Search:ASIAI0B' with importer (ScriptedImporter : UnityEditor.QuickSearchModule:UnityEditor.Search:ASIAI0B)
Imported 'GUID: dec9066d4afefe444be0dad3f137730d' -> (Import Result ID: '3fa52416b303b041a05aa4ff8ac013bd') in 0.002 seconds [static and dynamic dependencies]. Details - ImportResultOutputID=477f9b12febda2484f29e8d323c953bb DependenciesID=ca8b3120ced07fb624ec728bf0ee06be StaticDependenciesID=08ebd655059d108d4a47cbb243cf3a4b 
Number of updated asset objects reloaded before import = 0
Number of asset objects unloaded after import = 0
========================================================================
Received Import Request.
  Time of request: 2026-09-27T03:54:24.1381484Z
  Time since last request: 0.0008813 seconds.
  importAddress: GUID: 002201b186864f54ba07f1b2d7841fc7 - Path: Packages/com.unity.test-framework/UnityEngine.TestRunner/NUnitExtensions/Attributes/UnityCoreClrExplicitDisabledAttribute.cs - Importer: ScriptedImporter/UnityEditor.QuickSearchModule:UnityEditor.Search:ASIAI0B
Importing 'GUID: 002201b186864f54ba07f1b2d7841fc7 - Path: Packages/com.unity.test-framework/UnityEngine.TestRunner/NUnitExtensions/Attributes/UnityCoreClrExplicitDisabledAttribute.cs - Importer: ScriptedImporter/UnityEditor.QuickSearchModule:UnityEditor.Search:ASIAI0B' with importer (ScriptedImporter : UnityEditor.QuickSearchModule:UnityEditor.Search:ASIAI0B)
Imported 'GUID: 002201b186864f54ba07f1b2d7841fc7' -> (Import Result ID: '81c782ce4ed93ead46ccaaa89d82af3e') in 0.003 seconds [static and dynamic dependencies]. Details - ImportResultOutputID=9da973b4a1398e4a9c7ae53e78029e33 DependenciesID=57eaa86daee07ce9eb096bd710166753 StaticDependenciesID=9a7619f3bf72b1d861018a35a2579f0a 
Number of updated asset objects reloaded before import = 0
Number of asset objects unloaded after import = 0
========================================================================
Received Import Request.
  Time of request: 2026-09-27T03:54:24.1419028Z
  Time since last request: 0.0007537 seconds.
  importAddress: GUID: d52ad1cdc75642419ac24e88b43a3821 - Path: Packages/com.unity.test-framework/UnityEditor.TestRunner/UnityTestProtocol/Data/PlayerSettings.cs - Importer: ScriptedImporter/UnityEditor.QuickSearchModule:UnityEditor.Search:ASIAI0B
Importing 'GUID: d52ad1cdc75642419ac24e88b43a3821 - Path: Packages/com.unity.test-framework/UnityEditor.TestRunner/UnityTestProtocol/Data/PlayerSettings.cs - Importer: ScriptedImporter/UnityEditor.QuickSearchModule:UnityEditor.Search:ASIAI0B' with importer (ScriptedImporter : UnityEditor.QuickSearchModule:UnityEditor.Search:ASIAI0B)
Imported 'GUID: d52ad1cdc75642419ac24e88b43a3821' -> (Import Result ID: '39218b360a159c883811e6eb22e81855') in 0.003 seconds [static and dynamic dependencies]. Details - ImportResultOutputID=eda9581bfe6ef317d2a148533a25d52c DependenciesID=49ac7b4868f15d809521051f9f803882 StaticDependenciesID=6bec31ab9e5eaba7532d3ca348a56c7e 
Number of updated asset objects reloaded before import = 0
Number of asset objects unloaded after import = 0
========================================================================
Received Import Request.
  Time of request: 2026-09-27T03:54:24.1454235Z
  Time since last request: 0.0007139 seconds.
  importAddress: GUID: 3803f736886e77842995ddbc3531afaa - Path: Packages/com.unity.test-framework/UnityEngine.TestRunner/NUnitExtensions/Attributes/TestMustExpectAllLogsAttribute.cs - Importer: ScriptedImporter/UnityEditor.QuickSearchModule:UnityEditor.Search:ASIAI0B
Importing 'GUID: 3803f736886e77842995ddbc3531afaa - Path: Packages/com.unity.test-framework/UnityEngine.TestRunner/NUnitExtensions/Attributes/TestMustExpectAllLogsAttribute.cs - Importer: ScriptedImporter/UnityEditor.QuickSearchModule:UnityEditor.Search:ASIAI0B' with importer (ScriptedImporter : UnityEditor.QuickSearchModule:UnityEditor.Search:ASIAI0B)
Imported 'GUID: 3803f736886e77842995ddbc3531afaa' -> (Import Result ID: '7db40259dc77d3218a2aedd18c750f98') in 0.003 seconds [static and dynamic dependencies]. Details - ImportResultOutputID=b8dd9830608d5060d5ed4f17cdf17abe DependenciesID=e8a14c3750dc731f26aeb82849d924a1 StaticDependenciesID=ddc0a4d6961dbc98180b478feb16857a 
Number of updated asset objects reloaded before import = 0
Number of asset objects unloaded after import = 0
========================================================================
Received Import Request.
  Time of request: 2026-09-27T03:54:24.1490877Z
  Time since last request: 0.0005825 seconds.
  importAddress: GUID: 01aa6c4633a44c2ca43e69d35747cb80 - Path: Packages/com.unity.test-framework/UnityEditor.TestRunner/TestRun/Tasks/SetupConstructDelegatorTask.cs - Importer: ScriptedImporter/UnityEditor.QuickSearchModule:UnityEditor.Search:ASIAI0B
Importing 'GUID: 01aa6c4633a44c2ca43e69d35747cb80 - Path: Packages/com.unity.test-framework/UnityEditor.TestRunner/TestRun/Tasks/SetupConstructDelegatorTask.cs - Importer: ScriptedImporter/UnityEditor.QuickSearchModule:UnityEditor.Search:ASIAI0B' with importer (ScriptedImporter : UnityEditor.QuickSearchModule:UnityEditor.Search:ASIAI0B)
Imported 'GUID: 01aa6c4633a44c2ca43e69d35747cb80' -> (Import Result ID: '2d97f8cfe61dfafde8b32d1ddea2d6e1') in 0.002 seconds [static and dynamic dependencies]. Details - ImportResultOutputID=73ee14edc2ae81c5dc9408cb5510b486 DependenciesID=ee75073224c0c90f1c466c783e803357 StaticDependenciesID=270148d50ea2d152e4d4959f65756a12 
Number of updated asset objects reloaded before import = 0
Number of asset objects unloaded after import = 0
========================================================================
Received Import Request.
  Time of request: 2026-09-27T03:54:24.1522785Z
  Time since last request: 0.000572 seconds.
  importAddress: GUID: f15cbb987069826429540d0ea0937442 - Path: Packages/com.unity.test-framework/UnityEditor.TestRunner/TestRunner/Utils/TestListProvider.cs - Importer: ScriptedImporter/UnityEditor.QuickSearchModule:UnityEditor.Search:ASIAI0B
Importing 'GUID: f15cbb987069826429540d0ea0937442 - Path: Packages/com.unity.test-framework/UnityEditor.TestRunner/TestRunner/Utils/TestListProvider.cs - Importer: ScriptedImporter/UnityEditor.QuickSearchModule:UnityEditor.Search:ASIAI0B' with importer (ScriptedImporter : UnityEditor.QuickSearchModule:UnityEditor.Search:ASIAI0B)
Imported 'GUID: f15cbb987069826429540d0ea0937442' -> (Import Result ID: '391608b06608e4424d0e3fd6c06d2cfc') in 0.002 seconds [static and dynamic dependencies]. Details - ImportResultOutputID=1599d9735e9c075803f55c57dcfb0a18 DependenciesID=3b119f03e859fb261de8a0431f797637 StaticDependenciesID=a1baeb3ff805a1d29859c2575103db95 
Number of updated asset objects reloaded before import = 0
Number of asset objects unloaded after import = 0
========================================================================
Received Import Request.
  Time of request: 2026-09-27T03:54:24.1554543Z
  Time since last request: 0.0006878 seconds.
  importAddress: GUID: 0f691f67e4ca49a386e31761b0ff8238 - Path: Packages/com.unity.test-framework/UnityEditor.TestRunner/TestRun/Tasks/RestoreProjectSettingsTask.cs - Importer: ScriptedImporter/UnityEditor.QuickSearchModule:UnityEditor.Search:ASIAI0B
Importing 'GUID: 0f691f67e4ca49a386e31761b0ff8238 - Path: Packages/com.unity.test-framework/UnityEditor.TestRunner/TestRun/Tasks/RestoreProjectSettingsTask.cs - Importer: ScriptedImporter/UnityEditor.QuickSearchModule:UnityEditor.Search:ASIAI0B' with importer (ScriptedImporter : UnityEditor.QuickSearchModule:UnityEditor.Search:ASIAI0B)
Imported 'GUID: 0f691f67e4ca49a386e31761b0ff8238' -> (Import Result ID: 'e90c333ec185c34ebc78f6f8e9c05285') in 0.002 seconds [static and dynamic dependencies]. Details - ImportResultOutputID=b7e8eb41dee323dfff5cb429ed0adc28 DependenciesID=c08f1e724c2231a66f4e1b9d3e764da9 StaticDependenciesID=570fee005d6ac293f9cdef0b2ec2d971 
Number of updated asset objects reloaded before import = 0
Number of asset objects unloaded after import = 0
========================================================================
Received Import Request.
  Time of request: 2026-09-27T03:54:24.1589059Z
  Time since last request: 0.0006791 seconds.
  importAddress: GUID: f96d0ea807c081145a1170ed1b6d71e0 - Path: Packages/com.unity.test-framework/UnityEditor.TestRunner/TestRunner/Utils/EditorAssembliesProxy.cs - Importer: ScriptedImporter/UnityEditor.QuickSearchModule:UnityEditor.Search:ASIAI0B
Importing 'GUID: f96d0ea807c081145a1170ed1b6d71e0 - Path: Packages/com.unity.test-framework/UnityEditor.TestRunner/TestRunner/Utils/EditorAssembliesProxy.cs - Importer: ScriptedImporter/UnityEditor.QuickSearchModule:UnityEditor.Search:ASIAI0B' with importer (ScriptedImporter : UnityEditor.QuickSearchModule:UnityEditor.Search:ASIAI0B)
Imported 'GUID: f96d0ea807c081145a1170ed1b6d71e0' -> (Import Result ID: '25f3e56a7c3a4f9854b34ab1deff39f1') in 0.002 seconds [static and dynamic dependencies]. Details - ImportResultOutputID=b9629019824a4751e84ef7c740998a02 DependenciesID=7d05738500a72f5c25d4f606ecfd50e4 StaticDependenciesID=fbf1012335701e0b5d2646d46cf1d695 
Number of updated asset objects reloaded before import = 0
Number of asset objects unloaded after import = 0
========================================================================
Received Import Request.
  Time of request: 2026-09-27T03:54:24.1617444Z
  Time since last request: 0.0006982 seconds.
  importAddress: GUID: 321dc2c0720f8dd4f9396ecdc12b8746 - Path: Packages/com.unity.test-framework/UnityEditor.TestRunner/UnityTestProtocol/Messages/Message.cs - Importer: ScriptedImporter/UnityEditor.QuickSearchModule:UnityEditor.Search:ASIAI0B
Importing 'GUID: 321dc2c0720f8dd4f9396ecdc12b8746 - Path: Packages/com.unity.test-framework/UnityEditor.TestRunner/UnityTestProtocol/Messages/Message.cs - Importer: ScriptedImporter/UnityEditor.QuickSearchModule:UnityEditor.Search:ASIAI0B' with importer (ScriptedImporter : UnityEditor.QuickSearchModule:UnityEditor.Search:ASIAI0B)
Imported 'GUID: 321dc2c0720f8dd4f9396ecdc12b8746' -> (Import Result ID: '5014feac60b5ea1208d578bd81eab6f7') in 0.002 seconds [static and dynamic dependencies]. Details - ImportResultOutputID=e106b61e078e9b86b1d0a65031e72998 DependenciesID=c7e2569a11730e6af8cafa659a31a451 StaticDependenciesID=362d04efe5d6aab88efff3ff9f3c615d 
Number of updated asset objects reloaded before import = 0
Number of asset objects unloaded after import = 0
========================================================================
Received Import Request.
  Time of request: 2026-09-27T03:54:24.164612Z
  Time since last request: 0.0006192 seconds.
  importAddress: GUID: efce3ac61ba34d3590656de761a677e3 - Path: Packages/com.unity.test-framework/UnityEditor.TestRunner/UnityTestProtocol/Data/QualitySettings.cs - Importer: ScriptedImporter/UnityEditor.QuickSearchModule:UnityEditor.Search:ASIAI0B
Importing 'GUID: efce3ac61ba34d3590656de761a677e3 - Path: Packages/com.unity.test-framework/UnityEditor.TestRunner/UnityTestProtocol/Data/QualitySettings.cs - Importer: ScriptedImporter/UnityEditor.QuickSearchModule:UnityEditor.Search:ASIAI0B' with importer (ScriptedImporter : UnityEditor.QuickSearchModule:UnityEditor.Search:ASIAI0B)
Imported 'GUID: efce3ac61ba34d3590656de761a677e3' -> (Import Result ID: 'd088289d2b28f062b6fbb3756f4d1213') in 0.002 seconds [static and dynamic dependencies]. Details - ImportResultOutputID=aded46feed85fdb8486c71670ac38e04 DependenciesID=5460503d927e14ef57035810d41155e9 StaticDependenciesID=59dd51e85697ee3d5d8af805eaba1410 
Number of updated asset objects reloaded before import = 0
Number of asset objects unloaded after import = 0
========================================================================
Received Import Request.
  Time of request: 2026-09-27T03:54:24.1679365Z
  Time since last request: 0.0008364 seconds.
  importAddress: GUID: 033c884ba52437d49bc55935939ef1c6 - Path: Packages/com.unity.test-framework/UnityEditor.TestRunner/TestRunner/Utils/EditorLoadedTestAssemblyProvider.cs - Importer: ScriptedImporter/UnityEditor.QuickSearchModule:UnityEditor.Search:ASIAI0B
Importing 'GUID: 033c884ba52437d49bc55935939ef1c6 - Path: Packages/com.unity.test-framework/UnityEditor.TestRunner/TestRunner/Utils/EditorLoadedTestAssemblyProvider.cs - Importer: ScriptedImporter/UnityEditor.QuickSearchModule:UnityEditor.Search:ASIAI0B' with importer (ScriptedImporter : UnityEditor.QuickSearchModule:UnityEditor.Search:ASIAI0B)
Imported 'GUID: 033c884ba52437d49bc55935939ef1c6' -> (Import Result ID: 'ab0c21171dd13c20716a5ea6dfb7d487') in 0.004 seconds [static and dynamic dependencies]. Details - ImportResultOutputID=70d58c285dac2195ae15bcd15646f2e6 DependenciesID=281fcec894e2a6752f157b789e487caa StaticDependenciesID=aa33a1f14f0d1e9cfe9192d6629f734e 
Number of updated asset objects reloaded before import = 0
Number of asset objects unloaded after import = 0
========================================================================
Received Import Request.
  Time of request: 2026-09-27T03:54:24.172455Z
  Time since last request: 0.0005958 seconds.
  importAddress: GUID: 64689f8b25eadac4da519e96f514b653 - Path: Packages/com.unity.test-framework/UnityEditor.TestRunner/TestRunner/Utils/ITestListProvider.cs - Importer: ScriptedImporter/UnityEditor.QuickSearchModule:UnityEditor.Search:ASIAI0B
Importing 'GUID: 64689f8b25eadac4da519e96f514b653 - Path: Packages/com.unity.test-framework/UnityEditor.TestRunner/TestRunner/Utils/ITestListProvider.cs - Importer: ScriptedImporter/UnityEditor.QuickSearchModule:UnityEditor.Search:ASIAI0B' with importer (ScriptedImporter : UnityEditor.QuickSearchModule:UnityEditor.Search:ASIAI0B)
Imported 'GUID: 64689f8b25eadac4da519e96f514b653' -> (Import Result ID: 'ac16dc5632b1cff2a161f59d72a6b4bd') in 0.003 seconds [static and dynamic dependencies]. Details - ImportResultOutputID=ab585adb83e17079cc108b825588d6d3 DependenciesID=33d38af17df78014dae0a85280b5d448 StaticDependenciesID=a0ccf5090968b56b125f46b0f37bcb52 
Number of updated asset objects reloaded before import = 0
Number of asset objects unloaded after import = 0
========================================================================
Received Import Request.
  Time of request: 2026-09-27T03:54:24.1761389Z
  Time since last request: 0.0007257 seconds.
  importAddress: GUID: 7ee0c4baf94a41009b0f9292988a2000 - Path: Packages/com.unity.test-framework/UnityEditor.TestRunner/UnityTestProtocol/Data/PlayerSystemInfo.cs - Importer: ScriptedImporter/UnityEditor.QuickSearchModule:UnityEditor.Search:ASIAI0B
Importing 'GUID: 7ee0c4baf94a41009b0f9292988a2000 - Path: Packages/com.unity.test-framework/UnityEditor.TestRunner/UnityTestProtocol/Data/PlayerSystemInfo.cs - Importer: ScriptedImporter/UnityEditor.QuickSearchModule:UnityEditor.Search:ASIAI0B' with importer (ScriptedImporter : UnityEditor.QuickSearchModule:UnityEditor.Search:ASIAI0B)
Imported 'GUID: 7ee0c4baf94a41009b0f9292988a2000' -> (Import Result ID: '19a592c3e688c33115b80d429b4486b2') in 0.002 seconds [static and dynamic dependencies]. Details - ImportResultOutputID=53f8300730a75e8f8e79d83e1262a31e DependenciesID=e977655be11bcb664dcf778974e76b7b StaticDependenciesID=bdfe04f9322892d33bc67ae0c37e3acf 
Number of updated asset objects reloaded before import = 0
Number of asset objects unloaded after import = 0
========================================================================
Received Import Request.
  Time of request: 2026-09-27T03:54:24.179194Z
  Time since last request: 0.0008195 seconds.
  importAddress: GUID: 64f0c7c73db2d32469a5208a3cff96de - Path: Packages/com.unity.test-framework/UnityEngine.TestRunner/NUnitExtensions/Attributes/UnityOneTimeSetUpAttribute.cs - Importer: ScriptedImporter/UnityEditor.QuickSearchModule:UnityEditor.Search:ASIAI0B
Importing 'GUID: 64f0c7c73db2d32469a5208a3cff96de - Path: Packages/com.unity.test-framework/UnityEngine.TestRunner/NUnitExtensions/Attributes/UnityOneTimeSetUpAttribute.cs - Importer: ScriptedImporter/UnityEditor.QuickSearchModule:UnityEditor.Search:ASIAI0B' with importer (ScriptedImporter : UnityEditor.QuickSearchModule:UnityEditor.Search:ASIAI0B)
Imported 'GUID: 64f0c7c73db2d32469a5208a3cff96de' -> (Import Result ID: '5175ae28be075e40faee51c4946a61a7') in 0.002 seconds [static and dynamic dependencies]. Details - ImportResultOutputID=3dee73398f17d074fd3452edf0b9c91e DependenciesID=71eef2d2ef59331185ff016b902de445 StaticDependenciesID=b2c39af83d4c2abd2ca69ec313804598 
Number of updated asset objects reloaded before import = 0
Number of asset objects unloaded after import = 0
========================================================================
Received Import Request.
  Time of request: 2026-09-27T03:54:24.1821849Z
  Time since last request: 0.0006371 seconds.
  importAddress: GUID: 26f3e7301af463c4ca72fa98d59b429e - Path: Packages/com.unity.test-framework/UnityEditor.TestRunner/TestRunner/Utils/CachingTestListProvider.cs - Importer: ScriptedImporter/UnityEditor.QuickSearchModule:UnityEditor.Search:ASIAI0B
Importing 'GUID: 26f3e7301af463c4ca72fa98d59b429e - Path: Packages/com.unity.test-framework/UnityEditor.TestRunner/TestRunner/Utils/CachingTestListProvider.cs - Importer: ScriptedImporter/UnityEditor.QuickSearchModule:UnityEditor.Search:ASIAI0B' with importer (ScriptedImporter : UnityEditor.QuickSearchModule:UnityEditor.Search:ASIAI0B)
Imported 'GUID: 26f3e7301af463c4ca72fa98d59b429e' -> (Import Result ID: 'a3c0b4a7d184ddb10316e7a8710bb0ad') in 0.002 seconds [static and dynamic dependencies]. Details - ImportResultOutputID=ba5d4257682c7aae39e33e38c987de77 DependenciesID=02ba8a673d06f58b481dd45ca1d32a93 StaticDependenciesID=b8acaa4102c7d749863d7a2c7a654672 
Number of updated asset objects reloaded before import = 0
Number of asset objects unloaded after import = 0
========================================================================
Received Import Request.
  Time of request: 2026-09-27T03:54:24.1854918Z
  Time since last request: 0.0006378 seconds.
  importAddress: GUID: 9bd5a110ed89025499ddee8c7e73778e - Path: Packages/com.unity.test-framework/UnityEditor.TestRunner/TestRunner/Messages/EnterPlayMode.cs - Importer: ScriptedImporter/UnityEditor.QuickSearchModule:UnityEditor.Search:ASIAI0B
Importing 'GUID: 9bd5a110ed89025499ddee8c7e73778e - Path: Packages/com.unity.test-framework/UnityEditor.TestRunner/TestRunner/Messages/EnterPlayMode.cs - Importer: ScriptedImporter/UnityEditor.QuickSearchModule:UnityEditor.Search:ASIAI0B' with importer (ScriptedImporter : UnityEditor.QuickSearchModule:UnityEditor.Search:ASIAI0B)
Imported 'GUID: 9bd5a110ed89025499ddee8c7e73778e' -> (Import Result ID: 'fd41f4fadaa92cec330220e9eeb6dcc9') in 0.002 seconds [static and dynamic dependencies]. Details - ImportResultOutputID=508848591ecb3aee69c3349f3341d038 DependenciesID=926c444f94364dc03eca30737626f5b4 StaticDependenciesID=f099cc23899cc7bc85240e3f956f1583 
Number of updated asset objects reloaded before import = 0
Number of asset objects unloaded after import = 0
========================================================================
Received Import Request.
  Time of request: 2026-09-27T03:54:24.188495Z
  Time since last request: 0.0008624 seconds.
  importAddress: GUID: 58a43a62ecbe444d963930822e17d4cd - Path: Packages/com.unity.test-framework/UnityEditor.TestRunner/UnityTestProtocol/Data/ScreenSettings.cs - Importer: ScriptedImporter/UnityEditor.QuickSearchModule:UnityEditor.Search:ASIAI0B
Importing 'GUID: 58a43a62ecbe444d963930822e17d4cd - Path: Packages/com.unity.test-framework/UnityEditor.TestRunner/UnityTestProtocol/Data/ScreenSettings.cs - Importer: ScriptedImporter/UnityEditor.QuickSearchModule:UnityEditor.Search:ASIAI0B' with importer (ScriptedImporter : UnityEditor.QuickSearchModule:UnityEditor.Search:ASIAI0B)
Imported 'GUID: 58a43a62ecbe444d963930822e17d4cd' -> (Import Result ID: '6713242f51a751fe77bca20a5b68c7e2') in 0.002 seconds [static and dynamic dependencies]. Details - ImportResultOutputID=3caa657521707a5ae6d78fe0c7731702 DependenciesID=f7bcb52b96b63fb899fdb0c4c55488c0 StaticDependenciesID=b7eb1ec0756a5dfff6ce5fe17373eecc 
Number of updated asset objects reloaded before import = 0
Number of asset objects unloaded after import = 0
========================================================================
Received Import Request.
  Time of request: 2026-09-27T03:54:24.1912091Z
  Time since last request: 0.0005873 seconds.
  importAddress: GUID: 7043e9a330ac2d84a80a965ada4589ad - Path: Packages/com.unity.test-framework/UnityEditor.TestRunner/TestRunner/Utils/ITestListCacheData.cs - Importer: ScriptedImporter/UnityEditor.QuickSearchModule:UnityEditor.Search:ASIAI0B
Importing 'GUID: 7043e9a330ac2d84a80a965ada4589ad - Path: Packages/com.unity.test-framework/UnityEditor.TestRunner/TestRunner/Utils/ITestListCacheData.cs - Importer: ScriptedImporter/UnityEditor.QuickSearchModule:UnityEditor.Search:ASIAI0B' with importer (ScriptedImporter : UnityEditor.QuickSearchModule:UnityEditor.Search:ASIAI0B)
Imported 'GUID: 7043e9a330ac2d84a80a965ada4589ad' -> (Import Result ID: '8ce4a19fde45a6b3f5670bcce109faec') in 0.002 seconds [static and dynamic dependencies]. Details - ImportResultOutputID=ae9cc45b93465a8e48c1511e9af6b851 DependenciesID=cd290ff679ed2e82bfa638fe35328d79 StaticDependenciesID=9e1090f5dab2b8d97c5aa549c990f7e7 
Number of updated asset objects reloaded before import = 0
Number of asset objects unloaded after import = 0
========================================================================
Received Import Request.
  Time of request: 2026-09-27T03:54:24.1946413Z
  Time since last request: 0.0006476 seconds.
  importAddress: GUID: 6cf74526594248e88be90b91eb2dbe1c - Path: Packages/com.unity.test-framework/UnityEditor.TestRunner/UnityTestProtocol/Messages/QualitySettingsMessage.cs - Importer: ScriptedImporter/UnityEditor.QuickSearchModule:UnityEditor.Search:ASIAI0B
Importing 'GUID: 6cf74526594248e88be90b91eb2dbe1c - Path: Packages/com.unity.test-framework/UnityEditor.TestRunner/UnityTestProtocol/Messages/QualitySettingsMessage.cs - Importer: ScriptedImporter/UnityEditor.QuickSearchModule:UnityEditor.Search:ASIAI0B' with importer (ScriptedImporter : UnityEditor.QuickSearchModule:UnityEditor.Search:ASIAI0B)
Imported 'GUID: 6cf74526594248e88be90b91eb2dbe1c' -> (Import Result ID: '96e44ca3b0083bd1add1feb7c17d3b6d') in 0.003 seconds [static and dynamic dependencies]. Details - ImportResultOutputID=c2df6eebfe33505fcad652679f089a04 DependenciesID=d878952a4cf6d35fee599f4b143dc904 StaticDependenciesID=3c0301f70f398f7633b5c7c2ad468405 
Number of updated asset objects reloaded before import = 0
Number of asset objects unloaded after import = 0
========================================================================
Received Import Request.
  Time of request: 2026-09-27T03:54:24.1985929Z
  Time since last request: 0.0010191 seconds.
  importAddress: GUID: f699428dfee64165b017dced94d8ca70 - Path: Packages/com.unity.test-framework/UnityEditor.TestRunner/UnityTestProtocol/Data/BuildSettings.cs - Importer: ScriptedImporter/UnityEditor.QuickSearchModule:UnityEditor.Search:ASIAI0B
Importing 'GUID: f699428dfee64165b017dced94d8ca70 - Path: Packages/com.unity.test-framework/UnityEditor.TestRunner/UnityTestProtocol/Data/BuildSettings.cs - Importer: ScriptedImporter/UnityEditor.QuickSearchModule:UnityEditor.Search:ASIAI0B' with importer (ScriptedImporter : UnityEditor.QuickSearchModule:UnityEditor.Search:ASIAI0B)
Imported 'GUID: f699428dfee64165b017dced94d8ca70' -> (Import Result ID: 'fb77ad67b4de469b4839461d28bf0b62') in 0.002 seconds [static and dynamic dependencies]. Details - ImportResultOutputID=53be238570980e0a8294ae6f03146d7d DependenciesID=523588d5a3a14d9e73c4e77be81b4815 StaticDependenciesID=c0c30c128f32ac5e90780b4d6359f949 
Number of updated asset objects reloaded before import = 0
Number of asset objects unloaded after import = 0
========================================================================
Received Import Request.
  Time of request: 2026-09-27T03:54:24.2013213Z
  Time since last request: 0.0006038 seconds.
  importAddress: GUID: 0c56471f08a0f6846afc792f0b4205b9 - Path: Packages/com.unity.test-framework/UnityEngine.TestRunner/Assertions/LogScope/LogEvent.cs - Importer: ScriptedImporter/UnityEditor.QuickSearchModule:UnityEditor.Search:ASIAI0B
Importing 'GUID: 0c56471f08a0f6846afc792f0b4205b9 - Path: Packages/com.unity.test-framework/UnityEngine.TestRunner/Assertions/LogScope/LogEvent.cs - Importer: ScriptedImporter/UnityEditor.QuickSearchModule:UnityEditor.Search:ASIAI0B' with importer (ScriptedImporter : UnityEditor.QuickSearchModule:UnityEditor.Search:ASIAI0B)
Imported 'GUID: 0c56471f08a0f6846afc792f0b4205b9' -> (Import Result ID: 'f02cee2f3a8c691b7cbbe70f7120d1b3') in 0.003 seconds [static and dynamic dependencies]. Details - ImportResultOutputID=3287fe2852f8790b93f8a8f3fcef055a DependenciesID=ce37e0cb0efe0e08efface6e23899bfc StaticDependenciesID=f52a326db5f3252510810605c6f72179 
Number of updated asset objects reloaded before import = 0
Number of asset objects unloaded after import = 0
========================================================================
Received Import Request.
  Time of request: 2026-09-27T03:54:24.2049357Z
  Time since last request: 0.0007958 seconds.
  importAddress: GUID: a704c010bcdb1ec4a9f3417b3c393164 - Path: Packages/com.unity.test-framework/UnityEditor.TestRunner/TestRunner/Utils/ITestListCache.cs - Importer: ScriptedImporter/UnityEditor.QuickSearchModule:UnityEditor.Search:ASIAI0B
Importing 'GUID: a704c010bcdb1ec4a9f3417b3c393164 - Path: Packages/com.unity.test-framework/UnityEditor.TestRunner/TestRunner/Utils/ITestListCache.cs - Importer: ScriptedImporter/UnityEditor.QuickSearchModule:UnityEditor.Search:ASIAI0B' with importer (ScriptedImporter : UnityEditor.QuickSearchModule:UnityEditor.Search:ASIAI0B)
Imported 'GUID: a704c010bcdb1ec4a9f3417b3c393164' -> (Import Result ID: '897c15208c2dff85c3da7e2251f960ba') in 0.003 seconds [static and dynamic dependencies]. Details - ImportResultOutputID=d75bdce104ea0e8f9f60ca84d4685723 DependenciesID=67e8423784dc36ff6eb2c88077e83372 StaticDependenciesID=fc8df97ec18d9633534efcce171812b2 
Number of updated asset objects reloaded before import = 0
Number of asset objects unloaded after import = 0
========================================================================
Received Import Request.
  Time of request: 2026-09-27T03:54:24.208705Z
  Time since last request: 0.0006651 seconds.
  importAddress: GUID: 28f79a0d7e64c2345bc46f8c4cf788f8 - Path: Packages/com.unity.test-framework/UnityEditor.TestRunner/UnityTestProtocol/Messages/TestPlanMessage.cs - Importer: ScriptedImporter/UnityEditor.QuickSearchModule:UnityEditor.Search:ASIAI0B
Importing 'GUID: 28f79a0d7e64c2345bc46f8c4cf788f8 - Path: Packages/com.unity.test-framework/UnityEditor.TestRunner/UnityTestProtocol/Messages/TestPlanMessage.cs - Importer: ScriptedImporter/UnityEditor.QuickSearchModule:UnityEditor.Search:ASIAI0B' with importer (ScriptedImporter : UnityEditor.QuickSearchModule:UnityEditor.Search:ASIAI0B)
Imported 'GUID: 28f79a0d7e64c2345bc46f8c4cf788f8' -> (Import Result ID: '17f4a044a559ee2855d376ee75ceaaa1') in 0.003 seconds [static and dynamic dependencies]. Details - ImportResultOutputID=d75884e62aa901951de98c7bf8d4aa81 DependenciesID=936b92bbd1e063ccbd0d56e1c5273203 StaticDependenciesID=da820d30afa8de545240c9e08b11a178 
Number of updated asset objects reloaded before import = 0
Number of asset objects unloaded after import = 0
========================================================================
Received Import Request.
  Time of request: 2026-09-27T03:54:24.2125128Z
  Time since last request: 0.000856 seconds.
  importAddress: GUID: 936b6288befc460409cfdff3ac92fc95 - Path: Packages/com.unity.test-framework/UnityEditor.TestRunner/TestRunner/Utils/IEditorLoadedTestAssemblyProvider.cs - Importer: ScriptedImporter/UnityEditor.QuickSearchModule:UnityEditor.Search:ASIAI0B
Importing 'GUID: 936b6288befc460409cfdff3ac92fc95 - Path: Packages/com.unity.test-framework/UnityEditor.TestRunner/TestRunner/Utils/IEditorLoadedTestAssemblyProvider.cs - Importer: ScriptedImporter/UnityEditor.QuickSearchModule:UnityEditor.Search:ASIAI0B' with importer (ScriptedImporter : UnityEditor.QuickSearchModule:UnityEditor.Search:ASIAI0B)
Imported 'GUID: 936b6288befc460409cfdff3ac92fc95' -> (Import Result ID: '66c0c145c95477807380c883fc02b9d3') in 0.002 seconds [static and dynamic dependencies]. Details - ImportResultOutputID=24f94b241fbbf13a6b3faa3934892e3f DependenciesID=738780ceb687afe4543cd495311b91f2 StaticDependenciesID=7d71ed5df4ed66b898306002c818f5ad 
Number of updated asset objects reloaded before import = 0
Number of asset objects unloaded after import = 0
========================================================================
Received Import Request.
  Time of request: 2026-09-27T03:54:24.215754Z
  Time since last request: 0.0006832 seconds.
  importAddress: GUID: 9202fbba95ea8294cb5e718f028f21b0 - Path: Packages/com.unity.test-framework/UnityEditor.TestRunner/TestRunner/Messages/RecompileScripts.cs - Importer: ScriptedImporter/UnityEditor.QuickSearchModule:UnityEditor.Search:ASIAI0B
Importing 'GUID: 9202fbba95ea8294cb5e718f028f21b0 - Path: Packages/com.unity.test-framework/UnityEditor.TestRunner/TestRunner/Messages/RecompileScripts.cs - Importer: ScriptedImporter/UnityEditor.QuickSearchModule:UnityEditor.Search:ASIAI0B' with importer (ScriptedImporter : UnityEditor.QuickSearchModule:UnityEditor.Search:ASIAI0B)
Imported 'GUID: 9202fbba95ea8294cb5e718f028f21b0' -> (Import Result ID: 'bab8f2cae1666a0a30583e8c4e493a5c') in 0.002 seconds [static and dynamic dependencies]. Details - ImportResultOutputID=f5334f62609f77c6380c9f676455abf3 DependenciesID=08a5951e248babae2bbc4d8a1cd07e71 StaticDependenciesID=f61e7d57c9d5f76094ffd34ff548db0f 
Number of updated asset objects reloaded before import = 0
Number of asset objects unloaded after import = 0
========================================================================
Received Import Request.
  Time of request: 2026-09-27T03:54:24.2189474Z
  Time since last request: 0.0008136 seconds.
  importAddress: GUID: 20cdb37e6fea6d946bbb84d2c923db85 - Path: Packages/com.unity.test-framework/UnityEditor.TestRunner/TestRunner/Utils/EditorAssemblyWrapper.cs - Importer: ScriptedImporter/UnityEditor.QuickSearchModule:UnityEditor.Search:ASIAI0B
Importing 'GUID: 20cdb37e6fea6d946bbb84d2c923db85 - Path: Packages/com.unity.test-framework/UnityEditor.TestRunner/TestRunner/Utils/EditorAssemblyWrapper.cs - Importer: ScriptedImporter/UnityEditor.QuickSearchModule:UnityEditor.Search:ASIAI0B' with importer (ScriptedImporter : UnityEditor.QuickSearchModule:UnityEditor.Search:ASIAI0B)
Imported 'GUID: 20cdb37e6fea6d946bbb84d2c923db85' -> (Import Result ID: '48643d4a95a5d81761741f4b8d711589') in 0.003 seconds [static and dynamic dependencies]. Details - ImportResultOutputID=d32d31d68597c88978762c3a8d57ada0 DependenciesID=3bb26daba0b5c6ccc9d4b3e7ec2bb68e StaticDependenciesID=3fd86afd6c619383963c66d108a40cdd 
Number of updated asset objects reloaded before import = 0
Number of asset objects unloaded after import = 0
========================================================================
Received Import Request.
  Time of request: 2026-09-27T03:54:24.2225091Z
  Time since last request: 0.0006463 seconds.
  importAddress: GUID: 342d9ef4da0a19b49877f576c2deec14 - Path: Packages/com.unity.test-framework/UnityEditor.TestRunner/TestRun/Tasks/TestTaskBase.cs - Importer: ScriptedImporter/UnityEditor.QuickSearchModule:UnityEditor.Search:ASIAI0B
Importing 'GUID: 342d9ef4da0a19b49877f576c2deec14 - Path: Packages/com.unity.test-framework/UnityEditor.TestRunner/TestRun/Tasks/TestTaskBase.cs - Importer: ScriptedImporter/UnityEditor.QuickSearchModule:UnityEditor.Search:ASIAI0B' with importer (ScriptedImporter : UnityEditor.QuickSearchModule:UnityEditor.Search:ASIAI0B)
Imported 'GUID: 342d9ef4da0a19b49877f576c2deec14' -> (Import Result ID: 'a53ef5b5525385ae6efcab08b58baf2a') in 0.002 seconds [static and dynamic dependencies]. Details - ImportResultOutputID=315573a95a99dfd83e8ea5ab0ddd6e35 DependenciesID=755439ccc4e63627b2240fda655057de StaticDependenciesID=d5dacf29f216c578cf3723668936f3f0 
Number of updated asset objects reloaded before import = 0
Number of asset objects unloaded after import = 0
========================================================================
Received Import Request.
  Time of request: 2026-09-27T03:54:24.2260532Z
  Time since last request: 0.000753 seconds.
  importAddress: GUID: 5440c1153b397e14c9c7b1d6eb83b9f9 - Path: Packages/com.unity.test-framework/UnityEngine.TestRunner/NUnitExtensions/Attributes/UnityPlatformAttribute.cs - Importer: ScriptedImporter/UnityEditor.QuickSearchModule:UnityEditor.Search:ASIAI0B
Importing 'GUID: 5440c1153b397e14c9c7b1d6eb83b9f9 - Path: Packages/com.unity.test-framework/UnityEngine.TestRunner/NUnitExtensions/Attributes/UnityPlatformAttribute.cs - Importer: ScriptedImporter/UnityEditor.QuickSearchModule:UnityEditor.Search:ASIAI0B' with importer (ScriptedImporter : UnityEditor.QuickSearchModule:UnityEditor.Search:ASIAI0B)
Imported 'GUID: 5440c1153b397e14c9c7b1d6eb83b9f9' -> (Import Result ID: 'de8fcb58d32453c8db9bdf159dd13ae6') in 0.003 seconds [static and dynamic dependencies]. Details - ImportResultOutputID=11d0a64067e742d5fca55bfb8892e2ca DependenciesID=c968038eba4f00ffa1164e9674bfa84a StaticDependenciesID=68a9b5bfbadd1b03b9c1ebf996aa042d 
Number of updated asset objects reloaded before import = 0
Number of asset objects unloaded after import = 0
========================================================================
Received Import Request.
  Time of request: 2026-09-27T03:54:24.2440933Z
  Time since last request: 0.0151538 seconds.
  importAddress: GUID: 5c15bf0966eb95847a4260d830a30d30 - Path: Packages/com.unity.test-framework/UnityEngine.TestRunner/NUnitExtensions/Runner/WorkItemFactory.cs - Importer: ScriptedImporter/UnityEditor.QuickSearchModule:UnityEditor.Search:ASIAI0B
Importing 'GUID: 5c15bf0966eb95847a4260d830a30d30 - Path: Packages/com.unity.test-framework/UnityEngine.TestRunner/NUnitExtensions/Runner/WorkItemFactory.cs - Importer: ScriptedImporter/UnityEditor.QuickSearchModule:UnityEditor.Search:ASIAI0B' with importer (ScriptedImporter : UnityEditor.QuickSearchModule:UnityEditor.Search:ASIAI0B)
Imported 'GUID: 5c15bf0966eb95847a4260d830a30d30' -> (Import Result ID: 'bd5dfef5c994306d9ee20d6454463217') in 0.003 seconds [static and dynamic dependencies]. Details - ImportResultOutputID=6a7c71a35b56f50eba401518b5867ba6 DependenciesID=c28e18987dd35beb6307edf80039dff8 StaticDependenciesID=13e27c9233de7c18b3675f98eb9f146a 
Number of updated asset objects reloaded before import = 0
Number of asset objects unloaded after import = 0
========================================================================
Received Import Request.
  Time of request: 2026-09-27T03:54:24.2482665Z
  Time since last request: 0.0008908 seconds.
  importAddress: GUID: d2ca9278c9dd49df877d622d0f657ecf - Path: Packages/com.unity.test-framework/UnityEngine.TestRunner/NUnitExtensions/Commands/UnityTestMethodCommand.cs - Importer: ScriptedImporter/UnityEditor.QuickSearchModule:UnityEditor.Search:ASIAI0B
Importing 'GUID: d2ca9278c9dd49df877d622d0f657ecf - Path: Packages/com.unity.test-framework/UnityEngine.TestRunner/NUnitExtensions/Commands/UnityTestMethodCommand.cs - Importer: ScriptedImporter/UnityEditor.QuickSearchModule:UnityEditor.Search:ASIAI0B' with importer (ScriptedImporter : UnityEditor.QuickSearchModule:UnityEditor.Search:ASIAI0B)
Imported 'GUID: d2ca9278c9dd49df877d622d0f657ecf' -> (Import Result ID: '3ca7ecb5242cf99fc2a67f1b072a4f16') in 0.002 seconds [static and dynamic dependencies]. Details - ImportResultOutputID=8bbe070120aa7c7fd20bb8d1da554479 DependenciesID=6b68d36fac3ef01b0ad2397156aa88c7 StaticDependenciesID=fcc5851428962070275b604e3fea9238 
Number of updated asset objects reloaded before import = 0
Number of asset objects unloaded after import = 0
========================================================================
Received Import Request.
  Time of request: 2026-09-27T03:54:24.2515887Z
  Time since last request: 0.0006596 seconds.
  importAddress: GUID: f180b12c4cff494c91056caa03f9c109 - Path: Packages/com.unity.test-framework/UnityEngine.TestRunner/NUnitExtensions/Commands/RetryCommand.cs - Importer: ScriptedImporter/UnityEditor.QuickSearchModule:UnityEditor.Search:ASIAI0B
Importing 'GUID: f180b12c4cff494c91056caa03f9c109 - Path: Packages/com.unity.test-framework/UnityEngine.TestRunner/NUnitExtensions/Commands/RetryCommand.cs - Importer: ScriptedImporter/UnityEditor.QuickSearchModule:UnityEditor.Search:ASIAI0B' with importer (ScriptedImporter : UnityEditor.QuickSearchModule:UnityEditor.Search:ASIAI0B)
Imported 'GUID: f180b12c4cff494c91056caa03f9c109' -> (Import Result ID: '025ce2bd2f253016a6941ee3256f63f3') in 0.002 seconds [static and dynamic dependencies]. Details - ImportResultOutputID=5d47ee92094c0ec75aaa10d89a22d864 DependenciesID=7edefec44963fb492b93529bcda4f32e StaticDependenciesID=052f69e45c417a64d247b045357573c1 
Number of updated asset objects reloaded before import = 0
Number of asset objects unloaded after import = 0
========================================================================
Received Import Request.
  Time of request: 2026-09-27T03:54:24.2549179Z
  Time since last request: 0.0007003 seconds.
  importAddress: GUID: 110d5035a36a6a34580fb65bb40cd78f - Path: Packages/com.unity.test-framework/UnityEngine.TestRunner/NUnitExtensions/Runner/CompositeWorkItem.cs - Importer: ScriptedImporter/UnityEditor.QuickSearchModule:UnityEditor.Search:ASIAI0B
Importing 'GUID: 110d5035a36a6a34580fb65bb40cd78f - Path: Packages/com.unity.test-framework/UnityEngine.TestRunner/NUnitExtensions/Runner/CompositeWorkItem.cs - Importer: ScriptedImporter/UnityEditor.QuickSearchModule:UnityEditor.Search:ASIAI0B' with importer (ScriptedImporter : UnityEditor.QuickSearchModule:UnityEditor.Search:ASIAI0B)
Imported 'GUID: 110d5035a36a6a34580fb65bb40cd78f' -> (Import Result ID: '0321050b52a51533fb6e671bccfa53e3') in 0.002 seconds [static and dynamic dependencies]. Details - ImportResultOutputID=72417a371f5c828fdc7f89f1af3be100 DependenciesID=f7111c9b142f6ed1f425f5adf8a9f67b StaticDependenciesID=8db36c27c49c4ee411870354a97bcece 
Number of updated asset objects reloaded before import = 0
Number of asset objects unloaded after import = 0
========================================================================
Received Import Request.
  Time of request: 2026-09-27T03:54:24.2577327Z
  Time since last request: 0.0006043 seconds.
  importAddress: GUID: 79ced2556f0af814a840b86232613ff1 - Path: Packages/com.unity.test-framework/UnityEngine.TestRunner/NUnitExtensions/Runner/UnityWorkItem.cs - Importer: ScriptedImporter/UnityEditor.QuickSearchModule:UnityEditor.Search:ASIAI0B
Importing 'GUID: 79ced2556f0af814a840b86232613ff1 - Path: Packages/com.unity.test-framework/UnityEngine.TestRunner/NUnitExtensions/Runner/UnityWorkItem.cs - Importer: ScriptedImporter/UnityEditor.QuickSearchModule:UnityEditor.Search:ASIAI0B' with importer (ScriptedImporter : UnityEditor.QuickSearchModule:UnityEditor.Search:ASIAI0B)
Imported 'GUID: 79ced2556f0af814a840b86232613ff1' -> (Import Result ID: '204798c0d62eb216905051c574e9a70b') in 0.004 seconds [static and dynamic dependencies]. Details - ImportResultOutputID=4a0329756e76a9480e1cb270db508ed3 DependenciesID=1f2a2f6b68a2a6e89d49a9e96786d1b3 StaticDependenciesID=f54a487496eddea2891c04719a28d6c4 
Number of updated asset objects reloaded before import = 0
Number of asset objects unloaded after import = 0
========================================================================
Received Import Request.
  Time of request: 2026-09-27T03:54:24.2626924Z
  Time since last request: 0.0007649 seconds.
  importAddress: GUID: 12dfd4bdbb5c8e6419432fbc54ef25d9 - Path: Packages/com.unity.test-framework/UnityEngine.TestRunner/Utils/AssemblyProvider/IAssemblyLoadProxy.cs - Importer: ScriptedImporter/UnityEditor.QuickSearchModule:UnityEditor.Search:ASIAI0B
Importing 'GUID: 12dfd4bdbb5c8e6419432fbc54ef25d9 - Path: Packages/com.unity.test-framework/UnityEngine.TestRunner/Utils/AssemblyProvider/IAssemblyLoadProxy.cs - Importer: ScriptedImporter/UnityEditor.QuickSearchModule:UnityEditor.Search:ASIAI0B' with importer (ScriptedImporter : UnityEditor.QuickSearchModule:UnityEditor.Search:ASIAI0B)
Imported 'GUID: 12dfd4bdbb5c8e6419432fbc54ef25d9' -> (Import Result ID: 'd73e59f2cca1851c6992fd43dcbcc1f5') in 0.004 seconds [static and dynamic dependencies]. Details - ImportResultOutputID=012a33f8691f696f4bd49a6e90ed450f DependenciesID=13628c83208dc6896e6641c162f52bbc StaticDependenciesID=55a864c92352fd09a9795105193adc4a 
Number of updated asset objects reloaded before import = 0
Number of asset objects unloaded after import = 0
========================================================================
Received Import Request.
  Time of request: 2026-09-27T03:54:24.2679771Z
  Time since last request: 0.000798 seconds.
  importAddress: GUID: 203984dce16ec4246a37d5b4f555c858 - Path: Packages/com.unity.test-framework/UnityEngine.TestRunner/NUnitExtensions/Runner/TestCommandWrapperRegistry.cs - Importer: ScriptedImporter/UnityEditor.QuickSearchModule:UnityEditor.Search:ASIAI0B
Importing 'GUID: 203984dce16ec4246a37d5b4f555c858 - Path: Packages/com.unity.test-framework/UnityEngine.TestRunner/NUnitExtensions/Runner/TestCommandWrapperRegistry.cs - Importer: ScriptedImporter/UnityEditor.QuickSearchModule:UnityEditor.Search:ASIAI0B' with importer (ScriptedImporter : UnityEditor.QuickSearchModule:UnityEditor.Search:ASIAI0B)
Imported 'GUID: 203984dce16ec4246a37d5b4f555c858' -> (Import Result ID: '1ff21c05a3bdd756f589fe48c85c2873') in 0.002 seconds [static and dynamic dependencies]. Details - ImportResultOutputID=e277cdef5a89b0936111f1bbe58ff77e DependenciesID=e646eaafa17c56492e0914c270804058 StaticDependenciesID=0c9b14a25c1fa07ae2403f6925518a59 
Number of updated asset objects reloaded before import = 0
Number of asset objects unloaded after import = 0
========================================================================
Received Import Request.
  Time of request: 2026-09-27T03:54:24.2710228Z
  Time since last request: 0.000702 seconds.
  importAddress: GUID: 41d60936b62cc6d4ca7fe628b22b0e40 - Path: Packages/com.unity.test-framework/UnityEngine.TestRunner/TestRunner/RemoteHelpers/PlayerConnectionMessageIds.cs - Importer: ScriptedImporter/UnityEditor.QuickSearchModule:UnityEditor.Search:ASIAI0B
Importing 'GUID: 41d60936b62cc6d4ca7fe628b22b0e40 - Path: Packages/com.unity.test-framework/UnityEngine.TestRunner/TestRunner/RemoteHelpers/PlayerConnectionMessageIds.cs - Importer: ScriptedImporter/UnityEditor.QuickSearchModule:UnityEditor.Search:ASIAI0B' with importer (ScriptedImporter : UnityEditor.QuickSearchModule:UnityEditor.Search:ASIAI0B)
Imported 'GUID: 41d60936b62cc6d4ca7fe628b22b0e40' -> (Import Result ID: '548b0618a85f36916207d906961a9e03') in 0.002 seconds [static and dynamic dependencies]. Details - ImportResultOutputID=bf310f7e2d7e72062472d9973c74b49c DependenciesID=27ef1670c337324edce39bb170d92000 StaticDependenciesID=c7e8a7f364845a827f43ea575116d6dd 
Number of updated asset objects reloaded before import = 0
Number of asset objects unloaded after import = 0
========================================================================
Received Import Request.
  Time of request: 2026-09-27T03:54:24.2741949Z
  Time since last request: 0.000768 seconds.
  importAddress: GUID: 2de8ba3b840049641897e0da7ce1d5cd - Path: Packages/com.unity.test-framework/UnityEngine.TestRunner/NUnitExtensions/Commands/TestActionCommand.cs - Importer: ScriptedImporter/UnityEditor.QuickSearchModule:UnityEditor.Search:ASIAI0B
Importing 'GUID: 2de8ba3b840049641897e0da7ce1d5cd - Path: Packages/com.unity.test-framework/UnityEngine.TestRunner/NUnitExtensions/Commands/TestActionCommand.cs - Importer: ScriptedImporter/UnityEditor.QuickSearchModule:UnityEditor.Search:ASIAI0B' with importer (ScriptedImporter : UnityEditor.QuickSearchModule:UnityEditor.Search:ASIAI0B)
Imported 'GUID: 2de8ba3b840049641897e0da7ce1d5cd' -> (Import Result ID: '08cba1bbeac09cb1bf20d6b886d10415') in 0.002 seconds [static and dynamic dependencies]. Details - ImportResultOutputID=cfa2afea668c0d7423ab4966eff82356 DependenciesID=07ccdde3b8447d5d9db2f0e616f6edcf StaticDependenciesID=902dd7ceaa21f94e405b308c396366ae 
Number of updated asset objects reloaded before import = 0
Number of asset objects unloaded after import = 0
========================================================================
Received Import Request.
  Time of request: 2026-09-27T03:54:24.2773486Z
  Time since last request: 0.0007844 seconds.
  importAddress: GUID: 68e5dc8bfd5d72647a93b7f2e1da831a - Path: Packages/com.unity.test-framework/UnityEngine.TestRunner/NUnitExtensions/Runner/FailCommand.cs - Importer: ScriptedImporter/UnityEditor.QuickSearchModule:UnityEditor.Search:ASIAI0B
Importing 'GUID: 68e5dc8bfd5d72647a93b7f2e1da831a - Path: Packages/com.unity.test-framework/UnityEngine.TestRunner/NUnitExtensions/Runner/FailCommand.cs - Importer: ScriptedImporter/UnityEditor.QuickSearchModule:UnityEditor.Search:ASIAI0B' with importer (ScriptedImporter : UnityEditor.QuickSearchModule:UnityEditor.Search:ASIAI0B)
Imported 'GUID: 68e5dc8bfd5d72647a93b7f2e1da831a' -> (Import Result ID: '7e9cf07130ce370f10a76c8598c126d1') in 0.004 seconds [static and dynamic dependencies]. Details - ImportResultOutputID=b1cc2cc6f58056e2da7e5695ebff09f5 DependenciesID=a90ce7c6da0aec589fd53c1a26bcd999 StaticDependenciesID=bfe6caf1c6cdf8685b86c86595ad362f 
Number of updated asset objects reloaded before import = 0
Number of asset objects unloaded after import = 0
========================================================================
Received Import Request.
  Time of request: 2026-09-27T03:54:24.2819743Z
  Time since last request: 0.0002602 seconds.
  importAddress: GUID: df537bdce04d7964193fffe1cc99a343 - Path: Packages/com.unity.test-framework/UnityEngine.TestRunner/NUnitExtensions/Commands/EnumerableOneTimeSetUpTearDownCommand.cs - Importer: ScriptedImporter/UnityEditor.QuickSearchModule:UnityEditor.Search:ASIAI0B
Importing 'GUID: df537bdce04d7964193fffe1cc99a343 - Path: Packages/com.unity.test-framework/UnityEngine.TestRunner/NUnitExtensions/Commands/EnumerableOneTimeSetUpTearDownCommand.cs - Importer: ScriptedImporter/UnityEditor.QuickSearchModule:UnityEditor.Search:ASIAI0B' with importer (ScriptedImporter : UnityEditor.QuickSearchModule:UnityEditor.Search:ASIAI0B)
Imported 'GUID: df537bdce04d7964193fffe1cc99a343' -> (Import Result ID: 'ec88d0b58b0c36bf192993daaf099099') in 0.002 seconds [static and dynamic dependencies]. Details - ImportResultOutputID=99a36d882f7ac54f10f33eaaf7345f4e DependenciesID=47932d34a77e601e535f0be1a2d1143e StaticDependenciesID=76082ddde07a5b0334010c77ca407c65 
Number of updated asset objects reloaded before import = 0
Number of asset objects unloaded after import = 0
========================================================================
Received Import Request.
  Time of request: 2026-09-27T03:54:24.2852299Z
  Time since last request: 0.0006613 seconds.
  importAddress: GUID: ebeedaa04bb53e24ba2e7fb6745e3fd3 - Path: Packages/com.unity.test-framework/UnityEngine.TestRunner/NUnitExtensions/Filters/CategoryFilterExtended.cs - Importer: ScriptedImporter/UnityEditor.QuickSearchModule:UnityEditor.Search:ASIAI0B
Importing 'GUID: ebeedaa04bb53e24ba2e7fb6745e3fd3 - Path: Packages/com.unity.test-framework/UnityEngine.TestRunner/NUnitExtensions/Filters/CategoryFilterExtended.cs - Importer: ScriptedImporter/UnityEditor.QuickSearchModule:UnityEditor.Search:ASIAI0B' with importer (ScriptedImporter : UnityEditor.QuickSearchModule:UnityEditor.Search:ASIAI0B)
Imported 'GUID: ebeedaa04bb53e24ba2e7fb6745e3fd3' -> (Import Result ID: '3dcd40251b2ff509ab229b9a9c8db4e9') in 0.002 seconds [static and dynamic dependencies]. Details - ImportResultOutputID=c64fcc89b5671eaefa4ebd4d23841f3e DependenciesID=4a6c0bf15805ad175f578bca0bc4529f StaticDependenciesID=1797b8be295a422d522046765fa0dd98 
Number of updated asset objects reloaded before import = 0
Number of asset objects unloaded after import = 0
========================================================================
Received Import Request.
  Time of request: 2026-09-27T03:54:24.2884369Z
  Time since last request: 0.0007512 seconds.
  importAddress: GUID: e273462feb9a65948826739f683cc9a9 - Path: Packages/com.unity.test-framework/UnityEngine.TestRunner/NUnitExtensions/Commands/EnumerableRepeatedTestCommand.cs - Importer: ScriptedImporter/UnityEditor.QuickSearchModule:UnityEditor.Search:ASIAI0B
Importing 'GUID: e273462feb9a65948826739f683cc9a9 - Path: Packages/com.unity.test-framework/UnityEngine.TestRunner/NUnitExtensions/Commands/EnumerableRepeatedTestCommand.cs - Importer: ScriptedImporter/UnityEditor.QuickSearchModule:UnityEditor.Search:ASIAI0B' with importer (ScriptedImporter : UnityEditor.QuickSearchModule:UnityEditor.Search:ASIAI0B)
Imported 'GUID: e273462feb9a65948826739f683cc9a9' -> (Import Result ID: 'efeac0114ba8505a897fd337b122175f') in 0.002 seconds [static and dynamic dependencies]. Details - ImportResultOutputID=9d2f5b2aeaefc3f616e1ccefdd8272dd DependenciesID=85fd526ab31e39e81c0a7943b88ceea8 StaticDependenciesID=9c6b46cd864e619cd600c0286f4ded47 
Number of updated asset objects reloaded before import = 0
Number of asset objects unloaded after import = 0
========================================================================
Received Import Request.
  Time of request: 2026-09-27T03:54:24.2913235Z
  Time since last request: 0.0006754 seconds.
  importAddress: GUID: e0db3f3921670cd4ca2e925737c3fba4 - Path: Packages/com.unity.test-framework/UnityEngine.TestRunner/NUnitExtensions/Commands/SetUpTearDownCommand.cs - Importer: ScriptedImporter/UnityEditor.QuickSearchModule:UnityEditor.Search:ASIAI0B
Importing 'GUID: e0db3f3921670cd4ca2e925737c3fba4 - Path: Packages/com.unity.test-framework/UnityEngine.TestRunner/NUnitExtensions/Commands/SetUpTearDownCommand.cs - Importer: ScriptedImporter/UnityEditor.QuickSearchModule:UnityEditor.Search:ASIAI0B' with importer (ScriptedImporter : UnityEditor.QuickSearchModule:UnityEditor.Search:ASIAI0B)
Imported 'GUID: e0db3f3921670cd4ca2e925737c3fba4' -> (Import Result ID: '7d48b027788ff8e50a794d0b30f5dc7d') in 0.002 seconds [static and dynamic dependencies]. Details - ImportResultOutputID=9cf96fc98947f10891001134a35c3ce2 DependenciesID=500529d76ca59ac1cad3a3f0f6017fdd StaticDependenciesID=0b15dd397f92bc04e8d39db552b35e99 
Number of updated asset objects reloaded before import = 0
Number of asset objects unloaded after import = 0
========================================================================
Received Import Request.
  Time of request: 2026-09-27T03:54:24.295028Z
  Time since last request: 0.0006703 seconds.
  importAddress: GUID: 59ff995fabb3bac45afa0f96f333e5dc - Path: Packages/com.unity.test-framework/UnityEngine.TestRunner/NUnitExtensions/Runner/UnityTestExecutionContext.cs - Importer: ScriptedImporter/UnityEditor.QuickSearchModule:UnityEditor.Search:ASIAI0B
Importing 'GUID: 59ff995fabb3bac45afa0f96f333e5dc - Path: Packages/com.unity.test-framework/UnityEngine.TestRunner/NUnitExtensions/Runner/UnityTestExecutionContext.cs - Importer: ScriptedImporter/UnityEditor.QuickSearchModule:UnityEditor.Search:ASIAI0B' with importer (ScriptedImporter : UnityEditor.QuickSearchModule:UnityEditor.Search:ASIAI0B)
Imported 'GUID: 59ff995fabb3bac45afa0f96f333e5dc' -> (Import Result ID: '1ff04801ae4ffd83eb5f1423c5025b65') in 0.003 seconds [static and dynamic dependencies]. Details - ImportResultOutputID=7da90cf9e99e2ebd27c38b76a3b5bc5a DependenciesID=7989b2160f2a0e7fb8a438d4a21210fe StaticDependenciesID=c2782b078e943466fe3cb9399b3a3311 
Number of updated asset objects reloaded before import = 0
Number of asset objects unloaded after import = 0
========================================================================
Received Import Request.
  Time of request: 2026-09-27T03:54:24.2987162Z
  Time since last request: 0.0006086 seconds.
  importAddress: GUID: 5ebb87899ca30b743bb4274bc00c02b4 - Path: Packages/com.unity.test-framework/UnityEngine.TestRunner/TestRunner/Callbacks/TestResultRenderer.cs - Importer: ScriptedImporter/UnityEditor.QuickSearchModule:UnityEditor.Search:ASIAI0B
Importing 'GUID: 5ebb87899ca30b743bb4274bc00c02b4 - Path: Packages/com.unity.test-framework/UnityEngine.TestRunner/TestRunner/Callbacks/TestResultRenderer.cs - Importer: ScriptedImporter/UnityEditor.QuickSearchModule:UnityEditor.Search:ASIAI0B' with importer (ScriptedImporter : UnityEditor.QuickSearchModule:UnityEditor.Search:ASIAI0B)
Imported 'GUID: 5ebb87899ca30b743bb4274bc00c02b4' -> (Import Result ID: 'c36a2bec96b4d62e6b2782913bfc6ce2') in 0.002 seconds [static and dynamic dependencies]. Details - ImportResultOutputID=f27b7a5dee8f2546fe2cd35f165eac27 DependenciesID=747b5a5d96a8995a2d0300705dc1d9b3 StaticDependenciesID=0161df3d76cf012ae910433bee0377f3 
Number of updated asset objects reloaded before import = 0
Number of asset objects unloaded after import = 0
========================================================================
Received Import Request.
  Time of request: 2026-09-27T03:54:24.3015738Z
  Time since last request: 0.0007135 seconds.
  importAddress: GUID: 874c0713cdc44f549b0161750b48d2c2 - Path: Packages/com.unity.test-framework/UnityEngine.TestRunner/TestRunner/RemoteHelpers/IRemoteTestResultDataFactory.cs - Importer: ScriptedImporter/UnityEditor.QuickSearchModule:UnityEditor.Search:ASIAI0B
Importing 'GUID: 874c0713cdc44f549b0161750b48d2c2 - Path: Packages/com.unity.test-framework/UnityEngine.TestRunner/TestRunner/RemoteHelpers/IRemoteTestResultDataFactory.cs - Importer: ScriptedImporter/UnityEditor.QuickSearchModule:UnityEditor.Search:ASIAI0B' with importer (ScriptedImporter : UnityEditor.QuickSearchModule:UnityEditor.Search:ASIAI0B)
Imported 'GUID: 874c0713cdc44f549b0161750b48d2c2' -> (Import Result ID: 'e6c37d17a52efea7c6235d7ff2606750') in 0.002 seconds [static and dynamic dependencies]. Details - ImportResultOutputID=56d0165fb1ec56da8ad970f616fa6c8a DependenciesID=02c00de3148253b3fc8999afe5844d9c StaticDependenciesID=296b502fde373f0a36f3eea3908185e4 
Number of updated asset objects reloaded before import = 0
Number of asset objects unloaded after import = 0
========================================================================
Received Import Request.
  Time of request: 2026-09-27T03:54:24.3048001Z
  Time since last request: 0.0006477 seconds.
  importAddress: GUID: 851f94140ec64b7db846948429a87f01 - Path: Packages/com.unity.test-framework/UnityEngine.TestRunner/NUnitExtensions/Commands/RepeatCommand.cs - Importer: ScriptedImporter/UnityEditor.QuickSearchModule:UnityEditor.Search:ASIAI0B
Importing 'GUID: 851f94140ec64b7db846948429a87f01 - Path: Packages/com.unity.test-framework/UnityEngine.TestRunner/NUnitExtensions/Commands/RepeatCommand.cs - Importer: ScriptedImporter/UnityEditor.QuickSearchModule:UnityEditor.Search:ASIAI0B' with importer (ScriptedImporter : UnityEditor.QuickSearchModule:UnityEditor.Search:ASIAI0B)
Imported 'GUID: 851f94140ec64b7db846948429a87f01' -> (Import Result ID: 'c4a31c018323597e438ecf836958f38a') in 0.002 seconds [static and dynamic dependencies]. Details - ImportResultOutputID=5e0a26146c26ff3671f786e139ae1660 DependenciesID=d70866ff52c8763aa59627878ecd94fe StaticDependenciesID=2b4871ea0dbd5f04ffe4c4370f2a7997 
Number of updated asset objects reloaded before import = 0
Number of asset objects unloaded after import = 0
========================================================================
Received Import Request.
  Time of request: 2026-09-27T03:54:24.3078981Z
  Time since last request: 0.0005693 seconds.
  importAddress: GUID: 48230e4e90fb4d14a9d56bddea898413 - Path: Packages/com.unity.test-framework/UnityEngine.TestRunner/NUnitExtensions/Runner/UnityLogCheckDelegatingCommand.cs - Importer: ScriptedImporter/UnityEditor.QuickSearchModule:UnityEditor.Search:ASIAI0B
Importing 'GUID: 48230e4e90fb4d14a9d56bddea898413 - Path: Packages/com.unity.test-framework/UnityEngine.TestRunner/NUnitExtensions/Runner/UnityLogCheckDelegatingCommand.cs - Importer: ScriptedImporter/UnityEditor.QuickSearchModule:UnityEditor.Search:ASIAI0B' with importer (ScriptedImporter : UnityEditor.QuickSearchModule:UnityEditor.Search:ASIAI0B)
Imported 'GUID: 48230e4e90fb4d14a9d56bddea898413' -> (Import Result ID: '28044d2675b4a55350d2d02572faf760') in 0.002 seconds [static and dynamic dependencies]. Details - ImportResultOutputID=3c5fc6690c8b27d713a18d6672447421 DependenciesID=39477475be0630dbc61f4a60ee403a6a StaticDependenciesID=7cede50efa3b68bbfae67c0036108e83 
Number of updated asset objects reloaded before import = 0
Number of asset objects unloaded after import = 0
========================================================================
Received Import Request.
  Time of request: 2026-09-27T03:54:24.3112242Z
  Time since last request: 0.0006722 seconds.
  importAddress: GUID: b135ec222fdcd11468014c90d11d6821 - Path: Packages/com.unity.test-framework/UnityEngine.TestRunner/TestRunner/RemoteHelpers/RemoteTestData.cs - Importer: ScriptedImporter/UnityEditor.QuickSearchModule:UnityEditor.Search:ASIAI0B
Importing 'GUID: b135ec222fdcd11468014c90d11d6821 - Path: Packages/com.unity.test-framework/UnityEngine.TestRunner/TestRunner/RemoteHelpers/RemoteTestData.cs - Importer: ScriptedImporter/UnityEditor.QuickSearchModule:UnityEditor.Search:ASIAI0B' with importer (ScriptedImporter : UnityEditor.QuickSearchModule:UnityEditor.Search:ASIAI0B)
Imported 'GUID: b135ec222fdcd11468014c90d11d6821' -> (Import Result ID: 'c3b142b663ee69b6c2c4ecf064da250f') in 0.003 seconds [static and dynamic dependencies]. Details - ImportResultOutputID=f3aff23e6d8e319fa78f1a7e6d29bca8 DependenciesID=f9c3b73c99edd00b700cd797e077e612 StaticDependenciesID=9e79480d0de2b3cc34136f3e9e3f4e5c 
Number of updated asset objects reloaded before import = 0
Number of asset objects unloaded after import = 0
========================================================================
Received Import Request.
  Time of request: 2026-09-27T03:54:24.3150063Z
  Time since last request: 0.0005739 seconds.
  importAddress: GUID: aa5dd1a9432747fd89501213ba621de6 - Path: Packages/com.unity.test-framework/UnityEngine.TestRunner/NUnitExtensions/Commands/EnumerableMaxTimeCommand.cs - Importer: ScriptedImporter/UnityEditor.QuickSearchModule:UnityEditor.Search:ASIAI0B
Importing 'GUID: aa5dd1a9432747fd89501213ba621de6 - Path: Packages/com.unity.test-framework/UnityEngine.TestRunner/NUnitExtensions/Commands/EnumerableMaxTimeCommand.cs - Importer: ScriptedImporter/UnityEditor.QuickSearchModule:UnityEditor.Search:ASIAI0B' with importer (ScriptedImporter : UnityEditor.QuickSearchModule:UnityEditor.Search:ASIAI0B)
Imported 'GUID: aa5dd1a9432747fd89501213ba621de6' -> (Import Result ID: 'd6b9aebe4fe76e8532c37f2106d87e9f') in 0.002 seconds [static and dynamic dependencies]. Details - ImportResultOutputID=c168817a914512fe133c556621313514 DependenciesID=c34b8970ed8f1990a8fa03090299428a StaticDependenciesID=137f6bfc5df1e7dcb754fe4a16a24823 
Number of updated asset objects reloaded before import = 0
Number of asset objects unloaded after import = 0
========================================================================
Received Import Request.
  Time of request: 2026-09-27T03:54:24.3176107Z
  Time since last request: 0.0006782 seconds.
  importAddress: GUID: 7d2d4145ec6c42dabb2d7af8e58224db - Path: Packages/com.unity.test-framework/UnityEngine.TestRunner/NUnitExtensions/Commands/TimeoutCommand.cs - Importer: ScriptedImporter/UnityEditor.QuickSearchModule:UnityEditor.Search:ASIAI0B
Importing 'GUID: 7d2d4145ec6c42dabb2d7af8e58224db - Path: Packages/com.unity.test-framework/UnityEngine.TestRunner/NUnitExtensions/Commands/TimeoutCommand.cs - Importer: ScriptedImporter/UnityEditor.QuickSearchModule:UnityEditor.Search:ASIAI0B' with importer (ScriptedImporter : UnityEditor.QuickSearchModule:UnityEditor.Search:ASIAI0B)
Imported 'GUID: 7d2d4145ec6c42dabb2d7af8e58224db' -> (Import Result ID: '8150e575fc05f62ce870eaf1368c5046') in 0.002 seconds [static and dynamic dependencies]. Details - ImportResultOutputID=54627c9b1573c6925bb4abebd59ba344 DependenciesID=8184dda1a191ddd45ccfdab1237976c7 StaticDependenciesID=81e30e6bb42fd888efac2eeb3ef7a497 
Number of updated asset objects reloaded before import = 0
Number of asset objects unloaded after import = 0
========================================================================
Received Import Request.
  Time of request: 2026-09-27T03:54:24.3206501Z
  Time since last request: 0.0007106 seconds.
  importAddress: GUID: dfc336f10b83bd74eaded16a658275c7 - Path: Packages/com.unity.test-framework/UnityEngine.TestRunner/TestRunner/Callbacks/TestResultRendererCallback.cs - Importer: ScriptedImporter/UnityEditor.QuickSearchModule:UnityEditor.Search:ASIAI0B
Importing 'GUID: dfc336f10b83bd74eaded16a658275c7 - Path: Packages/com.unity.test-framework/UnityEngine.TestRunner/TestRunner/Callbacks/TestResultRendererCallback.cs - Importer: ScriptedImporter/UnityEditor.QuickSearchModule:UnityEditor.Search:ASIAI0B' with importer (ScriptedImporter : UnityEditor.QuickSearchModule:UnityEditor.Search:ASIAI0B)
Imported 'GUID: dfc336f10b83bd74eaded16a658275c7' -> (Import Result ID: '79e1835afca3d565bb4e73e025a29f40') in 0.002 seconds [static and dynamic dependencies]. Details - ImportResultOutputID=50654f4e8a1e78f2916c1528d0c0ab76 DependenciesID=f3f50c2ebbf7b04c9dc7bcf085c9e56e StaticDependenciesID=90b703d00b06d7684d49dce20ddd0a13 
Number of updated asset objects reloaded before import = 0
Number of asset objects unloaded after import = 0
========================================================================
Received Import Request.
  Time of request: 2026-09-27T03:54:24.3233681Z
  Time since last request: 0.0006505 seconds.
  importAddress: GUID: 826b6becaef90fb458eedebe4c2f3664 - Path: Packages/com.unity.test-framework/UnityEngine.TestRunner/TestRunner/RemoteHelpers/RemoteTestResultDataFactory.cs - Importer: ScriptedImporter/UnityEditor.QuickSearchModule:UnityEditor.Search:ASIAI0B
Importing 'GUID: 826b6becaef90fb458eedebe4c2f3664 - Path: Packages/com.unity.test-framework/UnityEngine.TestRunner/TestRunner/RemoteHelpers/RemoteTestResultDataFactory.cs - Importer: ScriptedImporter/UnityEditor.QuickSearchModule:UnityEditor.Search:ASIAI0B' with importer (ScriptedImporter : UnityEditor.QuickSearchModule:UnityEditor.Search:ASIAI0B)
Imported 'GUID: 826b6becaef90fb458eedebe4c2f3664' -> (Import Result ID: '3d4d286cb5bc898f6533e4de1e758254') in 0.003 seconds [static and dynamic dependencies]. Details - ImportResultOutputID=40190645394343571905dcd87b6e763a DependenciesID=cb8aa430a1959f01e62cb257d43ed9ff StaticDependenciesID=fee554e0965373012db909c393b2fe99 
Number of updated asset objects reloaded before import = 0
Number of asset objects unloaded after import = 0
========================================================================
Received Import Request.
  Time of request: 2026-09-27T03:54:24.326784Z
  Time since last request: 0.0006196 seconds.
  importAddress: GUID: cbbca1d8a0434be4bbc7f165523763ac - Path: Packages/com.unity.test-framework/UnityEngine.TestRunner/NUnitExtensions/Commands/BeforeAfterTestCommandBase.cs - Importer: ScriptedImporter/UnityEditor.QuickSearchModule:UnityEditor.Search:ASIAI0B
Importing 'GUID: cbbca1d8a0434be4bbc7f165523763ac - Path: Packages/com.unity.test-framework/UnityEngine.TestRunner/NUnitExtensions/Commands/BeforeAfterTestCommandBase.cs - Importer: ScriptedImporter/UnityEditor.QuickSearchModule:UnityEditor.Search:ASIAI0B' with importer (ScriptedImporter : UnityEditor.QuickSearchModule:UnityEditor.Search:ASIAI0B)
Imported 'GUID: cbbca1d8a0434be4bbc7f165523763ac' -> (Import Result ID: '09e060bb9e7453af1955fa5db7ca25a0') in 0.003 seconds [static and dynamic dependencies]. Details - ImportResultOutputID=f743780adf836122bb7f0f67a5271235 DependenciesID=0e6067eceaf18b2738554506b7616535 StaticDependenciesID=056d5dce28f6060dbf7ea3832fb293de 
Number of updated asset objects reloaded before import = 0
Number of asset objects unloaded after import = 0
========================================================================
Received Import Request.
  Time of request: 2026-09-27T03:54:24.3302914Z
  Time since last request: 0.0006492 seconds.
  importAddress: GUID: 8349e42a2b30c7a4abd8678c203428ba - Path: Packages/com.unity.test-framework/UnityEngine.TestRunner/NUnitExtensions/Commands/ImmediateEnumerableCommand.cs - Importer: ScriptedImporter/UnityEditor.QuickSearchModule:UnityEditor.Search:ASIAI0B
Importing 'GUID: 8349e42a2b30c7a4abd8678c203428ba - Path: Packages/com.unity.test-framework/UnityEngine.TestRunner/NUnitExtensions/Commands/ImmediateEnumerableCommand.cs - Importer: ScriptedImporter/UnityEditor.QuickSearchModule:UnityEditor.Search:ASIAI0B' with importer (ScriptedImporter : UnityEditor.QuickSearchModule:UnityEditor.Search:ASIAI0B)
Imported 'GUID: 8349e42a2b30c7a4abd8678c203428ba' -> (Import Result ID: '66e4eb2248b00faee513aef34a915b78') in 0.002 seconds [static and dynamic dependencies]. Details - ImportResultOutputID=082fc9586685872f1e12da8d173aa538 DependenciesID=747b583bd4d4d1efd235d35cb78766ac StaticDependenciesID=279a90378cbda995e750e5ed382cb1fe 
Number of updated asset objects reloaded before import = 0
Number of asset objects unloaded after import = 0
========================================================================
Received Import Request.
  Time of request: 2026-09-27T03:54:24.3337189Z
  Time since last request: 0.000729 seconds.
  importAddress: GUID: 91319408591cec1478efd3c62f9f418a - Path: Packages/com.unity.test-framework/UnityEngine.TestRunner/NUnitExtensions/Filters/AssemblyNameFilter.cs - Importer: ScriptedImporter/UnityEditor.QuickSearchModule:UnityEditor.Search:ASIAI0B
Importing 'GUID: 91319408591cec1478efd3c62f9f418a - Path: Packages/com.unity.test-framework/UnityEngine.TestRunner/NUnitExtensions/Filters/AssemblyNameFilter.cs - Importer: ScriptedImporter/UnityEditor.QuickSearchModule:UnityEditor.Search:ASIAI0B' with importer (ScriptedImporter : UnityEditor.QuickSearchModule:UnityEditor.Search:ASIAI0B)
Imported 'GUID: 91319408591cec1478efd3c62f9f418a' -> (Import Result ID: 'b08067e29afff9d2a499c8530b3340f9') in 0.005 seconds [static and dynamic dependencies]. Details - ImportResultOutputID=aebaa311b1921efbe0dc247699407cc6 DependenciesID=0040d59f85913787fa2efa6395140bdc StaticDependenciesID=88e8d2766457858c90a5f51fc9491261 
Number of updated asset objects reloaded before import = 0
Number of asset objects unloaded after import = 0
========================================================================
Received Import Request.
  Time of request: 2026-09-27T03:54:24.3400529Z
  Time since last request: 0.0006187 seconds.
  importAddress: GUID: 475e3699f219c854f8581a9838135002 - Path: Packages/com.unity.test-framework/UnityEngine.TestRunner/TestRunner/RemoteHelpers/RemoteTestResultDataWithTestData.cs - Importer: ScriptedImporter/UnityEditor.QuickSearchModule:UnityEditor.Search:ASIAI0B
Importing 'GUID: 475e3699f219c854f8581a9838135002 - Path: Packages/com.unity.test-framework/UnityEngine.TestRunner/TestRunner/RemoteHelpers/RemoteTestResultDataWithTestData.cs - Importer: ScriptedImporter/UnityEditor.QuickSearchModule:UnityEditor.Search:ASIAI0B' with importer (ScriptedImporter : UnityEditor.QuickSearchModule:UnityEditor.Search:ASIAI0B)
Imported 'GUID: 475e3699f219c854f8581a9838135002' -> (Import Result ID: 'd27a039a9c9d962121c26f8add6de331') in 0.002 seconds [static and dynamic dependencies]. Details - ImportResultOutputID=07c122bcd5e2cf8067e5a9cf9a769eca DependenciesID=a7d1edcdf4130c1a71d1e6b9171167c4 StaticDependenciesID=0e29c57748bbf0f2ab736426b394aa7f 
Number of updated asset objects reloaded before import = 0
Number of asset objects unloaded after import = 0
========================================================================
Received Import Request.
  Time of request: 2026-09-27T03:54:24.3429512Z
  Time since last request: 0.0006979 seconds.
  importAddress: GUID: f40df9c8cf926b241b093a37028d8815 - Path: Packages/com.unity.test-framework/UnityEngine.TestRunner/NUnitExtensions/Runner/TestCommandBuilder.cs - Importer: ScriptedImporter/UnityEditor.QuickSearchModule:UnityEditor.Search:ASIAI0B
Importing 'GUID: f40df9c8cf926b241b093a37028d8815 - Path: Packages/com.unity.test-framework/UnityEngine.TestRunner/NUnitExtensions/Runner/TestCommandBuilder.cs - Importer: ScriptedImporter/UnityEditor.QuickSearchModule:UnityEditor.Search:ASIAI0B' with importer (ScriptedImporter : UnityEditor.QuickSearchModule:UnityEditor.Search:ASIAI0B)
Imported 'GUID: f40df9c8cf926b241b093a37028d8815' -> (Import Result ID: 'c9ef9dfa419d56e2167a7eb2f3b96ba8') in 0.003 seconds [static and dynamic dependencies]. Details - ImportResultOutputID=d9f83105245c6b4b0752acff11e79dca DependenciesID=21e5231417e6f65134848679ae3ea215 StaticDependenciesID=2b930c53df68e74969125ea6a36b7e74 
Number of updated asset objects reloaded before import = 0
Number of asset objects unloaded after import = 0
========================================================================
Received Import Request.
  Time of request: 2026-09-27T03:54:24.3467136Z
  Time since last request: 0.0008366 seconds.
  importAddress: GUID: fedb0f9e5006b1943abae52f52f08a1a - Path: Packages/com.unity.test-framework/UnityEngine.TestRunner/NUnitExtensions/Attributes/UnityTestAttribute.cs - Importer: ScriptedImporter/UnityEditor.QuickSearchModule:UnityEditor.Search:ASIAI0B
Importing 'GUID: fedb0f9e5006b1943abae52f52f08a1a - Path: Packages/com.unity.test-framework/UnityEngine.TestRunner/NUnitExtensions/Attributes/UnityTestAttribute.cs - Importer: ScriptedImporter/UnityEditor.QuickSearchModule:UnityEditor.Search:ASIAI0B' with importer (ScriptedImporter : UnityEditor.QuickSearchModule:UnityEditor.Search:ASIAI0B)
Imported 'GUID: fedb0f9e5006b1943abae52f52f08a1a' -> (Import Result ID: '147aede91e807b1455f03a183e05e558') in 0.002 seconds [static and dynamic dependencies]. Details - ImportResultOutputID=40342ce7e257c00f48aa353cf143bcaf DependenciesID=cfa8a6a9e466057322852a9e05a8933a StaticDependenciesID=dcc13fb7a3e18ad0c369293188ae5208 
Number of updated asset objects reloaded before import = 0
Number of asset objects unloaded after import = 0
========================================================================
Received Import Request.
  Time of request: 2026-09-27T03:54:24.3500722Z
  Time since last request: 0.0008372 seconds.
  importAddress: GUID: 26721f9940339264fb14bdbfe1290e21 - Path: Packages/com.unity.test-framework/UnityEngine.TestRunner/NUnitExtensions/Runner/RestoreTestContextAfterDomainReload.cs - Importer: ScriptedImporter/UnityEditor.QuickSearchModule:UnityEditor.Search:ASIAI0B
Importing 'GUID: 26721f9940339264fb14bdbfe1290e21 - Path: Packages/com.unity.test-framework/UnityEngine.TestRunner/NUnitExtensions/Runner/RestoreTestContextAfterDomainReload.cs - Importer: ScriptedImporter/UnityEditor.QuickSearchModule:UnityEditor.Search:ASIAI0B' with importer (ScriptedImporter : UnityEditor.QuickSearchModule:UnityEditor.Search:ASIAI0B)
Imported 'GUID: 26721f9940339264fb14bdbfe1290e21' -> (Import Result ID: 'fce240ee28dc5890f3c0d8f25a3aeb6c') in 0.002 seconds [static and dynamic dependencies]. Details - ImportResultOutputID=bb69aa03d520f5fd1c9309ec3333cd26 DependenciesID=1c8b802b4bc6a08aa31ec447e20de4d9 StaticDependenciesID=141b51ccd567cf1857e1d04b6b7546e2 
Number of updated asset objects reloaded before import = 0
Number of asset objects unloaded after import = 0
========================================================================
Received Import Request.
  Time of request: 2026-09-27T03:54:24.3531788Z
  Time since last request: 0.0007039 seconds.
  importAddress: GUID: 600f4b74746dbf944901257f81a8af6d - Path: Packages/com.unity.test-framework/UnityEngine.TestRunner/NUnitExtensions/Attributes/UnityTearDownAttribute.cs - Importer: ScriptedImporter/UnityEditor.QuickSearchModule:UnityEditor.Search:ASIAI0B
Importing 'GUID: 600f4b74746dbf944901257f81a8af6d - Path: Packages/com.unity.test-framework/UnityEngine.TestRunner/NUnitExtensions/Attributes/UnityTearDownAttribute.cs - Importer: ScriptedImporter/UnityEditor.QuickSearchModule:UnityEditor.Search:ASIAI0B' with importer (ScriptedImporter : UnityEditor.QuickSearchModule:UnityEditor.Search:ASIAI0B)
Imported 'GUID: 600f4b74746dbf944901257f81a8af6d' -> (Import Result ID: '9c0e7708d699a4fde9189320e9025061') in 0.004 seconds [static and dynamic dependencies]. Details - ImportResultOutputID=41419d4748279ced7ca7a992ce395bcc DependenciesID=7532964a2077fb7b2984b939b6140a44 StaticDependenciesID=74403af18c16830231b78c956d3c09b7 
Number of updated asset objects reloaded before import = 0
Number of asset objects unloaded after import = 0
========================================================================
Received Import Request.
  Time of request: 2026-09-27T03:54:24.3583243Z
  Time since last request: 0.000654 seconds.
  importAddress: GUID: 898bc38486fc899428fbe5bd6adfe473 - Path: Packages/com.unity.test-framework/UnityEngine.TestRunner/TestRunner/Messages/IEditModeTestYieldInstruction.cs - Importer: ScriptedImporter/UnityEditor.QuickSearchModule:UnityEditor.Search:ASIAI0B
Importing 'GUID: 898bc38486fc899428fbe5bd6adfe473 - Path: Packages/com.unity.test-framework/UnityEngine.TestRunner/TestRunner/Messages/IEditModeTestYieldInstruction.cs - Importer: ScriptedImporter/UnityEditor.QuickSearchModule:UnityEditor.Search:ASIAI0B' with importer (ScriptedImporter : UnityEditor.QuickSearchModule:UnityEditor.Search:ASIAI0B)
Imported 'GUID: 898bc38486fc899428fbe5bd6adfe473' -> (Import Result ID: 'd0cd84067759ab005b6c4d5aa211d8af') in 0.002 seconds [static and dynamic dependencies]. Details - ImportResultOutputID=da51345371a10dade17e6905fe256b9e DependenciesID=1ce14d454ea176e60c5ae7aa4f9e78ff StaticDependenciesID=4e8fcfc996fce6618e029abc504a3b2b 
Number of updated asset objects reloaded before import = 0
Number of asset objects unloaded after import = 0
========================================================================
Received Import Request.
  Time of request: 2026-09-27T03:54:24.3611551Z
  Time since last request: 0.0007216 seconds.
  importAddress: GUID: b557515fff172984e8c4400b43f1c631 - Path: Packages/com.unity.test-framework/UnityEngine.TestRunner/NUnitExtensions/Runner/CoroutineTestWorkItem.cs - Importer: ScriptedImporter/UnityEditor.QuickSearchModule:UnityEditor.Search:ASIAI0B
Importing 'GUID: b557515fff172984e8c4400b43f1c631 - Path: Packages/com.unity.test-framework/UnityEngine.TestRunner/NUnitExtensions/Runner/CoroutineTestWorkItem.cs - Importer: ScriptedImporter/UnityEditor.QuickSearchModule:UnityEditor.Search:ASIAI0B' with importer (ScriptedImporter : UnityEditor.QuickSearchModule:UnityEditor.Search:ASIAI0B)
Imported 'GUID: b557515fff172984e8c4400b43f1c631' -> (Import Result ID: '2c06d297c712c4c69a97b31ec590d2bc') in 0.003 seconds [static and dynamic dependencies]. Details - ImportResultOutputID=de207055c8577cf1492993c5a57e07dd DependenciesID=6d028adced1d6581ecb02eec3e3930cd StaticDependenciesID=b6d36f12d892565c3087049d9f04dd7c 
Number of updated asset objects reloaded before import = 0
Number of asset objects unloaded after import = 0
========================================================================
Received Import Request.
  Time of request: 2026-09-27T03:54:24.3649961Z
  Time since last request: 0.000781 seconds.
  importAddress: GUID: e55eddf2afda488db58fb17f985fee99 - Path: Packages/com.unity.test-framework/UnityEngine.TestRunner/NUnitExtensions/Commands/IgnoreTestCommand.cs - Importer: ScriptedImporter/UnityEditor.QuickSearchModule:UnityEditor.Search:ASIAI0B
Importing 'GUID: e55eddf2afda488db58fb17f985fee99 - Path: Packages/com.unity.test-framework/UnityEngine.TestRunner/NUnitExtensions/Commands/IgnoreTestCommand.cs - Importer: ScriptedImporter/UnityEditor.QuickSearchModule:UnityEditor.Search:ASIAI0B' with importer (ScriptedImporter : UnityEditor.QuickSearchModule:UnityEditor.Search:ASIAI0B)
Imported 'GUID: e55eddf2afda488db58fb17f985fee99' -> (Import Result ID: '12f19ae18ffead6875cbba8486c4cc52') in 0.002 seconds [static and dynamic dependencies]. Details - ImportResultOutputID=776569884d6b0611c95eabb090211ef5 DependenciesID=0d6ca487d61c47c3fd0be38d9782bc61 StaticDependenciesID=2bf587589d68a59271abcdb8ddea7bcf 
Number of updated asset objects reloaded before import = 0
Number of asset objects unloaded after import = 0
========================================================================
Received Import Request.
  Time of request: 2026-09-27T03:54:24.3683353Z
  Time since last request: 0.0007067 seconds.
  importAddress: GUID: 2e3b9bbf2c1a3cd4f88883ca32882ec6 - Path: Packages/com.unity.test-framework/UnityEngine.TestRunner/Utils/AssemblyProvider/AssemblyWrapper.cs - Importer: ScriptedImporter/UnityEditor.QuickSearchModule:UnityEditor.Search:ASIAI0B
Importing 'GUID: 2e3b9bbf2c1a3cd4f88883ca32882ec6 - Path: Packages/com.unity.test-framework/UnityEngine.TestRunner/Utils/AssemblyProvider/AssemblyWrapper.cs - Importer: ScriptedImporter/UnityEditor.QuickSearchModule:UnityEditor.Search:ASIAI0B' with importer (ScriptedImporter : UnityEditor.QuickSearchModule:UnityEditor.Search:ASIAI0B)
Imported 'GUID: 2e3b9bbf2c1a3cd4f88883ca32882ec6' -> (Import Result ID: '8313259644e4f3cbabfe829072c9eb1d') in 0.002 seconds [static and dynamic dependencies]. Details - ImportResultOutputID=a36affe64293cdb3b23b1b5d5d1de4df DependenciesID=c03c297de097dfcf597106131d247de5 StaticDependenciesID=958d389438650d7d95ccedcfa93e79d0 
Number of updated asset objects reloaded before import = 0
Number of asset objects unloaded after import = 0
========================================================================
Received Import Request.
  Time of request: 2026-09-27T03:54:24.3720025Z
  Time since last request: 0.000785 seconds.
  importAddress: GUID: dd85a35169d313840a0874aea1a28629 - Path: Packages/com.unity.test-framework/UnityEngine.TestRunner/NUnitExtensions/Commands/EnumerableSetUpTearDownCommand.cs - Importer: ScriptedImporter/UnityEditor.QuickSearchModule:UnityEditor.Search:ASIAI0B
Importing 'GUID: dd85a35169d313840a0874aea1a28629 - Path: Packages/com.unity.test-framework/UnityEngine.TestRunner/NUnitExtensions/Commands/EnumerableSetUpTearDownCommand.cs - Importer: ScriptedImporter/UnityEditor.QuickSearchModule:UnityEditor.Search:ASIAI0B' with importer (ScriptedImporter : UnityEditor.QuickSearchModule:UnityEditor.Search:ASIAI0B)
Imported 'GUID: dd85a35169d313840a0874aea1a28629' -> (Import Result ID: '0c525f0bd1c4666274d974e6bc880c34') in 0.002 seconds [static and dynamic dependencies]. Details - ImportResultOutputID=36b3a0e011d9d2f1a5769ec3ea190575 DependenciesID=043c3e7377b31a20bf4eb40aecd9dc1b StaticDependenciesID=cc0116c3c1ae2a7aebf77bd0cd9f4d26 
Number of updated asset objects reloaded before import = 0
Number of asset objects unloaded after import = 0
========================================================================
Received Import Request.
  Time of request: 2026-09-27T03:54:24.3753768Z
  Time since last request: 0.0006431 seconds.
  importAddress: GUID: 7ef6801a8b664544aa9f2ab1bc1f8b60 - Path: Packages/com.unity.test-framework/UnityEngine.TestRunner/NUnitExtensions/Runner/PlaymodeWorkItemFactory.cs - Importer: ScriptedImporter/UnityEditor.QuickSearchModule:UnityEditor.Search:ASIAI0B
Importing 'GUID: 7ef6801a8b664544aa9f2ab1bc1f8b60 - Path: Packages/com.unity.test-framework/UnityEngine.TestRunner/NUnitExtensions/Runner/PlaymodeWorkItemFactory.cs - Importer: ScriptedImporter/UnityEditor.QuickSearchModule:UnityEditor.Search:ASIAI0B' with importer (ScriptedImporter : UnityEditor.QuickSearchModule:UnityEditor.Search:ASIAI0B)
Imported 'GUID: 7ef6801a8b664544aa9f2ab1bc1f8b60' -> (Import Result ID: '22ed42f9480674a7b4dfdbb4e554783f') in 0.002 seconds [static and dynamic dependencies]. Details - ImportResultOutputID=51d5a8c1ad470e185b58aba97e90d1b5 DependenciesID=8dd859beff034ac6d7468bbe8a409247 StaticDependenciesID=d5cb2151a9abc241d1a2dc3eddaf1f48 
Number of updated asset objects reloaded before import = 0
Number of asset objects unloaded after import = 0
========================================================================
Received Import Request.
  Time of request: 2026-09-27T03:54:24.3789409Z
  Time since last request: 0.0006749 seconds.
  importAddress: GUID: 0d4fc309a0784294c8ab658b53b12320 - Path: Packages/com.unity.test-framework/UnityEngine.TestRunner/NUnitExtensions/Commands/OuterUnityTestActionCommand.cs - Importer: ScriptedImporter/UnityEditor.QuickSearchModule:UnityEditor.Search:ASIAI0B
Importing 'GUID: 0d4fc309a0784294c8ab658b53b12320 - Path: Packages/com.unity.test-framework/UnityEngine.TestRunner/NUnitExtensions/Commands/OuterUnityTestActionCommand.cs - Importer: ScriptedImporter/UnityEditor.QuickSearchModule:UnityEditor.Search:ASIAI0B' with importer (ScriptedImporter : UnityEditor.QuickSearchModule:UnityEditor.Search:ASIAI0B)
Imported 'GUID: 0d4fc309a0784294c8ab658b53b12320' -> (Import Result ID: 'd4c3df0476011329a0a083deb35c8f30') in 0.002 seconds [static and dynamic dependencies]. Details - ImportResultOutputID=c02761e04f8bc91db61f1bec272b3042 DependenciesID=2c5ca3178e7a24ae28c6e66a5591a6e0 StaticDependenciesID=ec8acc57a7467246f91654c75fbc05a6 
Number of updated asset objects reloaded before import = 0
Number of asset objects unloaded after import = 0
========================================================================
Received Import Request.
  Time of request: 2026-09-27T03:54:24.3823793Z
  Time since last request: 0.0006793 seconds.
  importAddress: GUID: 3cf5cb9e1ef590c48b1f919f2a7bd895 - Path: Packages/com.unity.test-framework/UnityEngine.TestRunner/TestRunner/Callbacks/PlayModeRunnerCallback.cs - Importer: ScriptedImporter/UnityEditor.QuickSearchModule:UnityEditor.Search:ASIAI0B
Importing 'GUID: 3cf5cb9e1ef590c48b1f919f2a7bd895 - Path: Packages/com.unity.test-framework/UnityEngine.TestRunner/TestRunner/Callbacks/PlayModeRunnerCallback.cs - Importer: ScriptedImporter/UnityEditor.QuickSearchModule:UnityEditor.Search:ASIAI0B' with importer (ScriptedImporter : UnityEditor.QuickSearchModule:UnityEditor.Search:ASIAI0B)
Imported 'GUID: 3cf5cb9e1ef590c48b1f919f2a7bd895' -> (Import Result ID: '890dc3bfd274bf2a6f82c7791b150ccc') in 0.002 seconds [static and dynamic dependencies]. Details - ImportResultOutputID=6f93bccd2d09547b805b41897ab87bd3 DependenciesID=470f435b8c32af90e829d0f3c010b35e StaticDependenciesID=cd77976ac6054ca2409bb13dc427508f 
Number of updated asset objects reloaded before import = 0
Number of asset objects unloaded after import = 0
========================================================================
Received Import Request.
  Time of request: 2026-09-27T03:54:24.3857965Z
  Time since last request: 0.0007132 seconds.
  importAddress: GUID: 33e6b78c96bb0694e96383e3c56b7b54 - Path: Packages/com.unity.test-framework/UnityEngine.TestRunner/NUnitExtensions/Commands/TestCommandPcHelper.cs - Importer: ScriptedImporter/UnityEditor.QuickSearchModule:UnityEditor.Search:ASIAI0B
Importing 'GUID: 33e6b78c96bb0694e96383e3c56b7b54 - Path: Packages/com.unity.test-framework/UnityEngine.TestRunner/NUnitExtensions/Commands/TestCommandPcHelper.cs - Importer: ScriptedImporter/UnityEditor.QuickSearchModule:UnityEditor.Search:ASIAI0B' with importer (ScriptedImporter : UnityEditor.QuickSearchModule:UnityEditor.Search:ASIAI0B)
Imported 'GUID: 33e6b78c96bb0694e96383e3c56b7b54' -> (Import Result ID: 'c9ffdc0f544c448f4813ca207d960843') in 0.002 seconds [static and dynamic dependencies]. Details - ImportResultOutputID=7a892ee4edf5042a7abec06bfe07dbff DependenciesID=8ecae49279611028ed8526b73602d843 StaticDependenciesID=e315c9c1c6bae81ede88fe6072cb5b8f 
Number of updated asset objects reloaded before import = 0
Number of asset objects unloaded after import = 0
========================================================================
Received Import Request.
  Time of request: 2026-09-27T03:54:24.3887667Z
  Time since last request: 0.0007434 seconds.
  importAddress: GUID: 5b3e90046c38f1d4dad2e0d5a79e871c - Path: Packages/com.unity.test-framework/UnityEngine.TestRunner/NUnitExtensions/Runner/UnityWorkItemDataHolder.cs - Importer: ScriptedImporter/UnityEditor.QuickSearchModule:UnityEditor.Search:ASIAI0B
Importing 'GUID: 5b3e90046c38f1d4dad2e0d5a79e871c - Path: Packages/com.unity.test-framework/UnityEngine.TestRunner/NUnitExtensions/Runner/UnityWorkItemDataHolder.cs - Importer: ScriptedImporter/UnityEditor.QuickSearchModule:UnityEditor.Search:ASIAI0B' with importer (ScriptedImporter : UnityEditor.QuickSearchModule:UnityEditor.Search:ASIAI0B)
Imported 'GUID: 5b3e90046c38f1d4dad2e0d5a79e871c' -> (Import Result ID: '0e34185ff830285e6ec6309961ca1ce1') in 0.002 seconds [static and dynamic dependencies]. Details - ImportResultOutputID=93dd39ba408a0a522d84bca4f88eedee DependenciesID=cb2f2ce44254a8092690122fe365090e StaticDependenciesID=c9f096df6bd457106d2b920236d4938c 
Number of updated asset objects reloaded before import = 0
Number of asset objects unloaded after import = 0
========================================================================
Received Import Request.
  Time of request: 2026-09-27T03:54:24.3917982Z
  Time since last request: 0.0006383 seconds.
  importAddress: GUID: 1e42d5fdba604f0786aac7fcaaa84cf7 - Path: Packages/com.unity.test-framework/UnityEngine.TestRunner/NUnitExtensions/Filters/EditorOnlyFilter.cs - Importer: ScriptedImporter/UnityEditor.QuickSearchModule:UnityEditor.Search:ASIAI0B
Importing 'GUID: 1e42d5fdba604f0786aac7fcaaa84cf7 - Path: Packages/com.unity.test-framework/UnityEngine.TestRunner/NUnitExtensions/Filters/EditorOnlyFilter.cs - Importer: ScriptedImporter/UnityEditor.QuickSearchModule:UnityEditor.Search:ASIAI0B' with importer (ScriptedImporter : UnityEditor.QuickSearchModule:UnityEditor.Search:ASIAI0B)
Imported 'GUID: 1e42d5fdba604f0786aac7fcaaa84cf7' -> (Import Result ID: '62a70a63d9fa4eefedd2cdfe59b35db9') in 0.002 seconds [static and dynamic dependencies]. Details - ImportResultOutputID=87b24c6fc2db5fc667a014739186bf58 DependenciesID=a0b913e8581ac4a9126fac2af77f6f18 StaticDependenciesID=76e983072e0d67fb550b43e7d8dcbde2 
Number of updated asset objects reloaded before import = 0
Number of asset objects unloaded after import = 0
========================================================================
Received Import Request.
  Time of request: 2026-09-27T03:54:24.3952122Z
  Time since last request: 0.0007515 seconds.
  importAddress: GUID: c7cfda246e604b945b12b7afedb094ce - Path: Packages/com.unity.test-framework/UnityEngine.TestRunner/NUnitExtensions/Runner/DefaultTestWorkItem.cs - Importer: ScriptedImporter/UnityEditor.QuickSearchModule:UnityEditor.Search:ASIAI0B
Importing 'GUID: c7cfda246e604b945b12b7afedb094ce - Path: Packages/com.unity.test-framework/UnityEngine.TestRunner/NUnitExtensions/Runner/DefaultTestWorkItem.cs - Importer: ScriptedImporter/UnityEditor.QuickSearchModule:UnityEditor.Search:ASIAI0B' with importer (ScriptedImporter : UnityEditor.QuickSearchModule:UnityEditor.Search:ASIAI0B)
Imported 'GUID: c7cfda246e604b945b12b7afedb094ce' -> (Import Result ID: '2ea3006008b7579b3ca381bf80eab403') in 0.003 seconds [static and dynamic dependencies]. Details - ImportResultOutputID=52bb2e75b80f7be3f57a9859241a3f7f DependenciesID=27661c929224c785450c6fc6e4aa4671 StaticDependenciesID=3b89ff4687da7b0f3f6afd860a283730 
Number of updated asset objects reloaded before import = 0
Number of asset objects unloaded after import = 0
========================================================================
Received Import Request.
  Time of request: 2026-09-27T03:54:24.3991847Z
  Time since last request: 0.0010803 seconds.
  importAddress: GUID: 19a6f000f81e24c4a826c1abd43e77c7 - Path: Packages/com.unity.test-framework/UnityEngine.TestRunner/NUnitExtensions/Commands/EnumerableTestMethodCommand.cs - Importer: ScriptedImporter/UnityEditor.QuickSearchModule:UnityEditor.Search:ASIAI0B
Importing 'GUID: 19a6f000f81e24c4a826c1abd43e77c7 - Path: Packages/com.unity.test-framework/UnityEngine.TestRunner/NUnitExtensions/Commands/EnumerableTestMethodCommand.cs - Importer: ScriptedImporter/UnityEditor.QuickSearchModule:UnityEditor.Search:ASIAI0B' with importer (ScriptedImporter : UnityEditor.QuickSearchModule:UnityEditor.Search:ASIAI0B)
Imported 'GUID: 19a6f000f81e24c4a826c1abd43e77c7' -> (Import Result ID: '9ee4d0eb6e36e639133ccd5b7905c27b') in 0.002 seconds [static and dynamic dependencies]. Details - ImportResultOutputID=a83f2ab43d68b875323e8d9205ba3ac8 DependenciesID=7f091a1980f80b324432b02a26e98654 StaticDependenciesID=627c9bf9788badd579acda7a0613bfe1 
Number of updated asset objects reloaded before import = 0
Number of asset objects unloaded after import = 0
========================================================================
Received Import Request.
  Time of request: 2026-09-27T03:54:24.4024901Z
  Time since last request: 0.0006356 seconds.
  importAddress: GUID: fb593906b7b6d824087dcaebf6c082e0 - Path: Packages/com.unity.test-framework/UnityEngine.TestRunner/Utils/AssemblyProvider/AssemblyLoadProxy.cs - Importer: ScriptedImporter/UnityEditor.QuickSearchModule:UnityEditor.Search:ASIAI0B
Importing 'GUID: fb593906b7b6d824087dcaebf6c082e0 - Path: Packages/com.unity.test-framework/UnityEngine.TestRunner/Utils/AssemblyProvider/AssemblyLoadProxy.cs - Importer: ScriptedImporter/UnityEditor.QuickSearchModule:UnityEditor.Search:ASIAI0B' with importer (ScriptedImporter : UnityEditor.QuickSearchModule:UnityEditor.Search:ASIAI0B)
Imported 'GUID: fb593906b7b6d824087dcaebf6c082e0' -> (Import Result ID: 'f69524fbf445f39ced4e2d9d1cc9e0f3') in 0.002 seconds [static and dynamic dependencies]. Details - ImportResultOutputID=f722bb5e2dc1bc23e9e24535a4471fac DependenciesID=fde6c105f3cc5b67aec57a7a75d89177 StaticDependenciesID=79eba47e674f4c2be7e45eed385be47d 
Number of updated asset objects reloaded before import = 0
Number of asset objects unloaded after import = 0
========================================================================
Received Import Request.
  Time of request: 2026-09-27T03:54:24.4056169Z
  Time since last request: 0.0006849 seconds.
  importAddress: GUID: 8c20c76a75f088a46933d6a707744be4 - Path: Packages/com.unity.test-framework/UnityEngine.TestRunner/NUnitExtensions/Runner/ITestCommandWrapper.cs - Importer: ScriptedImporter/UnityEditor.QuickSearchModule:UnityEditor.Search:ASIAI0B
Importing 'GUID: 8c20c76a75f088a46933d6a707744be4 - Path: Packages/com.unity.test-framework/UnityEngine.TestRunner/NUnitExtensions/Runner/ITestCommandWrapper.cs - Importer: ScriptedImporter/UnityEditor.QuickSearchModule:UnityEditor.Search:ASIAI0B' with importer (ScriptedImporter : UnityEditor.QuickSearchModule:UnityEditor.Search:ASIAI0B)
Imported 'GUID: 8c20c76a75f088a46933d6a707744be4' -> (Import Result ID: '2e1540f0dd52d79eeddb59bd4026027a') in 0.003 seconds [static and dynamic dependencies]. Details - ImportResultOutputID=0681d751146d9f8c8918b8df78480a75 DependenciesID=3d246516539e29222b38cffb456af2b3 StaticDependenciesID=42f8633c60821568119105302c7188a2 
Number of updated asset objects reloaded before import = 0
Number of asset objects unloaded after import = 0
========================================================================
Received Import Request.
  Time of request: 2026-09-27T03:54:24.409141Z
  Time since last request: 0.0006862 seconds.
  importAddress: GUID: e948790d8b7e42e2abef6c45c5bc4c76 - Path: Packages/com.unity.test-framework/UnityEngine.TestRunner/NUnitExtensions/Filters/NonExplicitFilter.cs - Importer: ScriptedImporter/UnityEditor.QuickSearchModule:UnityEditor.Search:ASIAI0B
Importing 'GUID: e948790d8b7e42e2abef6c45c5bc4c76 - Path: Packages/com.unity.test-framework/UnityEngine.TestRunner/NUnitExtensions/Filters/NonExplicitFilter.cs - Importer: ScriptedImporter/UnityEditor.QuickSearchModule:UnityEditor.Search:ASIAI0B' with importer (ScriptedImporter : UnityEditor.QuickSearchModule:UnityEditor.Search:ASIAI0B)
Imported 'GUID: e948790d8b7e42e2abef6c45c5bc4c76' -> (Import Result ID: '68e8f90473d254373da224ccf6b60120') in 0.002 seconds [static and dynamic dependencies]. Details - ImportResultOutputID=c80a146822fe1267c887cdf1896d9cef DependenciesID=bdf27658d57b86cb062b0da7c7dbf16e StaticDependenciesID=8aa3ddb3263b4a31d1778ba00bc366fd 
Number of updated asset objects reloaded before import = 0
Number of asset objects unloaded after import = 0
========================================================================
Received Import Request.
  Time of request: 2026-09-27T03:54:24.4127117Z
  Time since last request: 0.000767 seconds.
  importAddress: GUID: 03e4d63665d06f04c8a6cf68133c1592 - Path: Packages/com.unity.test-framework/UnityEngine.TestRunner/TestRunner/RemoteHelpers/RemoteTestResultData.cs - Importer: ScriptedImporter/UnityEditor.QuickSearchModule:UnityEditor.Search:ASIAI0B
Importing 'GUID: 03e4d63665d06f04c8a6cf68133c1592 - Path: Packages/com.unity.test-framework/UnityEngine.TestRunner/TestRunner/RemoteHelpers/RemoteTestResultData.cs - Importer: ScriptedImporter/UnityEditor.QuickSearchModule:UnityEditor.Search:ASIAI0B' with importer (ScriptedImporter : UnityEditor.QuickSearchModule:UnityEditor.Search:ASIAI0B)
Imported 'GUID: 03e4d63665d06f04c8a6cf68133c1592' -> (Import Result ID: 'e73597f907058fa7f8789e1cade88fb6') in 0.004 seconds [static and dynamic dependencies]. Details - ImportResultOutputID=bc25582c2c63f2208aa4360a5e588e41 DependenciesID=9ec0e4677ff3927047cbcea46db4b1fa StaticDependenciesID=323c40c026c112d405250f2951fcb706 
Number of updated asset objects reloaded before import = 0
Number of asset objects unloaded after import = 0
========================================================================
Received Import Request.
  Time of request: 2026-09-27T03:54:24.4178078Z
  Time since last request: 0.0006729 seconds.
  importAddress: GUID: 3b4429eff9fcffb48b006e8edcc90338 - Path: Packages/com.unity.test-framework/UnityEngine.TestRunner/NUnitExtensions/Commands/EnumerableApplyChangesToContextCommand.cs - Importer: ScriptedImporter/UnityEditor.QuickSearchModule:UnityEditor.Search:ASIAI0B
Importing 'GUID: 3b4429eff9fcffb48b006e8edcc90338 - Path: Packages/com.unity.test-framework/UnityEngine.TestRunner/NUnitExtensions/Commands/EnumerableApplyChangesToContextCommand.cs - Importer: ScriptedImporter/UnityEditor.QuickSearchModule:UnityEditor.Search:ASIAI0B' with importer (ScriptedImporter : UnityEditor.QuickSearchModule:UnityEditor.Search:ASIAI0B)
Imported 'GUID: 3b4429eff9fcffb48b006e8edcc90338' -> (Import Result ID: 'ff01dcb3e3b5daadb7624041a9627afb') in 0.003 seconds [static and dynamic dependencies]. Details - ImportResultOutputID=8e6749c04be50884a28a12bfb1becb4b DependenciesID=cf62df2dcef8ba008416725ef3456f2c StaticDependenciesID=c04268c26c7607793574ddec26260957 
Number of updated asset objects reloaded before import = 0
Number of asset objects unloaded after import = 0
========================================================================
Received Import Request.
  Time of request: 2026-09-27T03:54:24.4213455Z
  Time since last request: 0.0006657 seconds.
  importAddress: GUID: 9bbdc426fc0a48e1b66deaac7ea8f64c - Path: Packages/com.unity.test-framework/UnityEngine.TestRunner/NUnitExtensions/Commands/IgnoreTest.cs - Importer: ScriptedImporter/UnityEditor.QuickSearchModule:UnityEditor.Search:ASIAI0B
Importing 'GUID: 9bbdc426fc0a48e1b66deaac7ea8f64c - Path: Packages/com.unity.test-framework/UnityEngine.TestRunner/NUnitExtensions/Commands/IgnoreTest.cs - Importer: ScriptedImporter/UnityEditor.QuickSearchModule:UnityEditor.Search:ASIAI0B' with importer (ScriptedImporter : UnityEditor.QuickSearchModule:UnityEditor.Search:ASIAI0B)
Imported 'GUID: 9bbdc426fc0a48e1b66deaac7ea8f64c' -> (Import Result ID: '2e751cc101dba62a774e7545da620aca') in 0.002 seconds [static and dynamic dependencies]. Details - ImportResultOutputID=dcc0824dbc39efdc0251ee3e35e045d2 DependenciesID=e4021ba4eae9e29e004b3b8f4d8b15ba StaticDependenciesID=22284f608ef963745d250e488a139a3b 
Number of updated asset objects reloaded before import = 0
Number of asset objects unloaded after import = 0
========================================================================
Received Import Request.
  Time of request: 2026-09-27T03:54:24.424845Z
  Time since last request: 0.0008693 seconds.
  importAddress: GUID: 874e40a588dbb1e48bc128d686337d4e - Path: Packages/com.unity.test-framework/UnityEngine.TestRunner/NUnitExtensions/Runner/UnityTestAssemblyRunner.cs - Importer: ScriptedImporter/UnityEditor.QuickSearchModule:UnityEditor.Search:ASIAI0B
Importing 'GUID: 874e40a588dbb1e48bc128d686337d4e - Path: Packages/com.unity.test-framework/UnityEngine.TestRunner/NUnitExtensions/Runner/UnityTestAssemblyRunner.cs - Importer: ScriptedImporter/UnityEditor.QuickSearchModule:UnityEditor.Search:ASIAI0B' with importer (ScriptedImporter : UnityEditor.QuickSearchModule:UnityEditor.Search:ASIAI0B)
Imported 'GUID: 874e40a588dbb1e48bc128d686337d4e' -> (Import Result ID: '32bebecddd7a2a2d80b15ff9438584be') in 0.003 seconds [static and dynamic dependencies]. Details - ImportResultOutputID=4168c1982f8a0e24223d90045a7d3c8a DependenciesID=b4e916759666190cb6de782254b0e415 StaticDependenciesID=d0254a64b5fed7f0032b7e3658ce799b 
Number of updated asset objects reloaded before import = 0
Number of asset objects unloaded after import = 0
========================================================================
Received Import Request.
  Time of request: 2026-09-27T03:54:24.4284475Z
  Time since last request: 0.0007798 seconds.
  importAddress: GUID: dbd43d8a3b8122d4e89b055f53382b11 - Path: Packages/com.unity.test-framework/UnityEngine.TestRunner/NUnitExtensions/Runner/IEnumerableTestMethodCommand.cs - Importer: ScriptedImporter/UnityEditor.QuickSearchModule:UnityEditor.Search:ASIAI0B
Importing 'GUID: dbd43d8a3b8122d4e89b055f53382b11 - Path: Packages/com.unity.test-framework/UnityEngine.TestRunner/NUnitExtensions/Runner/IEnumerableTestMethodCommand.cs - Importer: ScriptedImporter/UnityEditor.QuickSearchModule:UnityEditor.Search:ASIAI0B' with importer (ScriptedImporter : UnityEditor.QuickSearchModule:UnityEditor.Search:ASIAI0B)
Imported 'GUID: dbd43d8a3b8122d4e89b055f53382b11' -> (Import Result ID: '30ab856979ed5093a261afc9a2e5e0f0') in 0.002 seconds [static and dynamic dependencies]. Details - ImportResultOutputID=1d6583beb7c1db932bd58c562d3dfb11 DependenciesID=d6c3e515defca1fda6666b76c7d6f79d StaticDependenciesID=638fc1c5ac3ee9dba3cd64f36a74afce 
Number of updated asset objects reloaded before import = 0
Number of asset objects unloaded after import = 0
========================================================================
Received Import Request.
  Time of request: 2026-09-27T03:54:24.4318198Z
  Time since last request: 0.0006198 seconds.
  importAddress: GUID: cc294d4e597b4ba5acf52ad834cce210 - Path: Packages/com.unity.test-framework/UnityEngine.TestRunner/NUnitExtensions/Commands/StrictCheckCommand.cs - Importer: ScriptedImporter/UnityEditor.QuickSearchModule:UnityEditor.Search:ASIAI0B
Importing 'GUID: cc294d4e597b4ba5acf52ad834cce210 - Path: Packages/com.unity.test-framework/UnityEngine.TestRunner/NUnitExtensions/Commands/StrictCheckCommand.cs - Importer: ScriptedImporter/UnityEditor.QuickSearchModule:UnityEditor.Search:ASIAI0B' with importer (ScriptedImporter : UnityEditor.QuickSearchModule:UnityEditor.Search:ASIAI0B)
Imported 'GUID: cc294d4e597b4ba5acf52ad834cce210' -> (Import Result ID: '205e7aa171e8c82aed964f4d67a2b5ca') in 0.002 seconds [static and dynamic dependencies]. Details - ImportResultOutputID=531f5bd1326406d92e4d8297430c0189 DependenciesID=dc091954e7ffd3d4f97a502c56dd9479 StaticDependenciesID=516a42e4eb9b50f857964b546f634783 
Number of updated asset objects reloaded before import = 0
Number of asset objects unloaded after import = 0
========================================================================
Received Import Request.
  Time of request: 2026-09-27T03:54:24.4350378Z
  Time since last request: 0.0006996 seconds.
  importAddress: GUID: 356852e4738840b4b1ab533d3a66f0e1 - Path: Packages/com.unity.test-framework/UnityEngine.TestRunner/NUnitExtensions/Commands/EnumerableTestState.cs - Importer: ScriptedImporter/UnityEditor.QuickSearchModule:UnityEditor.Search:ASIAI0B
Importing 'GUID: 356852e4738840b4b1ab533d3a66f0e1 - Path: Packages/com.unity.test-framework/UnityEngine.TestRunner/NUnitExtensions/Commands/EnumerableTestState.cs - Importer: ScriptedImporter/UnityEditor.QuickSearchModule:UnityEditor.Search:ASIAI0B' with importer (ScriptedImporter : UnityEditor.QuickSearchModule:UnityEditor.Search:ASIAI0B)
Imported 'GUID: 356852e4738840b4b1ab533d3a66f0e1' -> (Import Result ID: '49f40ce31fc5954801a96a3199cccc1b') in 0.002 seconds [static and dynamic dependencies]. Details - ImportResultOutputID=9793291abb30fd86329b4741f2612d94 DependenciesID=e0b1591c9104da9b4281890ba04cb4e3 StaticDependenciesID=f6acb28ab29eefe617a331521bf15e0c 
Number of updated asset objects reloaded before import = 0
Number of asset objects unloaded after import = 0
========================================================================
Received Import Request.
  Time of request: 2026-09-27T03:54:24.4378765Z
  Time since last request: 0.0006827 seconds.
  importAddress: GUID: 6de2f178a24cd2e48a0816cacd9a0583 - Path: Packages/com.unity.test-framework/UnityEngine.TestRunner/NUnitExtensions/Commands/EnumerableRetryTestCommand.cs - Importer: ScriptedImporter/UnityEditor.QuickSearchModule:UnityEditor.Search:ASIAI0B
Importing 'GUID: 6de2f178a24cd2e48a0816cacd9a0583 - Path: Packages/com.unity.test-framework/UnityEngine.TestRunner/NUnitExtensions/Commands/EnumerableRetryTestCommand.cs - Importer: ScriptedImporter/UnityEditor.QuickSearchModule:UnityEditor.Search:ASIAI0B' with importer (ScriptedImporter : UnityEditor.QuickSearchModule:UnityEditor.Search:ASIAI0B)
Imported 'GUID: 6de2f178a24cd2e48a0816cacd9a0583' -> (Import Result ID: '20cc77021bfb6230a5a45edf66baa50e') in 0.002 seconds [static and dynamic dependencies]. Details - ImportResultOutputID=9934b3e864c8bdbef58288f1269709a6 DependenciesID=023e83dbd0f63050a6dd9490d19384cb StaticDependenciesID=c93bec72693988473ae53f401f44f831 
Number of updated asset objects reloaded before import = 0
Number of asset objects unloaded after import = 0
========================================================================
Received Import Request.
  Time of request: 2026-09-27T03:54:24.4411182Z
  Time since last request: 0.0007478 seconds.
  importAddress: GUID: 94cf1990d9304aff8063ceaa4bc68f6d - Path: Packages/com.unity.test-framework/UnityEngine.TestRunner/NUnitExtensions/Filters/AndFilterExtended.cs - Importer: ScriptedImporter/UnityEditor.QuickSearchModule:UnityEditor.Search:ASIAI0B
Importing 'GUID: 94cf1990d9304aff8063ceaa4bc68f6d - Path: Packages/com.unity.test-framework/UnityEngine.TestRunner/NUnitExtensions/Filters/AndFilterExtended.cs - Importer: ScriptedImporter/UnityEditor.QuickSearchModule:UnityEditor.Search:ASIAI0B' with importer (ScriptedImporter : UnityEditor.QuickSearchModule:UnityEditor.Search:ASIAI0B)
Imported 'GUID: 94cf1990d9304aff8063ceaa4bc68f6d' -> (Import Result ID: '15974bcc67fdd71733a2b43fc3c103be') in 0.002 seconds [static and dynamic dependencies]. Details - ImportResultOutputID=6d97eaaad4092601771e32ed694d10fe DependenciesID=b3c97ea277031f4bf1af36e60e4cd868 StaticDependenciesID=81f618c8db506149c2a21ff90ffa52b6 
Number of updated asset objects reloaded before import = 0
Number of asset objects unloaded after import = 0
========================================================================
Received Import Request.
  Time of request: 2026-09-27T03:54:24.4446109Z
  Time since last request: 0.0015597 seconds.
  importAddress: GUID: 20793418366caf14293b29c55df5e9ec - Path: Packages/com.unity.test-framework/UnityEngine.TestRunner/TestRunner/Callbacks/RemoteTestResultSender.cs - Importer: ScriptedImporter/UnityEditor.QuickSearchModule:UnityEditor.Search:ASIAI0B
Importing 'GUID: 20793418366caf14293b29c55df5e9ec - Path: Packages/com.unity.test-framework/UnityEngine.TestRunner/TestRunner/Callbacks/RemoteTestResultSender.cs - Importer: ScriptedImporter/UnityEditor.QuickSearchModule:UnityEditor.Search:ASIAI0B' with importer (ScriptedImporter : UnityEditor.QuickSearchModule:UnityEditor.Search:ASIAI0B)
Imported 'GUID: 20793418366caf14293b29c55df5e9ec' -> (Import Result ID: '349513709091b1e9de930ddbf6d97fb5') in 0.003 seconds [static and dynamic dependencies]. Details - ImportResultOutputID=5d89b5bce93ac9bd3fa5025fcfaac1de DependenciesID=e8b876173cb3945043162be64910f92d StaticDependenciesID=cc58c09c5cd80339bc01d901604dbdbf 
Number of updated asset objects reloaded before import = 0
Number of asset objects unloaded after import = 0
========================================================================
Received Import Request.
  Time of request: 2026-09-27T03:54:24.4481506Z
  Time since last request: 0.000673 seconds.
  importAddress: GUID: 74987b94d22047d8b286a727906b7019 - Path: Packages/com.unity.test-framework/UnityEngine.TestRunner/NUnitExtensions/Commands/ParametrizedIgnoreCommand.cs - Importer: ScriptedImporter/UnityEditor.QuickSearchModule:UnityEditor.Search:ASIAI0B
Importing 'GUID: 74987b94d22047d8b286a727906b7019 - Path: Packages/com.unity.test-framework/UnityEngine.TestRunner/NUnitExtensions/Commands/ParametrizedIgnoreCommand.cs - Importer: ScriptedImporter/UnityEditor.QuickSearchModule:UnityEditor.Search:ASIAI0B' with importer (ScriptedImporter : UnityEditor.QuickSearchModule:UnityEditor.Search:ASIAI0B)
Imported 'GUID: 74987b94d22047d8b286a727906b7019' -> (Import Result ID: '0487d9fe0aaf5b5ecc480cc80dda0210') in 0.002 seconds [static and dynamic dependencies]. Details - ImportResultOutputID=eafb3c49299d6801062ab2890b15ce0b DependenciesID=8dbf406fd566fafddb53f1fdfb74ca17 StaticDependenciesID=ce51284a6962105976eca4a3e2064011 
Number of updated asset objects reloaded before import = 0
Number of asset objects unloaded after import = 0
========================================================================
Received Import Request.
  Time of request: 2026-09-27T03:54:24.4507989Z
  Time since last request: 0.0005068 seconds.
  importAddress: GUID: ad85854b14d4140d88447bdce2fac91f - Path: Packages/com.unity.test-framework/UnityEngine.TestRunner/NUnitExtensions/Commands/TaskTestMethodCommand.cs - Importer: ScriptedImporter/UnityEditor.QuickSearchModule:UnityEditor.Search:ASIAI0B
Importing 'GUID: ad85854b14d4140d88447bdce2fac91f - Path: Packages/com.unity.test-framework/UnityEngine.TestRunner/NUnitExtensions/Commands/TaskTestMethodCommand.cs - Importer: ScriptedImporter/UnityEditor.QuickSearchModule:UnityEditor.Search:ASIAI0B' with importer (ScriptedImporter : UnityEditor.QuickSearchModule:UnityEditor.Search:ASIAI0B)
Imported 'GUID: ad85854b14d4140d88447bdce2fac91f' -> (Import Result ID: '1211bc949c2a7adf48c1309cece8b361') in 0.002 seconds [static and dynamic dependencies]. Details - ImportResultOutputID=27422f201d09b0aa53b036d5683af087 DependenciesID=085e62c2e926d87c5f63560c128fafa1 StaticDependenciesID=4d8a22228baaf84adce720c7e332d702 
Number of updated asset objects reloaded before import = 0
Number of asset objects unloaded after import = 0
========================================================================
Received Import Request.
  Time of request: 2026-09-27T03:54:24.4536947Z
  Time since last request: 0.0007016 seconds.
  importAddress: GUID: f07fb40f4e944ebeb84eb8f8a6bb5b13 - Path: Packages/com.unity.test-framework/UnityEngine.TestRunner/NUnitExtensions/Filters/FullNameFilter.cs - Importer: ScriptedImporter/UnityEditor.QuickSearchModule:UnityEditor.Search:ASIAI0B
Importing 'GUID: f07fb40f4e944ebeb84eb8f8a6bb5b13 - Path: Packages/com.unity.test-framework/UnityEngine.TestRunner/NUnitExtensions/Filters/FullNameFilter.cs - Importer: ScriptedImporter/UnityEditor.QuickSearchModule:UnityEditor.Search:ASIAI0B' with importer (ScriptedImporter : UnityEditor.QuickSearchModule:UnityEditor.Search:ASIAI0B)
Imported 'GUID: f07fb40f4e944ebeb84eb8f8a6bb5b13' -> (Import Result ID: '1e8d679fe509caaa23eeb03834aab783') in 0.002 seconds [static and dynamic dependencies]. Details - ImportResultOutputID=e9c5205f3fdd27219194eff04f9f59df DependenciesID=0df37e496958f5eaf2db9d17a0f86334 StaticDependenciesID=e4c4272aa9300163fc41d6d60991ecf7 
Number of updated asset objects reloaded before import = 0
Number of asset objects unloaded after import = 0
========================================================================
Received Import Request.
  Time of request: 2026-09-27T03:54:24.456997Z
  Time since last request: 0.0008251 seconds.
  importAddress: GUID: f8ed0b11850145c4995dd76170bb2500 - Path: Packages/com.unity.test-framework/UnityEngine.TestRunner/TestRunner/Callbacks/PlayerQuitHandler.cs - Importer: ScriptedImporter/UnityEditor.QuickSearchModule:UnityEditor.Search:ASIAI0B
Importing 'GUID: f8ed0b11850145c4995dd76170bb2500 - Path: Packages/com.unity.test-framework/UnityEngine.TestRunner/TestRunner/Callbacks/PlayerQuitHandler.cs - Importer: ScriptedImporter/UnityEditor.QuickSearchModule:UnityEditor.Search:ASIAI0B' with importer (ScriptedImporter : UnityEditor.QuickSearchModule:UnityEditor.Search:ASIAI0B)
Imported 'GUID: f8ed0b11850145c4995dd76170bb2500' -> (Import Result ID: 'e49719400f31a818e73551716f3f8e19') in 0.002 seconds [static and dynamic dependencies]. Details - ImportResultOutputID=a1f22415abd637f8471674a17d088751 DependenciesID=d5338a76ee60c5ca43fb4de38da7a738 StaticDependenciesID=6c509234e509721936e9babd64945b29 
Number of updated asset objects reloaded before import = 0
Number of asset objects unloaded after import = 0
========================================================================
Received Import Request.
  Time of request: 2026-09-27T03:54:24.4596836Z
  Time since last request: 0.0006423 seconds.
  importAddress: GUID: b97961a82e5e4e66b8f6fa0ce8b5b9e2 - Path: Packages/com.unity.test-framework/UnityEngine.TestRunner/NUnitExtensions/Runner/FeatureFlags.cs - Importer: ScriptedImporter/UnityEditor.QuickSearchModule:UnityEditor.Search:ASIAI0B
Importing 'GUID: b97961a82e5e4e66b8f6fa0ce8b5b9e2 - Path: Packages/com.unity.test-framework/UnityEngine.TestRunner/NUnitExtensions/Runner/FeatureFlags.cs - Importer: ScriptedImporter/UnityEditor.QuickSearchModule:UnityEditor.Search:ASIAI0B' with importer (ScriptedImporter : UnityEditor.QuickSearchModule:UnityEditor.Search:ASIAI0B)
Imported 'GUID: b97961a82e5e4e66b8f6fa0ce8b5b9e2' -> (Import Result ID: '53d3a8a20ed001b090b0eeedc224516b') in 0.002 seconds [static and dynamic dependencies]. Details - ImportResultOutputID=84f2f4652c9d3bbb8f5bd71076251ae4 DependenciesID=4f754f56001dbf8465ad744ca138b8dc StaticDependenciesID=57ba9c59543ee7448815c32c34c06052 
Number of updated asset objects reloaded before import = 0
Number of asset objects unloaded after import = 0
========================================================================
Received Import Request.
  Time of request: 2026-09-27T03:54:24.4628214Z
  Time since last request: 0.0007403 seconds.
  importAddress: GUID: 7f65567c9026afb4db5de3355accc636 - Path: Packages/com.unity.test-framework/UnityEngine.TestRunner/NUnitExtensions/Commands/BeforeAfterTestCommandState.cs - Importer: ScriptedImporter/UnityEditor.QuickSearchModule:UnityEditor.Search:ASIAI0B
Importing 'GUID: 7f65567c9026afb4db5de3355accc636 - Path: Packages/com.unity.test-framework/UnityEngine.TestRunner/NUnitExtensions/Commands/BeforeAfterTestCommandState.cs - Importer: ScriptedImporter/UnityEditor.QuickSearchModule:UnityEditor.Search:ASIAI0B' with importer (ScriptedImporter : UnityEditor.QuickSearchModule:UnityEditor.Search:ASIAI0B)
Imported 'GUID: 7f65567c9026afb4db5de3355accc636' -> (Import Result ID: '85d53b2e8abbc68591481eb60534cf17') in 0.003 seconds [static and dynamic dependencies]. Details - ImportResultOutputID=30142ad7e1faa1af762021d312e527b0 DependenciesID=7fbfb03a178c7a6d00b469d9fb187a5e StaticDependenciesID=136a74137b078c2c87dce5204c9d5723 
Number of updated asset objects reloaded before import = 0
Number of asset objects unloaded after import = 0
========================================================================
Received Import Request.
  Time of request: 2026-09-27T03:54:24.4873703Z
  Time since last request: 0.0216373 seconds.
  importAddress: GUID: 43a3aec217baa9644a7cf34b5f93fed9 - Path: Packages/com.unity.test-framework/UnityEngine.TestRunner/Utils/AssemblyProvider/PlayerTestAssemblyProvider.cs - Importer: ScriptedImporter/UnityEditor.QuickSearchModule:UnityEditor.Search:ASIAI0B
Importing 'GUID: 43a3aec217baa9644a7cf34b5f93fed9 - Path: Packages/com.unity.test-framework/UnityEngine.TestRunner/Utils/AssemblyProvider/PlayerTestAssemblyProvider.cs - Importer: ScriptedImporter/UnityEditor.QuickSearchModule:UnityEditor.Search:ASIAI0B' with importer (ScriptedImporter : UnityEditor.QuickSearchModule:UnityEditor.Search:ASIAI0B)
Imported 'GUID: 43a3aec217baa9644a7cf34b5f93fed9' -> (Import Result ID: 'cab291976bc74a0fc63c73a4a50b9f59') in 0.002 seconds [static and dynamic dependencies]. Details - ImportResultOutputID=f1e3e20e776a840884872afc391d7d5b DependenciesID=423878ba06221b938a608f6965df8fbb StaticDependenciesID=91fa45d0852be063f79ebdf65f09b697 
Number of updated asset objects reloaded before import = 0
Number of asset objects unloaded after import = 0
========================================================================
Received Import Request.
  Time of request: 2026-09-27T03:54:24.4907875Z
  Time since last request: 0.0008675 seconds.
  importAddress: GUID: 881143a1a3652e343bdcc07166d6f6f6 - Path: Packages/com.unity.test-framework/UnityEditor.TestRunner/TestRun/Tasks/Scene/SaveModifiedSceneTask.cs - Importer: ScriptedImporter/UnityEditor.QuickSearchModule:UnityEditor.Search:ASIAI0B
Importing 'GUID: 881143a1a3652e343bdcc07166d6f6f6 - Path: Packages/com.unity.test-framework/UnityEditor.TestRunner/TestRun/Tasks/Scene/SaveModifiedSceneTask.cs - Importer: ScriptedImporter/UnityEditor.QuickSearchModule:UnityEditor.Search:ASIAI0B' with importer (ScriptedImporter : UnityEditor.QuickSearchModule:UnityEditor.Search:ASIAI0B)
Imported 'GUID: 881143a1a3652e343bdcc07166d6f6f6' -> (Import Result ID: '6fdc800d71cdb737204c0044f448ccce') in 0.002 seconds [static and dynamic dependencies]. Details - ImportResultOutputID=e9e0e5958befdef04ff64837bf27449e DependenciesID=9372ee14671fdcf293a63a56ef190bce StaticDependenciesID=7621de63596c64e45bde438e67ff1fb0 
Number of updated asset objects reloaded before import = 0
Number of asset objects unloaded after import = 0
========================================================================
Received Import Request.
  Time of request: 2026-09-27T03:54:24.4939935Z
  Time since last request: 0.0006072 seconds.
  importAddress: GUID: ab19dca503e90904e95faefddb68150d - Path: Packages/com.unity.test-framework/UnityEditor.TestRunner/TestRun/Tasks/Scene/ReloadModifiedScenesTask.cs - Importer: ScriptedImporter/UnityEditor.QuickSearchModule:UnityEditor.Search:ASIAI0B
Importing 'GUID: ab19dca503e90904e95faefddb68150d - Path: Packages/com.unity.test-framework/UnityEditor.TestRunner/TestRun/Tasks/Scene/ReloadModifiedScenesTask.cs - Importer: ScriptedImporter/UnityEditor.QuickSearchModule:UnityEditor.Search:ASIAI0B' with importer (ScriptedImporter : UnityEditor.QuickSearchModule:UnityEditor.Search:ASIAI0B)
Imported 'GUID: ab19dca503e90904e95faefddb68150d' -> (Import Result ID: '19294e0a2579118ebeef7fe6a0ed197b') in 0.002 seconds [static and dynamic dependencies]. Details - ImportResultOutputID=4817e7810ece9c8e753cf43737098418 DependenciesID=566a5c6c5281a9ec46e1add8c5fc85c8 StaticDependenciesID=84eb3541732278573ef4d48679d15514 
Number of updated asset objects reloaded before import = 0
Number of asset objects unloaded after import = 0
========================================================================
Received Import Request.
  Time of request: 2026-09-27T03:54:24.4968649Z
  Time since last request: 0.000656 seconds.
  importAddress: GUID: f3a361a6ad1aff14ba8f48976e94ad76 - Path: Packages/com.unity.test-framework/UnityEngine.TestRunner/Utils/AssemblyProvider/ScriptingRuntimeProxy.cs - Importer: ScriptedImporter/UnityEditor.QuickSearchModule:UnityEditor.Search:ASIAI0B
Importing 'GUID: f3a361a6ad1aff14ba8f48976e94ad76 - Path: Packages/com.unity.test-framework/UnityEngine.TestRunner/Utils/AssemblyProvider/ScriptingRuntimeProxy.cs - Importer: ScriptedImporter/UnityEditor.QuickSearchModule:UnityEditor.Search:ASIAI0B' with importer (ScriptedImporter : UnityEditor.QuickSearchModule:UnityEditor.Search:ASIAI0B)
Imported 'GUID: f3a361a6ad1aff14ba8f48976e94ad76' -> (Import Result ID: 'cc50c62eb76fd6cf09488553e3c22460') in 0.002 seconds [static and dynamic dependencies]. Details - ImportResultOutputID=e5c171c6a17dec40449bab9156bcc890 DependenciesID=4ed590e08dee738cd753379bbf432344 StaticDependenciesID=04d46227cb14dfc5a91c6b85c9cdb165 
Number of updated asset objects reloaded before import = 0
Number of asset objects unloaded after import = 0
========================================================================
Received Import Request.
  Time of request: 2026-09-27T03:54:24.4996567Z
  Time since last request: 0.000634 seconds.
  importAddress: GUID: 4f0f9b9f3ed97ad2b9ba8f1a8e4666c2 - Path: Packages/com.unity.modules.uielements/package.json - Importer: ScriptedImporter/UnityEditor.QuickSearchModule:UnityEditor.Search:ASIAI0B
Importing 'GUID: 4f0f9b9f3ed97ad2b9ba8f1a8e4666c2 - Path: Packages/com.unity.modules.uielements/package.json - Importer: ScriptedImporter/UnityEditor.QuickSearchModule:UnityEditor.Search:ASIAI0B' with importer (ScriptedImporter : UnityEditor.QuickSearchModule:UnityEditor.Search:ASIAI0B)
Imported 'GUID: 4f0f9b9f3ed97ad2b9ba8f1a8e4666c2' -> (Import Result ID: '9cb451421ffaa3e1abf8407198e02390') in 0.002 seconds [static and dynamic dependencies]. Details - ImportResultOutputID=853502db8d83f6409da1299f017766db DependenciesID=a5fa7606d4a60e019453b2f3ab3bf818 StaticDependenciesID=1905cbaf7ef401ab3499b66cdb98768f 
Number of updated asset objects reloaded before import = 0
Number of asset objects unloaded after import = 1
========================================================================
Received Import Request.
  Time of request: 2026-09-27T03:54:24.5022768Z
  Time since last request: 0.000713 seconds.
  importAddress: GUID: 31d26a10516a4ac7a9bfdcac13a6386e - Path: Packages/com.unity.test-framework/UnityEditor.TestRunner/TestRun/Tasks/Platform/PlatformSpecificSuccessfulLaunchTask.cs - Importer: ScriptedImporter/UnityEditor.QuickSearchModule:UnityEditor.Search:ASIAI0B
Importing 'GUID: 31d26a10516a4ac7a9bfdcac13a6386e - Path: Packages/com.unity.test-framework/UnityEditor.TestRunner/TestRun/Tasks/Platform/PlatformSpecificSuccessfulLaunchTask.cs - Importer: ScriptedImporter/UnityEditor.QuickSearchModule:UnityEditor.Search:ASIAI0B' with importer (ScriptedImporter : UnityEditor.QuickSearchModule:UnityEditor.Search:ASIAI0B)
Imported 'GUID: 31d26a10516a4ac7a9bfdcac13a6386e' -> (Import Result ID: '35abf4890c3d492eb0ae37602167bc21') in 0.002 seconds [static and dynamic dependencies]. Details - ImportResultOutputID=7b0fdb95bfeb4d7d7d241d3f8f07548b DependenciesID=1b801184ff80ec789689eaad7a264f51 StaticDependenciesID=c8535b57b10e2d27a57b533886ae49c1 
Number of updated asset objects reloaded before import = 0
Number of asset objects unloaded after import = 0
========================================================================
Received Import Request.
  Time of request: 2026-09-27T03:54:24.5058236Z
  Time since last request: 0.0007545 seconds.
  importAddress: GUID: 96d14b71b907bb52333b2886e665aba6 - Path: Packages/com.unity.modules.video/package.json - Importer: ScriptedImporter/UnityEditor.QuickSearchModule:UnityEditor.Search:ASIAI0B
Importing 'GUID: 96d14b71b907bb52333b2886e665aba6 - Path: Packages/com.unity.modules.video/package.json - Importer: ScriptedImporter/UnityEditor.QuickSearchModule:UnityEditor.Search:ASIAI0B' with importer (ScriptedImporter : UnityEditor.QuickSearchModule:UnityEditor.Search:ASIAI0B)
Imported 'GUID: 96d14b71b907bb52333b2886e665aba6' -> (Import Result ID: '16c405dcd5c5ffa077dce0f2e221cfc0') in 0.004 seconds [static and dynamic dependencies]. Details - ImportResultOutputID=2e7f4e4fbabfacfe4d08092ff2a34b1a DependenciesID=ba91999edbff5b07419db76f706e0b4a StaticDependenciesID=93b0d17197d7c373427690e1070b3a02 
Number of updated asset objects reloaded before import = 0
Number of asset objects unloaded after import = 1
========================================================================
Received Import Request.
  Time of request: 2026-09-27T03:54:24.5103596Z
  Time since last request: 0.0006158 seconds.
  importAddress: GUID: 1c5afe945b715e149a70113a4be7b32a - Path: Packages/com.unity.test-framework/UnityEngine.TestRunner/Utils/AssemblyProvider/IAssemblyWrapper.cs - Importer: ScriptedImporter/UnityEditor.QuickSearchModule:UnityEditor.Search:ASIAI0B
Importing 'GUID: 1c5afe945b715e149a70113a4be7b32a - Path: Packages/com.unity.test-framework/UnityEngine.TestRunner/Utils/AssemblyProvider/IAssemblyWrapper.cs - Importer: ScriptedImporter/UnityEditor.QuickSearchModule:UnityEditor.Search:ASIAI0B' with importer (ScriptedImporter : UnityEditor.QuickSearchModule:UnityEditor.Search:ASIAI0B)
Imported 'GUID: 1c5afe945b715e149a70113a4be7b32a' -> (Import Result ID: '8a09abe2b48ff9b94427090def051a5f') in 0.002 seconds [static and dynamic dependencies]. Details - ImportResultOutputID=f6f97c834d33569522b4577a38292460 DependenciesID=3cea006e5019e258041e269bd413e2ae StaticDependenciesID=7aca9e1c81c06f0eb41f3e8f5d295ff2 
Number of updated asset objects reloaded before import = 0
Number of asset objects unloaded after import = 0
========================================================================
Received Import Request.
  Time of request: 2026-09-27T03:54:24.5138472Z
  Time since last request: 0.0007479 seconds.
  importAddress: GUID: 337f28535644395459f6de8c60d9db37 - Path: Packages/com.unity.test-framework/UnityEditor.TestRunner/TestRun/Tasks/Scene/RestoreSceneSetupTask.cs - Importer: ScriptedImporter/UnityEditor.QuickSearchModule:UnityEditor.Search:ASIAI0B
Importing 'GUID: 337f28535644395459f6de8c60d9db37 - Path: Packages/com.unity.test-framework/UnityEditor.TestRunner/TestRun/Tasks/Scene/RestoreSceneSetupTask.cs - Importer: ScriptedImporter/UnityEditor.QuickSearchModule:UnityEditor.Search:ASIAI0B' with importer (ScriptedImporter : UnityEditor.QuickSearchModule:UnityEditor.Search:ASIAI0B)
Imported 'GUID: 337f28535644395459f6de8c60d9db37' -> (Import Result ID: '6ccafc97dbbcaf54a377fe75e3af1d37') in 0.002 seconds [static and dynamic dependencies]. Details - ImportResultOutputID=efc04ddeb3b6010b637a3c8a7a4602e1 DependenciesID=de1ad893fabd6e4383b972c430387f43 StaticDependenciesID=ab2a38d9016aeeaa63599fa850202401 
Number of updated asset objects reloaded before import = 0
Number of asset objects unloaded after import = 0
========================================================================
Received Import Request.
  Time of request: 2026-09-27T03:54:24.5168425Z
  Time since last request: 0.0006007 seconds.
  importAddress: GUID: f2675f346a0926b4aa7928805fd8bc9c - Path: Packages/com.unity.test-framework/UnityEditor.TestRunner/TestRun/Tasks/Events/CreateEventsTask.cs - Importer: ScriptedImporter/UnityEditor.QuickSearchModule:UnityEditor.Search:ASIAI0B
Importing 'GUID: f2675f346a0926b4aa7928805fd8bc9c - Path: Packages/com.unity.test-framework/UnityEditor.TestRunner/TestRun/Tasks/Events/CreateEventsTask.cs - Importer: ScriptedImporter/UnityEditor.QuickSearchModule:UnityEditor.Search:ASIAI0B' with importer (ScriptedImporter : UnityEditor.QuickSearchModule:UnityEditor.Search:ASIAI0B)
Imported 'GUID: f2675f346a0926b4aa7928805fd8bc9c' -> (Import Result ID: '4079eb40ccba629453297b2e78366a54') in 0.002 seconds [static and dynamic dependencies]. Details - ImportResultOutputID=5f3a298f44d1f8833ec8cd63b1344f06 DependenciesID=d63ada377de32883dcd597c11712d140 StaticDependenciesID=70cd7ed27533f0d01ccef2c4a307cbe5 
Number of updated asset objects reloaded before import = 0
Number of asset objects unloaded after import = 0
========================================================================
Received Import Request.
  Time of request: 2026-09-27T03:54:24.5197914Z
  Time since last request: 0.0006642 seconds.
  importAddress: GUID: 9b1a5759726ef9d39a0ab82047b615f1 - Path: Packages/com.unity.modules.hierarchycore/package.json - Importer: ScriptedImporter/UnityEditor.QuickSearchModule:UnityEditor.Search:ASIAI0B
Importing 'GUID: 9b1a5759726ef9d39a0ab82047b615f1 - Path: Packages/com.unity.modules.hierarchycore/package.json - Importer: ScriptedImporter/UnityEditor.QuickSearchModule:UnityEditor.Search:ASIAI0B' with importer (ScriptedImporter : UnityEditor.QuickSearchModule:UnityEditor.Search:ASIAI0B)
Imported 'GUID: 9b1a5759726ef9d39a0ab82047b615f1' -> (Import Result ID: '141d87c2938d20d26ebf689366b7da93') in 0.003 seconds [static and dynamic dependencies]. Details - ImportResultOutputID=b3a563a6ceeb5c20fe414f0cc9980a19 DependenciesID=ede26acc0478db6c435a44e16a8cf3b7 StaticDependenciesID=fce92ec5282ed28456140216b3db54f3 
Number of updated asset objects reloaded before import = 0
Number of asset objects unloaded after import = 1
========================================================================
Received Import Request.
  Time of request: 2026-09-27T03:54:24.523629Z
  Time since last request: 0.0006831 seconds.
  importAddress: GUID: 5598b14661b5f4c43bed757f34b6d172 - Path: Packages/com.unity.ide.rider/LICENSE.md - Importer: ScriptedImporter/UnityEditor.QuickSearchModule:UnityEditor.Search:ASIAI0B
Importing 'GUID: 5598b14661b5f4c43bed757f34b6d172 - Path: Packages/com.unity.ide.rider/LICENSE.md - Importer: ScriptedImporter/UnityEditor.QuickSearchModule:UnityEditor.Search:ASIAI0B' with importer (ScriptedImporter : UnityEditor.QuickSearchModule:UnityEditor.Search:ASIAI0B)
Imported 'GUID: 5598b14661b5f4c43bed757f34b6d172' -> (Import Result ID: 'ae8690d19930cc974c6b64611e19e004') in 0.003 seconds [static and dynamic dependencies]. Details - ImportResultOutputID=cabc481e2360f3e1d767f05316a35b83 DependenciesID=fc23b3c858b8981ec34b52231dcbf353 StaticDependenciesID=777dab8928612016158205f9c43e2537 
Number of updated asset objects reloaded before import = 0
Number of asset objects unloaded after import = 1
========================================================================
Received Import Request.
  Time of request: 2026-09-27T03:54:24.5277493Z
  Time since last request: 0.0007574 seconds.
  importAddress: GUID: 49284fdc918b491aa9f4439e6cc59c9c - Path: Packages/com.unity.test-framework/UnityEditor.TestRunner/TestRun/Tasks/Platform/PlatformSpecificSetupTask.cs - Importer: ScriptedImporter/UnityEditor.QuickSearchModule:UnityEditor.Search:ASIAI0B
Importing 'GUID: 49284fdc918b491aa9f4439e6cc59c9c - Path: Packages/com.unity.test-framework/UnityEditor.TestRunner/TestRun/Tasks/Platform/PlatformSpecificSetupTask.cs - Importer: ScriptedImporter/UnityEditor.QuickSearchModule:UnityEditor.Search:ASIAI0B' with importer (ScriptedImporter : UnityEditor.QuickSearchModule:UnityEditor.Search:ASIAI0B)
Imported 'GUID: 49284fdc918b491aa9f4439e6cc59c9c' -> (Import Result ID: '609888efb7eb6725e187b409b94c9d72') in 0.002 seconds [static and dynamic dependencies]. Details - ImportResultOutputID=34ff84144c1e9467e4b1c6af37c62c54 DependenciesID=8caf925e8e9200b5996019588c5d4816 StaticDependenciesID=8da7b7df587e5e5658ac1e6e5ee3eb06 
Number of updated asset objects reloaded before import = 0
Number of asset objects unloaded after import = 0
========================================================================
Received Import Request.
  Time of request: 2026-09-27T03:54:24.5313373Z
  Time since last request: 0.0008559 seconds.
  importAddress: GUID: ae87256f29d9c8b50490f4caf75b2c41 - Path: Packages/com.unity.modules.unitywebrequestwww/package.ModuleCompilationTrigger - Importer: ScriptedImporter/UnityEditor.QuickSearchModule:UnityEditor.Search:ASIAI0B
Importing 'GUID: ae87256f29d9c8b50490f4caf75b2c41 - Path: Packages/com.unity.modules.unitywebrequestwww/package.ModuleCompilationTrigger - Importer: ScriptedImporter/UnityEditor.QuickSearchModule:UnityEditor.Search:ASIAI0B' with importer (ScriptedImporter : UnityEditor.QuickSearchModule:UnityEditor.Search:ASIAI0B)
Imported 'GUID: ae87256f29d9c8b50490f4caf75b2c41' -> (Import Result ID: 'e9aacdd1b3a2405668ba08f6d289344b') in 0.002 seconds [static and dynamic dependencies]. Details - ImportResultOutputID=a0f24eb6c6cc64849e41a84f4a9d8c89 DependenciesID=425cc14ee84f82a99a269933cfa03b06 StaticDependenciesID=d34b249b73710101e6e4599ae98075a9 
Number of updated asset objects reloaded before import = 0
Number of asset objects unloaded after import = 1
========================================================================
Received Import Request.
  Time of request: 2026-09-27T03:54:24.5341911Z
  Time since last request: 0.0006978 seconds.
  importAddress: GUID: 6dff66623000ef448ab68db41d803d95 - Path: Packages/com.unity.test-framework/UnityEditor.TestRunner/TestRun/Tasks/Scene/CreateNewSceneTask.cs - Importer: ScriptedImporter/UnityEditor.QuickSearchModule:UnityEditor.Search:ASIAI0B
Importing 'GUID: 6dff66623000ef448ab68db41d803d95 - Path: Packages/com.unity.test-framework/UnityEditor.TestRunner/TestRun/Tasks/Scene/CreateNewSceneTask.cs - Importer: ScriptedImporter/UnityEditor.QuickSearchModule:UnityEditor.Search:ASIAI0B' with importer (ScriptedImporter : UnityEditor.QuickSearchModule:UnityEditor.Search:ASIAI0B)
Imported 'GUID: 6dff66623000ef448ab68db41d803d95' -> (Import Result ID: 'e655462f3257b7422746f87357d2e0a8') in 0.002 seconds [static and dynamic dependencies]. Details - ImportResultOutputID=af04271bc24d3facf44e24460e5ed10a DependenciesID=789bfc6b5ce3ee72a2091865b2aefa77 StaticDependenciesID=a9084289c41b9e5cd3e90de77cbdb60f 
Number of updated asset objects reloaded before import = 0
Number of asset objects unloaded after import = 0
========================================================================
Received Import Request.
  Time of request: 2026-09-27T03:54:24.5373684Z
  Time since last request: 0.0007371 seconds.
  importAddress: GUID: c5c78f2ef0d32a948bbb93266ef69a6a - Path: Packages/com.unity.test-framework/UnityEditor.TestRunner/TestRun/Tasks/Events/UpdateTestProgressTask.cs - Importer: ScriptedImporter/UnityEditor.QuickSearchModule:UnityEditor.Search:ASIAI0B
Importing 'GUID: c5c78f2ef0d32a948bbb93266ef69a6a - Path: Packages/com.unity.test-framework/UnityEditor.TestRunner/TestRun/Tasks/Events/UpdateTestProgressTask.cs - Importer: ScriptedImporter/UnityEditor.QuickSearchModule:UnityEditor.Search:ASIAI0B' with importer (ScriptedImporter : UnityEditor.QuickSearchModule:UnityEditor.Search:ASIAI0B)
Imported 'GUID: c5c78f2ef0d32a948bbb93266ef69a6a' -> (Import Result ID: 'eef17c97faec4759fef6038a415195d0') in 0.002 seconds [static and dynamic dependencies]. Details - ImportResultOutputID=3667a8f48fbffd6e87ca09c886a4031e DependenciesID=52751b0504879cd9046612ea8e44d6d6 StaticDependenciesID=2b58d3c76858851a44bbc20e4c606e17 
Number of updated asset objects reloaded before import = 0
Number of asset objects unloaded after import = 0
========================================================================
Received Import Request.
  Time of request: 2026-09-27T03:54:24.5404091Z
  Time since last request: 0.0006046 seconds.
  importAddress: GUID: 5da62a0c1c5218c4aa16b74546a7822d - Path: Packages/com.unity.ext.nunit/README.md - Importer: ScriptedImporter/UnityEditor.QuickSearchModule:UnityEditor.Search:ASIAI0B
Importing 'GUID: 5da62a0c1c5218c4aa16b74546a7822d - Path: Packages/com.unity.ext.nunit/README.md - Importer: ScriptedImporter/UnityEditor.QuickSearchModule:UnityEditor.Search:ASIAI0B' with importer (ScriptedImporter : UnityEditor.QuickSearchModule:UnityEditor.Search:ASIAI0B)
Imported 'GUID: 5da62a0c1c5218c4aa16b74546a7822d' -> (Import Result ID: 'daf6813877a78610383ea651e4e208df') in 0.002 seconds [static and dynamic dependencies]. Details - ImportResultOutputID=d6c7a105fe33aa3275adce296ffb3cc7 DependenciesID=c4dfb201f9b9d6e95e4024b370004931 StaticDependenciesID=70f515c16df8b113445062cc9dfa40cb 
Number of updated asset objects reloaded before import = 0
Number of asset objects unloaded after import = 1
========================================================================
Received Import Request.
  Time of request: 2026-09-27T03:54:24.5429535Z
  Time since last request: 0.0007091 seconds.
  importAddress: GUID: 8d4bc6bfa28760b29f13174d6b6ea710 - Path: Packages/com.unity.modules.subsystems/package.ModuleCompilationTrigger - Importer: ScriptedImporter/UnityEditor.QuickSearchModule:UnityEditor.Search:ASIAI0B
Importing 'GUID: 8d4bc6bfa28760b29f13174d6b6ea710 - Path: Packages/com.unity.modules.subsystems/package.ModuleCompilationTrigger - Importer: ScriptedImporter/UnityEditor.QuickSearchModule:UnityEditor.Search:ASIAI0B' with importer (ScriptedImporter : UnityEditor.QuickSearchModule:UnityEditor.Search:ASIAI0B)
Imported 'GUID: 8d4bc6bfa28760b29f13174d6b6ea710' -> (Import Result ID: 'c4b0096ca60e79da564cdca8a9bc8a5e') in 0.002 seconds [static and dynamic dependencies]. Details - ImportResultOutputID=1874beb433f1ff8095c885cc99df5794 DependenciesID=20d3e0228ec116a991158da2a82e3184 StaticDependenciesID=f6d7b18d27e2b345b1f7e91985f40ff2 
Number of updated asset objects reloaded before import = 0
Number of asset objects unloaded after import = 1
========================================================================
Received Import Request.
  Time of request: 2026-09-27T03:54:24.5460155Z
  Time since last request: 0.0006978 seconds.
  importAddress: GUID: 66c95bb3c74257f41bae2622511dc02d - Path: Packages/com.unity.ide.rider/package.json - Importer: ScriptedImporter/UnityEditor.QuickSearchModule:UnityEditor.Search:ASIAI0B
Importing 'GUID: 66c95bb3c74257f41bae2622511dc02d - Path: Packages/com.unity.ide.rider/package.json - Importer: ScriptedImporter/UnityEditor.QuickSearchModule:UnityEditor.Search:ASIAI0B' with importer (ScriptedImporter : UnityEditor.QuickSearchModule:UnityEditor.Search:ASIAI0B)
Imported 'GUID: 66c95bb3c74257f41bae2622511dc02d' -> (Import Result ID: '459f94849f4316e64d2a39a8b8619394') in 0.002 seconds [static and dynamic dependencies]. Details - ImportResultOutputID=d59ea3916aaf3f5842c9c6357b198b99 DependenciesID=40188b5b2970bff30fb0dfcc798c8e60 StaticDependenciesID=920e359ae3e0b298b84c063b1aa83ce8 
Number of updated asset objects reloaded before import = 0
Number of asset objects unloaded after import = 1
========================================================================
Received Import Request.
  Time of request: 2026-09-27T03:54:24.5488619Z
  Time since last request: 0.0005637 seconds.
  importAddress: GUID: 311d065aced2092409deadf0c0934f61 - Path: Packages/com.unity.test-framework/UnityEditor.TestRunner/TestRun/Tasks/Events/RegisterCallbackDelegatorEventsTask.cs - Importer: ScriptedImporter/UnityEditor.QuickSearchModule:UnityEditor.Search:ASIAI0B
Importing 'GUID: 311d065aced2092409deadf0c0934f61 - Path: Packages/com.unity.test-framework/UnityEditor.TestRunner/TestRun/Tasks/Events/RegisterCallbackDelegatorEventsTask.cs - Importer: ScriptedImporter/UnityEditor.QuickSearchModule:UnityEditor.Search:ASIAI0B' with importer (ScriptedImporter : UnityEditor.QuickSearchModule:UnityEditor.Search:ASIAI0B)
Imported 'GUID: 311d065aced2092409deadf0c0934f61' -> (Import Result ID: '766df855cc10dc6fcfeb464536fbfbb1') in 0.002 seconds [static and dynamic dependencies]. Details - ImportResultOutputID=de82b6abd7104731dbb1e4ec6577a979 DependenciesID=7df77f6c03a95651c5c64a1ed1bcbb65 StaticDependenciesID=fd5f51e2405d011f9d0bb2e3454782f2 
Number of updated asset objects reloaded before import = 0
Number of asset objects unloaded after import = 0
========================================================================
Received Import Request.
  Time of request: 2026-09-27T03:54:24.5514246Z
  Time since last request: 0.0005878 seconds.
  importAddress: GUID: 5e83f8baac96eaa47bdd9ca781cd2002 - Path: Packages/com.unity.ide.rider/CONTRIBUTING.md - Importer: ScriptedImporter/UnityEditor.QuickSearchModule:UnityEditor.Search:ASIAI0B
Importing 'GUID: 5e83f8baac96eaa47bdd9ca781cd2002 - Path: Packages/com.unity.ide.rider/CONTRIBUTING.md - Importer: ScriptedImporter/UnityEditor.QuickSearchModule:UnityEditor.Search:ASIAI0B' with importer (ScriptedImporter : UnityEditor.QuickSearchModule:UnityEditor.Search:ASIAI0B)
Imported 'GUID: 5e83f8baac96eaa47bdd9ca781cd2002' -> (Import Result ID: '834f9327a98428ce7e95b9f6b72d586e') in 0.002 seconds [static and dynamic dependencies]. Details - ImportResultOutputID=d6a5eebb6b22db5f031274505258944d DependenciesID=f7647d2985bd9a5eab78d9b668d8319d StaticDependenciesID=eb3f9965fca74c3b8788bb63b0e9ee11 
Number of updated asset objects reloaded before import = 0
Number of asset objects unloaded after import = 1
========================================================================
Received Import Request.
  Time of request: 2026-09-27T03:54:24.5546539Z
  Time since last request: 0.0005991 seconds.
  importAddress: GUID: c24a1e88fc49dce47930834ff9997443 - Path: Packages/com.unity.test-framework/UnityEditor.TestRunner/TestRun/Tasks/Scene/ISceneWrapper.cs - Importer: ScriptedImporter/UnityEditor.QuickSearchModule:UnityEditor.Search:ASIAI0B
Importing 'GUID: c24a1e88fc49dce47930834ff9997443 - Path: Packages/com.unity.test-framework/UnityEditor.TestRunner/TestRun/Tasks/Scene/ISceneWrapper.cs - Importer: ScriptedImporter/UnityEditor.QuickSearchModule:UnityEditor.Search:ASIAI0B' with importer (ScriptedImporter : UnityEditor.QuickSearchModule:UnityEditor.Search:ASIAI0B)
Imported 'GUID: c24a1e88fc49dce47930834ff9997443' -> (Import Result ID: '57457f11961108e3c3667f76ca3dd6b9') in 0.002 seconds [static and dynamic dependencies]. Details - ImportResultOutputID=45b92480522893aece1269fcc9d8c981 DependenciesID=9119383480db66efc68eff7b05e6d255 StaticDependenciesID=183cb89e0d5ccb608d4957b678694490 
Number of updated asset objects reloaded before import = 0
Number of asset objects unloaded after import = 0
========================================================================
Received Import Request.
  Time of request: 2026-09-27T03:54:24.5580709Z
  Time since last request: 0.0007806 seconds.
  importAddress: GUID: 8645aa9c3c74fb34ba9499e14fb332b5 - Path: Packages/com.unity.ide.rider/CHANGELOG.md - Importer: ScriptedImporter/UnityEditor.QuickSearchModule:UnityEditor.Search:ASIAI0B
Importing 'GUID: 8645aa9c3c74fb34ba9499e14fb332b5 - Path: Packages/com.unity.ide.rider/CHANGELOG.md - Importer: ScriptedImporter/UnityEditor.QuickSearchModule:UnityEditor.Search:ASIAI0B' with importer (ScriptedImporter : UnityEditor.QuickSearchModule:UnityEditor.Search:ASIAI0B)
Imported 'GUID: 8645aa9c3c74fb34ba9499e14fb332b5' -> (Import Result ID: 'f1839cc711479875dfc7f2ccb23f9118') in 0.002 seconds [static and dynamic dependencies]. Details - ImportResultOutputID=8e758dbbaa6c526fb0b231e5c63083a6 DependenciesID=307349553ecb62b6d0ff94cd8127d73f StaticDependenciesID=d74259226170dd72a145a4397da2ee1a 
Number of updated asset objects reloaded before import = 0
Number of asset objects unloaded after import = 1
========================================================================
Received Import Request.
  Time of request: 2026-09-27T03:54:24.5607249Z
  Time since last request: 0.0006622 seconds.
  importAddress: GUID: 17f093324b67f5bd57e55b546736750e - Path: Packages/com.unity.modules.particlesystem/package.ModuleCompilationTrigger - Importer: ScriptedImporter/UnityEditor.QuickSearchModule:UnityEditor.Search:ASIAI0B
Importing 'GUID: 17f093324b67f5bd57e55b546736750e - Path: Packages/com.unity.modules.particlesystem/package.ModuleCompilationTrigger - Importer: ScriptedImporter/UnityEditor.QuickSearchModule:UnityEditor.Search:ASIAI0B' with importer (ScriptedImporter : UnityEditor.QuickSearchModule:UnityEditor.Search:ASIAI0B)
Imported 'GUID: 17f093324b67f5bd57e55b546736750e' -> (Import Result ID: '14da15c81f13159350d9c91bcb1289d7') in 0.002 seconds [static and dynamic dependencies]. Details - ImportResultOutputID=b57c624196b09117b72f43ecafd320d2 DependenciesID=c1b3658cbfc760858fcb4c49f50c787d StaticDependenciesID=41b46886aed079ac71cc088b84c00ed7 
Number of updated asset objects reloaded before import = 0
Number of asset objects unloaded after import = 1
========================================================================
Received Import Request.
  Time of request: 2026-09-27T03:54:24.563757Z
  Time since last request: 0.0008657 seconds.
  importAddress: GUID: 87d720faa37005c08600090e04d8c739 - Path: Packages/com.unity.modules.particlesystem/package.json - Importer: ScriptedImporter/UnityEditor.QuickSearchModule:UnityEditor.Search:ASIAI0B
Importing 'GUID: 87d720faa37005c08600090e04d8c739 - Path: Packages/com.unity.modules.particlesystem/package.json - Importer: ScriptedImporter/UnityEditor.QuickSearchModule:UnityEditor.Search:ASIAI0B' with importer (ScriptedImporter : UnityEditor.QuickSearchModule:UnityEditor.Search:ASIAI0B)
Imported 'GUID: 87d720faa37005c08600090e04d8c739' -> (Import Result ID: 'e20b7095a7c52c2c32ceecdd786197a3') in 0.002 seconds [static and dynamic dependencies]. Details - ImportResultOutputID=0a54245cc8c8e8a2a56ef18f681697b7 DependenciesID=f0bf63d216d4b4b672143471f37fdc26 StaticDependenciesID=7fe37d95eb4424dccaf9253b907ab74c 
Number of updated asset objects reloaded before import = 0
Number of asset objects unloaded after import = 1
========================================================================
Received Import Request.
  Time of request: 2026-09-27T03:54:24.5662169Z
  Time since last request: 0.000618 seconds.
  importAddress: GUID: fe4aef60e4ace544c8430da8ef8acba2 - Path: Packages/com.unity.test-framework/UnityEngine.TestRunner/Utils/AssemblyProvider/IScriptingRuntimeProxy.cs - Importer: ScriptedImporter/UnityEditor.QuickSearchModule:UnityEditor.Search:ASIAI0B
Importing 'GUID: fe4aef60e4ace544c8430da8ef8acba2 - Path: Packages/com.unity.test-framework/UnityEngine.TestRunner/Utils/AssemblyProvider/IScriptingRuntimeProxy.cs - Importer: ScriptedImporter/UnityEditor.QuickSearchModule:UnityEditor.Search:ASIAI0B' with importer (ScriptedImporter : UnityEditor.QuickSearchModule:UnityEditor.Search:ASIAI0B)
Imported 'GUID: fe4aef60e4ace544c8430da8ef8acba2' -> (Import Result ID: '3a699fb055172ba6fbf9037805351777') in 0.003 seconds [static and dynamic dependencies]. Details - ImportResultOutputID=1028996839110acf9181d032374432dc DependenciesID=2bedbde3e82b0c539073917de1e927ff StaticDependenciesID=310b39d90921691806777654e76c2524 
Number of updated asset objects reloaded before import = 0
Number of asset objects unloaded after import = 0
========================================================================
Received Import Request.
  Time of request: 2026-09-27T03:54:24.5696344Z
  Time since last request: 0.0006139 seconds.
  importAddress: GUID: e2d09a26ce46dc617b54e49a534ace20 - Path: Packages/com.unity.modules.ai/package.ModuleCompilationTrigger - Importer: ScriptedImporter/UnityEditor.QuickSearchModule:UnityEditor.Search:ASIAI0B
Importing 'GUID: e2d09a26ce46dc617b54e49a534ace20 - Path: Packages/com.unity.modules.ai/package.ModuleCompilationTrigger - Importer: ScriptedImporter/UnityEditor.QuickSearchModule:UnityEditor.Search:ASIAI0B' with importer (ScriptedImporter : UnityEditor.QuickSearchModule:UnityEditor.Search:ASIAI0B)
Imported 'GUID: e2d09a26ce46dc617b54e49a534ace20' -> (Import Result ID: '362790629679f79eb8028074a2ca485d') in 0.002 seconds [static and dynamic dependencies]. Details - ImportResultOutputID=9650e03608e1079125128184aad16c38 DependenciesID=2e7f0bee6dd4ca5c3ddc63a81919a2ef StaticDependenciesID=7c16edf7291df62f1be250db19e93daf 
Number of updated asset objects reloaded before import = 0
Number of asset objects unloaded after import = 1
========================================================================
Received Import Request.
  Time of request: 2026-09-27T03:54:24.5726101Z
  Time since last request: 0.0006728 seconds.
  importAddress: GUID: e59094b434ebb46e6844f02ec9c4dc42 - Path: Packages/com.unity.ext.nunit/net472/unity-custom/nunit.framework.dll - Importer: ScriptedImporter/UnityEditor.QuickSearchModule:UnityEditor.Search:ASIAI0B
Importing 'GUID: e59094b434ebb46e6844f02ec9c4dc42 - Path: Packages/com.unity.ext.nunit/net472/unity-custom/nunit.framework.dll - Importer: ScriptedImporter/UnityEditor.QuickSearchModule:UnityEditor.Search:ASIAI0B' with importer (ScriptedImporter : UnityEditor.QuickSearchModule:UnityEditor.Search:ASIAI0B)
Imported 'GUID: e59094b434ebb46e6844f02ec9c4dc42' -> (Import Result ID: 'c99142221d4f69ffd1ad1ed521ebdd9f') in 0.027 seconds [static and dynamic dependencies]. Details - ImportResultOutputID=e4639cc6de78068a51a633a04c50d783 DependenciesID=f4c828f509f1e60e17f34fbfdc9476e5 StaticDependenciesID=00bbcb250c516b7a78ffa74c22935044 
Number of updated asset objects reloaded before import = 0
Number of asset objects unloaded after import = 0
========================================================================
Received Import Request.
  Time of request: 2026-09-27T03:54:24.6010559Z
  Time since last request: 0.0007397 seconds.
  importAddress: GUID: a8ea9765889ae054c9b32cce583af855 - Path: Packages/com.unity.test-framework/UnityEditor.TestRunner/TestRun/Tasks/Events/RunFinishedInvocationEvent.cs - Importer: ScriptedImporter/UnityEditor.QuickSearchModule:UnityEditor.Search:ASIAI0B
Importing 'GUID: a8ea9765889ae054c9b32cce583af855 - Path: Packages/com.unity.test-framework/UnityEditor.TestRunner/TestRun/Tasks/Events/RunFinishedInvocationEvent.cs - Importer: ScriptedImporter/UnityEditor.QuickSearchModule:UnityEditor.Search:ASIAI0B' with importer (ScriptedImporter : UnityEditor.QuickSearchModule:UnityEditor.Search:ASIAI0B)
Imported 'GUID: a8ea9765889ae054c9b32cce583af855' -> (Import Result ID: '69fa4f9bbb5f5f04bdf69b6a7ce3248c') in 0.002 seconds [static and dynamic dependencies]. Details - ImportResultOutputID=ed49053a99417ec5224fb672cec2f85d DependenciesID=7e23e66d6876ecac7cb0d794a82014cf StaticDependenciesID=3389b79840b52904a0b5e405b5365441 
Number of updated asset objects reloaded before import = 0
Number of asset objects unloaded after import = 0
========================================================================
Received Import Request.
  Time of request: 2026-09-27T03:54:24.6044347Z
  Time since last request: 0.000784 seconds.
  importAddress: GUID: 57e7d752d8e6494b9aca2f2724b98761 - Path: Packages/com.unity.test-framework/UnityEditor.TestRunner/TestRun/Tasks/Platform/PlatformSpecificSuccessfulBuildTask.cs - Importer: ScriptedImporter/UnityEditor.QuickSearchModule:UnityEditor.Search:ASIAI0B
Importing 'GUID: 57e7d752d8e6494b9aca2f2724b98761 - Path: Packages/com.unity.test-framework/UnityEditor.TestRunner/TestRun/Tasks/Platform/PlatformSpecificSuccessfulBuildTask.cs - Importer: ScriptedImporter/UnityEditor.QuickSearchModule:UnityEditor.Search:ASIAI0B' with importer (ScriptedImporter : UnityEditor.QuickSearchModule:UnityEditor.Search:ASIAI0B)
Imported 'GUID: 57e7d752d8e6494b9aca2f2724b98761' -> (Import Result ID: '8210362df694e43604983877c43ca524') in 0.004 seconds [static and dynamic dependencies]. Details - ImportResultOutputID=c481edbd61e6b5e2e40703bf02f560d1 DependenciesID=a3b30c36f192d2db87457154bc7f7916 StaticDependenciesID=4dc58ce3fe06bb96749095d949a37e34 
Number of updated asset objects reloaded before import = 0
Number of asset objects unloaded after import = 0
========================================================================
Received Import Request.
  Time of request: 2026-09-27T03:54:24.6087105Z
  Time since last request: 0.0004977 seconds.
  importAddress: GUID: 006c3457e983424bbdead50009cd0e00 - Path: Packages/com.unity.test-framework/UnityEditor.TestRunner/TestRun/Tasks/Player/DetermineRuntimePlatformTask.cs - Importer: ScriptedImporter/UnityEditor.QuickSearchModule:UnityEditor.Search:ASIAI0B
Importing 'GUID: 006c3457e983424bbdead50009cd0e00 - Path: Packages/com.unity.test-framework/UnityEditor.TestRunner/TestRun/Tasks/Player/DetermineRuntimePlatformTask.cs - Importer: ScriptedImporter/UnityEditor.QuickSearchModule:UnityEditor.Search:ASIAI0B' with importer (ScriptedImporter : UnityEditor.QuickSearchModule:UnityEditor.Search:ASIAI0B)
Imported 'GUID: 006c3457e983424bbdead50009cd0e00' -> (Import Result ID: 'e7a6e09c525284406c6cb558508e3b46') in 0.002 seconds [static and dynamic dependencies]. Details - ImportResultOutputID=254525c1d38d3a539daccc9e192883b2 DependenciesID=ce38d3906effeaeb3110f87db46fe3ac StaticDependenciesID=02d9769d3e4344d6f9f77d1c40c8fc88 
Number of updated asset objects reloaded before import = 0
Number of asset objects unloaded after import = 0
========================================================================
Received Import Request.
  Time of request: 2026-09-27T03:54:24.6120083Z
  Time since last request: 0.0006135 seconds.
  importAddress: GUID: d104359075a97392b803d3d5aebc77f7 - Path: Packages/com.unity.modules.hierarchycore/package.ModuleCompilationTrigger - Importer: ScriptedImporter/UnityEditor.QuickSearchModule:UnityEditor.Search:ASIAI0B
Importing 'GUID: d104359075a97392b803d3d5aebc77f7 - Path: Packages/com.unity.modules.hierarchycore/package.ModuleCompilationTrigger - Importer: ScriptedImporter/UnityEditor.QuickSearchModule:UnityEditor.Search:ASIAI0B' with importer (ScriptedImporter : UnityEditor.QuickSearchModule:UnityEditor.Search:ASIAI0B)
Imported 'GUID: d104359075a97392b803d3d5aebc77f7' -> (Import Result ID: '60f011ab2473f1fd1278d16af984c6d5') in 0.002 seconds [static and dynamic dependencies]. Details - ImportResultOutputID=65232650fde0fb4e117b5c782291fca3 DependenciesID=3f2b9aa28b22592b405c20d02bf3121f StaticDependenciesID=20ec31f47fa34b227910388c00f85f09 
Number of updated asset objects reloaded before import = 0
Number of asset objects unloaded after import = 1
========================================================================
Received Import Request.
  Time of request: 2026-09-27T03:54:24.6154318Z
  Time since last request: 0.0006694 seconds.
  importAddress: GUID: d528c8c98d269ca44a06cd9624a03945 - Path: Packages/com.unity.ide.rider/Rider/Editor/com.unity.ide.rider.asmdef - Importer: ScriptedImporter/UnityEditor.QuickSearchModule:UnityEditor.Search:ASIAI0B
Importing 'GUID: d528c8c98d269ca44a06cd9624a03945 - Path: Packages/com.unity.ide.rider/Rider/Editor/com.unity.ide.rider.asmdef - Importer: ScriptedImporter/UnityEditor.QuickSearchModule:UnityEditor.Search:ASIAI0B' with importer (ScriptedImporter : UnityEditor.QuickSearchModule:UnityEditor.Search:ASIAI0B)
Imported 'GUID: d528c8c98d269ca44a06cd9624a03945' -> (Import Result ID: '23996b608ae2ef47103e54f6622477be') in 0.003 seconds [static and dynamic dependencies]. Details - ImportResultOutputID=a003fdf5054eb451c8f579d916ada34c DependenciesID=26d1fbb3ee7b183e3cddbda89e1ed867 StaticDependenciesID=12d1da68e12b98df41d44b59a7f4681d 
Number of updated asset objects reloaded before import = 0
Number of asset objects unloaded after import = 1
========================================================================
Received Import Request.
  Time of request: 2026-09-27T03:54:24.6190068Z
  Time since last request: 0.0005775 seconds.
  importAddress: GUID: f62135e79edb837b2d2ee3c524da864c - Path: Packages/com.unity.modules.video/package.ModuleCompilationTrigger - Importer: ScriptedImporter/UnityEditor.QuickSearchModule:UnityEditor.Search:ASIAI0B
Importing 'GUID: f62135e79edb837b2d2ee3c524da864c - Path: Packages/com.unity.modules.video/package.ModuleCompilationTrigger - Importer: ScriptedImporter/UnityEditor.QuickSearchModule:UnityEditor.Search:ASIAI0B' with importer (ScriptedImporter : UnityEditor.QuickSearchModule:UnityEditor.Search:ASIAI0B)
Imported 'GUID: f62135e79edb837b2d2ee3c524da864c' -> (Import Result ID: 'a78e80b797108e3dca92f3c7517b26e3') in 0.002 seconds [static and dynamic dependencies]. Details - ImportResultOutputID=1aaaf9cc8ed0b7384818c89be96c8268 DependenciesID=70392509994ea38eff8be2c0a2506972 StaticDependenciesID=2bd4b4d39ca5d893fcd2ff2a54f828e1 
Number of updated asset objects reloaded before import = 0
Number of asset objects unloaded after import = 1
========================================================================
Received Import Request.
  Time of request: 2026-09-27T03:54:24.6222563Z
  Time since last request: 0.0007906 seconds.
  importAddress: GUID: 8a752aaaadd2410dd9a84e01c1bace9f - Path: Packages/com.unity.modules.uielements/package.ModuleCompilationTrigger - Importer: ScriptedImporter/UnityEditor.QuickSearchModule:UnityEditor.Search:ASIAI0B
Importing 'GUID: 8a752aaaadd2410dd9a84e01c1bace9f - Path: Packages/com.unity.modules.uielements/package.ModuleCompilationTrigger - Importer: ScriptedImporter/UnityEditor.QuickSearchModule:UnityEditor.Search:ASIAI0B' with importer (ScriptedImporter : UnityEditor.QuickSearchModule:UnityEditor.Search:ASIAI0B)
Imported 'GUID: 8a752aaaadd2410dd9a84e01c1bace9f' -> (Import Result ID: '75825dda8cbf87d5ffebd9ca3f51c55b') in 0.002 seconds [static and dynamic dependencies]. Details - ImportResultOutputID=dcf4343289c41b9a36afe653a0b9cfa0 DependenciesID=c5bf2a38557f036046dbce675d82ed87 StaticDependenciesID=35dfe791e53225291e18c695a538c073 
Number of updated asset objects reloaded before import = 0
Number of asset objects unloaded after import = 1
========================================================================
Received Import Request.
  Time of request: 2026-09-27T03:54:24.6253521Z
  Time since last request: 0.0007018 seconds.
  importAddress: GUID: 8143d3a8390f2c64685e3bc272bd9e90 - Path: Packages/com.unity.ext.nunit/package.json - Importer: ScriptedImporter/UnityEditor.QuickSearchModule:UnityEditor.Search:ASIAI0B
Importing 'GUID: 8143d3a8390f2c64685e3bc272bd9e90 - Path: Packages/com.unity.ext.nunit/package.json - Importer: ScriptedImporter/UnityEditor.QuickSearchModule:UnityEditor.Search:ASIAI0B' with importer (ScriptedImporter : UnityEditor.QuickSearchModule:UnityEditor.Search:ASIAI0B)
Imported 'GUID: 8143d3a8390f2c64685e3bc272bd9e90' -> (Import Result ID: '185ebe0da8e2d950fe188f5650eb7b16') in 0.002 seconds [static and dynamic dependencies]. Details - ImportResultOutputID=a1e5ab63e646fe84ef4e8a0dc8e2a375 DependenciesID=e34ae562cbcb6239c6c5965f0db2a8c9 StaticDependenciesID=b4ad7680d937e97da45ce88468861aea 
Number of updated asset objects reloaded before import = 0
Number of asset objects unloaded after import = 1
========================================================================
Received Import Request.
  Time of request: 2026-09-27T03:54:24.6285256Z
  Time since last request: 0.0005408 seconds.
  importAddress: GUID: 59267e29055f657429098a57e13debe1 - Path: Packages/com.unity.test-framework/UnityEditor.TestRunner/TestRun/Tasks/Events/RunStartedInvocationEvent.cs - Importer: ScriptedImporter/UnityEditor.QuickSearchModule:UnityEditor.Search:ASIAI0B
Importing 'GUID: 59267e29055f657429098a57e13debe1 - Path: Packages/com.unity.test-framework/UnityEditor.TestRunner/TestRun/Tasks/Events/RunStartedInvocationEvent.cs - Importer: ScriptedImporter/UnityEditor.QuickSearchModule:UnityEditor.Search:ASIAI0B' with importer (ScriptedImporter : UnityEditor.QuickSearchModule:UnityEditor.Search:ASIAI0B)
Imported 'GUID: 59267e29055f657429098a57e13debe1' -> (Import Result ID: '44afd1e331befe17299adf3fbe2ab535') in 0.003 seconds [static and dynamic dependencies]. Details - ImportResultOutputID=b7f6e9c24552191eefd72e60c5dc8a04 DependenciesID=39c06a16330a31c51fa527ba2b65f389 StaticDependenciesID=1ba57ae204fbd41c175b4bb8458dce8c 
Number of updated asset objects reloaded before import = 0
Number of asset objects unloaded after import = 0
========================================================================
Received Import Request.
  Time of request: 2026-09-27T03:54:24.6318889Z
  Time since last request: 0.0005884 seconds.
  importAddress: GUID: e9df95f53f1c1d0c9199e235d6c42b50 - Path: Packages/com.unity.modules.audio/package.json - Importer: ScriptedImporter/UnityEditor.QuickSearchModule:UnityEditor.Search:ASIAI0B
Importing 'GUID: e9df95f53f1c1d0c9199e235d6c42b50 - Path: Packages/com.unity.modules.audio/package.json - Importer: ScriptedImporter/UnityEditor.QuickSearchModule:UnityEditor.Search:ASIAI0B' with importer (ScriptedImporter : UnityEditor.QuickSearchModule:UnityEditor.Search:ASIAI0B)
Imported 'GUID: e9df95f53f1c1d0c9199e235d6c42b50' -> (Import Result ID: '4c13d3ae670ef0b71fe3fe723d11f58b') in 0.002 seconds [static and dynamic dependencies]. Details - ImportResultOutputID=6b3b8e90ce96fa913388e95467b6a775 DependenciesID=aaf399446e13d4edcd5eabfe2655facf StaticDependenciesID=21c4a12975874c6dbbcc48b32662e0cb 
Number of updated asset objects reloaded before import = 0
Number of asset objects unloaded after import = 1
========================================================================
Received Import Request.
  Time of request: 2026-09-27T03:54:24.6345251Z
  Time since last request: 0.0006401 seconds.
  importAddress: GUID: 2c814623cb42764d304be0c5ddd03ceb - Path: Packages/com.unity.modules.xr/package.json - Importer: ScriptedImporter/UnityEditor.QuickSearchModule:UnityEditor.Search:ASIAI0B
Importing 'GUID: 2c814623cb42764d304be0c5ddd03ceb - Path: Packages/com.unity.modules.xr/package.json - Importer: ScriptedImporter/UnityEditor.QuickSearchModule:UnityEditor.Search:ASIAI0B' with importer (ScriptedImporter : UnityEditor.QuickSearchModule:UnityEditor.Search:ASIAI0B)
Imported 'GUID: 2c814623cb42764d304be0c5ddd03ceb' -> (Import Result ID: 'decfe3c94947d9dc80e32ab190c7bc18') in 0.002 seconds [static and dynamic dependencies]. Details - ImportResultOutputID=44ef6eebf4da3b6c1e92824a5f86a96b DependenciesID=e86becab272ed2c1a7e766b8c5b67c38 StaticDependenciesID=f1a93d6735979a143829cf2ff7442362 
Number of updated asset objects reloaded before import = 0
Number of asset objects unloaded after import = 1
========================================================================
Received Import Request.
  Time of request: 2026-09-27T03:54:24.6376526Z
  Time since last request: 0.0005441 seconds.
  importAddress: GUID: 164c9b1458eaab743a4b45c37a4d720d - Path: Packages/com.unity.test-framework/UnityEngine.TestRunner/Utils/MonoBehaviourTest/MonoBehaviourTest.cs - Importer: ScriptedImporter/UnityEditor.QuickSearchModule:UnityEditor.Search:ASIAI0B
Importing 'GUID: 164c9b1458eaab743a4b45c37a4d720d - Path: Packages/com.unity.test-framework/UnityEngine.TestRunner/Utils/MonoBehaviourTest/MonoBehaviourTest.cs - Importer: ScriptedImporter/UnityEditor.QuickSearchModule:UnityEditor.Search:ASIAI0B' with importer (ScriptedImporter : UnityEditor.QuickSearchModule:UnityEditor.Search:ASIAI0B)
Imported 'GUID: 164c9b1458eaab743a4b45c37a4d720d' -> (Import Result ID: '331bac78c7f77a2219426165f98cc604') in 0.002 seconds [static and dynamic dependencies]. Details - ImportResultOutputID=e6b5b43185b6f95c133bff6585409543 DependenciesID=a0996205246a894dc15a52ea0278abfc StaticDependenciesID=7b8bdeb4a900f90671dedab796ee69f8 
Number of updated asset objects reloaded before import = 0
Number of asset objects unloaded after import = 0
========================================================================
Received Import Request.
  Time of request: 2026-09-27T03:54:24.640624Z
  Time since last request: 0.0005557 seconds.
  importAddress: GUID: e5c46c19ce0ce2e0103aa6f82df1043a - Path: Packages/com.unity.modules.vehicles/package.ModuleCompilationTrigger - Importer: ScriptedImporter/UnityEditor.QuickSearchModule:UnityEditor.Search:ASIAI0B
Importing 'GUID: e5c46c19ce0ce2e0103aa6f82df1043a - Path: Packages/com.unity.modules.vehicles/package.ModuleCompilationTrigger - Importer: ScriptedImporter/UnityEditor.QuickSearchModule:UnityEditor.Search:ASIAI0B' with importer (ScriptedImporter : UnityEditor.QuickSearchModule:UnityEditor.Search:ASIAI0B)
Imported 'GUID: e5c46c19ce0ce2e0103aa6f82df1043a' -> (Import Result ID: 'f5c8e83eb680820137ea51076a2d1df4') in 0.002 seconds [static and dynamic dependencies]. Details - ImportResultOutputID=c8782809c5149e509a41cdef1d282b13 DependenciesID=bf13ec170d1a52751f508ba9488e0ab3 StaticDependenciesID=86a804281c97643fb9b80f9cc4bb216b 
Number of updated asset objects reloaded before import = 0
Number of asset objects unloaded after import = 1
========================================================================
Received Import Request.
  Time of request: 2026-09-27T03:54:24.6434729Z
  Time since last request: 0.0007749 seconds.
  importAddress: GUID: c7a8b0317f4e68556d7509828e9e211e - Path: Packages/com.unity.modules.xr/package.ModuleCompilationTrigger - Importer: ScriptedImporter/UnityEditor.QuickSearchModule:UnityEditor.Search:ASIAI0B
Importing 'GUID: c7a8b0317f4e68556d7509828e9e211e - Path: Packages/com.unity.modules.xr/package.ModuleCompilationTrigger - Importer: ScriptedImporter/UnityEditor.QuickSearchModule:UnityEditor.Search:ASIAI0B' with importer (ScriptedImporter : UnityEditor.QuickSearchModule:UnityEditor.Search:ASIAI0B)
Imported 'GUID: c7a8b0317f4e68556d7509828e9e211e' -> (Import Result ID: 'c2acd790154b39187c6ee60ac212a1b1') in 0.002 seconds [static and dynamic dependencies]. Details - ImportResultOutputID=6376cd148448d0e142536d7df60f89d0 DependenciesID=3cdcd736590ffe737f6b00b0f71e603d StaticDependenciesID=d18fd096906ccce9975fb264d4f80a5b 
Number of updated asset objects reloaded before import = 0
Number of asset objects unloaded after import = 1
========================================================================
Received Import Request.
  Time of request: 2026-09-27T03:54:24.6464501Z
  Time since last request: 0.0008109 seconds.
  importAddress: GUID: 830a36a23cf3ab1e61fa47940a6dc35e - Path: Packages/com.unity.modules.imageconversion/package.ModuleCompilationTrigger - Importer: ScriptedImporter/UnityEditor.QuickSearchModule:UnityEditor.Search:ASIAI0B
Importing 'GUID: 830a36a23cf3ab1e61fa47940a6dc35e - Path: Packages/com.unity.modules.imageconversion/package.ModuleCompilationTrigger - Importer: ScriptedImporter/UnityEditor.QuickSearchModule:UnityEditor.Search:ASIAI0B' with importer (ScriptedImporter : UnityEditor.QuickSearchModule:UnityEditor.Search:ASIAI0B)
Imported 'GUID: 830a36a23cf3ab1e61fa47940a6dc35e' -> (Import Result ID: '79c39720688bf0c28b61cce81ec5dad8') in 0.002 seconds [static and dynamic dependencies]. Details - ImportResultOutputID=6a181ec0bcb22598d307a709e2d9db01 DependenciesID=6fae22eba22b00371dc2926a1d07d59d StaticDependenciesID=d0d047621dc2bb37a1f20367f5d1810c 
Number of updated asset objects reloaded before import = 0
Number of asset objects unloaded after import = 1
========================================================================
Received Import Request.
  Time of request: 2026-09-27T03:54:24.6498807Z
  Time since last request: 0.0007731 seconds.
  importAddress: GUID: f49bbe06ffa5ae24abe32abdab430c24 - Path: Packages/com.unity.ext.nunit/CHANGELOG.md - Importer: ScriptedImporter/UnityEditor.QuickSearchModule:UnityEditor.Search:ASIAI0B
Importing 'GUID: f49bbe06ffa5ae24abe32abdab430c24 - Path: Packages/com.unity.ext.nunit/CHANGELOG.md - Importer: ScriptedImporter/UnityEditor.QuickSearchModule:UnityEditor.Search:ASIAI0B' with importer (ScriptedImporter : UnityEditor.QuickSearchModule:UnityEditor.Search:ASIAI0B)
Imported 'GUID: f49bbe06ffa5ae24abe32abdab430c24' -> (Import Result ID: 'cd40e85c3e0978d4e079db05d5f7589a') in 0.002 seconds [static and dynamic dependencies]. Details - ImportResultOutputID=e84719c2d51d5222cd433bdbd53170a4 DependenciesID=170b4e7996bc776faec2245b0bd063ab StaticDependenciesID=07e5c26ac9cae2d9016c460f4c9ad330 
Number of updated asset objects reloaded before import = 0
Number of asset objects unloaded after import = 1
========================================================================
Received Import Request.
  Time of request: 2026-09-27T03:54:24.6532913Z
  Time since last request: 0.0006434 seconds.
  importAddress: GUID: 953fab16d15d5885b3600fcd6388b2ad - Path: Packages/com.unity.modules.imageconversion/package.json - Importer: ScriptedImporter/UnityEditor.QuickSearchModule:UnityEditor.Search:ASIAI0B
Importing 'GUID: 953fab16d15d5885b3600fcd6388b2ad - Path: Packages/com.unity.modules.imageconversion/package.json - Importer: ScriptedImporter/UnityEditor.QuickSearchModule:UnityEditor.Search:ASIAI0B' with importer (ScriptedImporter : UnityEditor.QuickSearchModule:UnityEditor.Search:ASIAI0B)
Imported 'GUID: 953fab16d15d5885b3600fcd6388b2ad' -> (Import Result ID: 'b1418759c5265556e3b8da912350f8b4') in 0.002 seconds [static and dynamic dependencies]. Details - ImportResultOutputID=f427b3b9d955077bbafc337eb9d73008 DependenciesID=6f07701b4557a3eec7f38014e0653f46 StaticDependenciesID=77b77da71dcbb1496dbb36b8f9eee917 
Number of updated asset objects reloaded before import = 0
Number of asset objects unloaded after import = 1
========================================================================
Received Import Request.
  Time of request: 2026-09-27T03:54:24.6559804Z
  Time since last request: 0.0006585 seconds.
  importAddress: GUID: 6afb166a156df2d20433d981f4bb2832 - Path: Packages/com.unity.modules.vehicles/package.json - Importer: ScriptedImporter/UnityEditor.QuickSearchModule:UnityEditor.Search:ASIAI0B
Importing 'GUID: 6afb166a156df2d20433d981f4bb2832 - Path: Packages/com.unity.modules.vehicles/package.json - Importer: ScriptedImporter/UnityEditor.QuickSearchModule:UnityEditor.Search:ASIAI0B' with importer (ScriptedImporter : UnityEditor.QuickSearchModule:UnityEditor.Search:ASIAI0B)
Imported 'GUID: 6afb166a156df2d20433d981f4bb2832' -> (Import Result ID: '675fc18249ce831376a71503560fbeca') in 0.002 seconds [static and dynamic dependencies]. Details - ImportResultOutputID=4eea8ddcbe4745bbfa75997be91de975 DependenciesID=0fe2c9c4459f68c16494f1a843a6517c StaticDependenciesID=09dbcb230f0fc22607a65261943872e8 
Number of updated asset objects reloaded before import = 0
Number of asset objects unloaded after import = 1
========================================================================
Received Import Request.
  Time of request: 2026-09-27T03:54:24.6590576Z
  Time since last request: 0.0007476 seconds.
  importAddress: GUID: 646cce3bdb8d461d980d11d729ab3312 - Path: Packages/com.unity.test-framework/UnityEditor.TestRunner/TestRun/Tasks/Platform/PlatformSpecificPostBuildTask.cs - Importer: ScriptedImporter/UnityEditor.QuickSearchModule:UnityEditor.Search:ASIAI0B
Importing 'GUID: 646cce3bdb8d461d980d11d729ab3312 - Path: Packages/com.unity.test-framework/UnityEditor.TestRunner/TestRun/Tasks/Platform/PlatformSpecificPostBuildTask.cs - Importer: ScriptedImporter/UnityEditor.QuickSearchModule:UnityEditor.Search:ASIAI0B' with importer (ScriptedImporter : UnityEditor.QuickSearchModule:UnityEditor.Search:ASIAI0B)
Imported 'GUID: 646cce3bdb8d461d980d11d729ab3312' -> (Import Result ID: 'd41ec6366a6bf7098e08c2843a8dfbcf') in 0.003 seconds [static and dynamic dependencies]. Details - ImportResultOutputID=d165b46c865a0aea27431198cc789d16 DependenciesID=3e896dae6391d53cb2cd9ed31eb748a8 StaticDependenciesID=b914aeb3f76a8b804ee49ae5c4efde05 
Number of updated asset objects reloaded before import = 0
Number of asset objects unloaded after import = 0
========================================================================
Received Import Request.
  Time of request: 2026-09-27T03:54:24.6626078Z
  Time since last request: 0.000676 seconds.
  importAddress: GUID: a002d3737b873954395b7cf862873ab8 - Path: Packages/com.unity.test-framework/UnityEngine.TestRunner/Utils/MonoBehaviourTest/IMonoBehaviourTest.cs - Importer: ScriptedImporter/UnityEditor.QuickSearchModule:UnityEditor.Search:ASIAI0B
Importing 'GUID: a002d3737b873954395b7cf862873ab8 - Path: Packages/com.unity.test-framework/UnityEngine.TestRunner/Utils/MonoBehaviourTest/IMonoBehaviourTest.cs - Importer: ScriptedImporter/UnityEditor.QuickSearchModule:UnityEditor.Search:ASIAI0B' with importer (ScriptedImporter : UnityEditor.QuickSearchModule:UnityEditor.Search:ASIAI0B)
Imported 'GUID: a002d3737b873954395b7cf862873ab8' -> (Import Result ID: '216b6e616cc1f549694f512264ad3660') in 0.003 seconds [static and dynamic dependencies]. Details - ImportResultOutputID=28cd655a33feb322fb8abdf290ded84c DependenciesID=066e577d788443fe23089ca8226ca35b StaticDependenciesID=7e19fc1a390b6d8dc1ea54fba1cd1052 
Number of updated asset objects reloaded before import = 0
Number of asset objects unloaded after import = 0
========================================================================
Received Import Request.
  Time of request: 2026-09-27T03:54:24.6665004Z
  Time since last request: 0.0006515 seconds.
  importAddress: GUID: f9bd02a3a916be64c9b47b1305149423 - Path: Packages/com.unity.ide.rider/Rider/Editor/EditorPluginInterop.cs - Importer: ScriptedImporter/UnityEditor.QuickSearchModule:UnityEditor.Search:ASIAI0B
Importing 'GUID: f9bd02a3a916be64c9b47b1305149423 - Path: Packages/com.unity.ide.rider/Rider/Editor/EditorPluginInterop.cs - Importer: ScriptedImporter/UnityEditor.QuickSearchModule:UnityEditor.Search:ASIAI0B' with importer (ScriptedImporter : UnityEditor.QuickSearchModule:UnityEditor.Search:ASIAI0B)
Imported 'GUID: f9bd02a3a916be64c9b47b1305149423' -> (Import Result ID: '37ef4c8a4c910454cb6e1877fe95747c') in 0.002 seconds [static and dynamic dependencies]. Details - ImportResultOutputID=b32f7b1be61dd38eab7eac14ed4dafd1 DependenciesID=29716f777d65f72fe0958fa6887f350d StaticDependenciesID=8d830633389c4540c040b7cc881b9f50 
Number of updated asset objects reloaded before import = 0
Number of asset objects unloaded after import = 0
========================================================================
Received Import Request.
  Time of request: 2026-09-27T03:54:24.6696297Z
  Time since last request: 0.000537 seconds.
  importAddress: GUID: d85e5eeaf8f135aeaaebdc8aa3cff6c3 - Path: Packages/com.unity.modules.umbra/package.json - Importer: ScriptedImporter/UnityEditor.QuickSearchModule:UnityEditor.Search:ASIAI0B
Importing 'GUID: d85e5eeaf8f135aeaaebdc8aa3cff6c3 - Path: Packages/com.unity.modules.umbra/package.json - Importer: ScriptedImporter/UnityEditor.QuickSearchModule:UnityEditor.Search:ASIAI0B' with importer (ScriptedImporter : UnityEditor.QuickSearchModule:UnityEditor.Search:ASIAI0B)
Imported 'GUID: d85e5eeaf8f135aeaaebdc8aa3cff6c3' -> (Import Result ID: '667276e1ba3208478efd54fdae8c5aa0') in 0.002 seconds [static and dynamic dependencies]. Details - ImportResultOutputID=5219c76208a9e8dcdbac669de5d35db3 DependenciesID=57a9288dcc505ba7a0bfa09ce72d572e StaticDependenciesID=f483542f6531c4b2651cea175bd17d4a 
Number of updated asset objects reloaded before import = 0
Number of asset objects unloaded after import = 1
========================================================================
Received Import Request.
  Time of request: 2026-09-27T03:54:24.6727358Z
  Time since last request: 0.0005726 seconds.
  importAddress: GUID: dab656c79e1985c40b31faebcda44442 - Path: Packages/com.unity.ide.rider/Rider/Editor/Discovery.cs - Importer: ScriptedImporter/UnityEditor.QuickSearchModule:UnityEditor.Search:ASIAI0B
Importing 'GUID: dab656c79e1985c40b31faebcda44442 - Path: Packages/com.unity.ide.rider/Rider/Editor/Discovery.cs - Importer: ScriptedImporter/UnityEditor.QuickSearchModule:UnityEditor.Search:ASIAI0B' with importer (ScriptedImporter : UnityEditor.QuickSearchModule:UnityEditor.Search:ASIAI0B)
Imported 'GUID: dab656c79e1985c40b31faebcda44442' -> (Import Result ID: '98d2c0c79c9ac1d900c36e74f49961fe') in 0.003 seconds [static and dynamic dependencies]. Details - ImportResultOutputID=f2c2b19c71d75ac0fdd48d5e2d744e1e DependenciesID=48ab8420c1cbabacf6a91ee813156dee StaticDependenciesID=b870da3fff6db94914cf8a6bc2c91186 
Number of updated asset objects reloaded before import = 0
Number of asset objects unloaded after import = 0
========================================================================
Received Import Request.
  Time of request: 2026-09-27T03:54:24.6765199Z
  Time since last request: 0.0008376 seconds.
  importAddress: GUID: f0f13f2ab3d6d13cfc6e4656824bfca8 - Path: Packages/com.unity.modules.ai/package.json - Importer: ScriptedImporter/UnityEditor.QuickSearchModule:UnityEditor.Search:ASIAI0B
Importing 'GUID: f0f13f2ab3d6d13cfc6e4656824bfca8 - Path: Packages/com.unity.modules.ai/package.json - Importer: ScriptedImporter/UnityEditor.QuickSearchModule:UnityEditor.Search:ASIAI0B' with importer (ScriptedImporter : UnityEditor.QuickSearchModule:UnityEditor.Search:ASIAI0B)
Imported 'GUID: f0f13f2ab3d6d13cfc6e4656824bfca8' -> (Import Result ID: '85f0786b446d49c5c3970d30950ede24') in 0.002 seconds [static and dynamic dependencies]. Details - ImportResultOutputID=d762fdf36a058b92a48a06a0c28ed4c5 DependenciesID=efda299db44b3e45ee0f4dbe714da488 StaticDependenciesID=97ba4f996f289a74cc29a037bcaca3fd 
Number of updated asset objects reloaded before import = 0
Number of asset objects unloaded after import = 1
========================================================================
Received Import Request.
  Time of request: 2026-09-27T03:54:24.6794132Z
  Time since last request: 0.0007223 seconds.
  importAddress: GUID: 5c4d36a13e7466e43940732365f53bf1 - Path: Packages/com.unity.test-framework/UnityEditor.TestRunner/TestRun/Tasks/Scene/StoreSceneSetupTask.cs - Importer: ScriptedImporter/UnityEditor.QuickSearchModule:UnityEditor.Search:ASIAI0B
Importing 'GUID: 5c4d36a13e7466e43940732365f53bf1 - Path: Packages/com.unity.test-framework/UnityEditor.TestRunner/TestRun/Tasks/Scene/StoreSceneSetupTask.cs - Importer: ScriptedImporter/UnityEditor.QuickSearchModule:UnityEditor.Search:ASIAI0B' with importer (ScriptedImporter : UnityEditor.QuickSearchModule:UnityEditor.Search:ASIAI0B)
Imported 'GUID: 5c4d36a13e7466e43940732365f53bf1' -> (Import Result ID: '03021488417645f2c38a75da5e39ef06') in 0.002 seconds [static and dynamic dependencies]. Details - ImportResultOutputID=0cdcfc5e0bb16525f9b1bb6119cfb0a5 DependenciesID=bbe87016c19e25d5373f54afa40aee2e StaticDependenciesID=348f8f755f77572452ea7a6856427e75 
Number of updated asset objects reloaded before import = 0
Number of asset objects unloaded after import = 0
========================================================================
Received Import Request.
  Time of request: 2026-09-27T03:54:24.6821468Z
  Time since last request: 0.0005566 seconds.
  importAddress: GUID: 43c24fd91e60170469bfb8d79c565ad3 - Path: Packages/com.unity.test-framework/UnityEditor.TestRunner/TestRun/Tasks/Scene/SceneWrapper.cs - Importer: ScriptedImporter/UnityEditor.QuickSearchModule:UnityEditor.Search:ASIAI0B
Importing 'GUID: 43c24fd91e60170469bfb8d79c565ad3 - Path: Packages/com.unity.test-framework/UnityEditor.TestRunner/TestRun/Tasks/Scene/SceneWrapper.cs - Importer: ScriptedImporter/UnityEditor.QuickSearchModule:UnityEditor.Search:ASIAI0B' with importer (ScriptedImporter : UnityEditor.QuickSearchModule:UnityEditor.Search:ASIAI0B)
Imported 'GUID: 43c24fd91e60170469bfb8d79c565ad3' -> (Import Result ID: '21dfb44c50e6d059585315062a970bdc') in 0.002 seconds [static and dynamic dependencies]. Details - ImportResultOutputID=06affa6b9ca0fb930738565692449767 DependenciesID=f0992d7393f7fdbd974e67d7e725a3aa StaticDependenciesID=aeaa6d05d8bcc88eff204cd076f9e9c4 
Number of updated asset objects reloaded before import = 0
Number of asset objects unloaded after import = 0
========================================================================
Received Import Request.
  Time of request: 2026-09-27T03:54:24.6851253Z
  Time since last request: 0.0006862 seconds.
  importAddress: GUID: d9b3520efe42f4ee887f8b99b7e1deae - Path: Packages/com.unity.test-framework/UnityEditor.TestRunner/TestRun/Tasks/Events/RegisterTestRunCallbackEventsTask.cs - Importer: ScriptedImporter/UnityEditor.QuickSearchModule:UnityEditor.Search:ASIAI0B
Importing 'GUID: d9b3520efe42f4ee887f8b99b7e1deae - Path: Packages/com.unity.test-framework/UnityEditor.TestRunner/TestRun/Tasks/Events/RegisterTestRunCallbackEventsTask.cs - Importer: ScriptedImporter/UnityEditor.QuickSearchModule:UnityEditor.Search:ASIAI0B' with importer (ScriptedImporter : UnityEditor.QuickSearchModule:UnityEditor.Search:ASIAI0B)
Imported 'GUID: d9b3520efe42f4ee887f8b99b7e1deae' -> (Import Result ID: '73c2fdf3985310438b543da55cec7735') in 0.002 seconds [static and dynamic dependencies]. Details - ImportResultOutputID=ca38f4a7ddebf31f9494471f1d9b72b2 DependenciesID=305e2549d0dbadd1c894f5dabec7c09e StaticDependenciesID=1967f203fd437532293db1841af13cd6 
Number of updated asset objects reloaded before import = 0
Number of asset objects unloaded after import = 0
========================================================================
Received Import Request.
  Time of request: 2026-09-27T03:54:24.6879111Z
  Time since last request: 0.0006472 seconds.
  importAddress: GUID: 1b6246f2248883964991eac9e9b4817c - Path: Packages/com.unity.modules.umbra/package.ModuleCompilationTrigger - Importer: ScriptedImporter/UnityEditor.QuickSearchModule:UnityEditor.Search:ASIAI0B
Importing 'GUID: 1b6246f2248883964991eac9e9b4817c - Path: Packages/com.unity.modules.umbra/package.ModuleCompilationTrigger - Importer: ScriptedImporter/UnityEditor.QuickSearchModule:UnityEditor.Search:ASIAI0B' with importer (ScriptedImporter : UnityEditor.QuickSearchModule:UnityEditor.Search:ASIAI0B)
Imported 'GUID: 1b6246f2248883964991eac9e9b4817c' -> (Import Result ID: '722e2ff714dff08d2a7077901b358bd3') in 0.002 seconds [static and dynamic dependencies]. Details - ImportResultOutputID=57ec12ecbe04dd82e03735764d4db46a DependenciesID=a0b28249d7d091f549f213b220868a8f StaticDependenciesID=0999fa7bb55e4b556a0fb20a4b05f116 
Number of updated asset objects reloaded before import = 0
Number of asset objects unloaded after import = 1
========================================================================
Received Import Request.
  Time of request: 2026-09-27T03:54:24.6912938Z
  Time since last request: 0.0007202 seconds.
  importAddress: GUID: e02e76bfece9a28408e2e7dcb2e14b8f - Path: Packages/com.unity.test-framework/UnityEditor.TestRunner/TestRun/Tasks/Scene/RemoveAdditionalUntitledSceneTask.cs - Importer: ScriptedImporter/UnityEditor.QuickSearchModule:UnityEditor.Search:ASIAI0B
Importing 'GUID: e02e76bfece9a28408e2e7dcb2e14b8f - Path: Packages/com.unity.test-framework/UnityEditor.TestRunner/TestRun/Tasks/Scene/RemoveAdditionalUntitledSceneTask.cs - Importer: ScriptedImporter/UnityEditor.QuickSearchModule:UnityEditor.Search:ASIAI0B' with importer (ScriptedImporter : UnityEditor.QuickSearchModule:UnityEditor.Search:ASIAI0B)
Imported 'GUID: e02e76bfece9a28408e2e7dcb2e14b8f' -> (Import Result ID: '977b36fee9c324b0543f5c044929a77d') in 0.003 seconds [static and dynamic dependencies]. Details - ImportResultOutputID=6d4a5372bb0709a1eebc021210cfe70e DependenciesID=dc5d079ba8da29a789fa68e3ea579464 StaticDependenciesID=cb8648f690b45d133d6951a803fa8d20 
Number of updated asset objects reloaded before import = 0
Number of asset objects unloaded after import = 0
========================================================================
Received Import Request.
  Time of request: 2026-09-27T03:54:24.6952443Z
  Time since last request: 0.0006132 seconds.
  importAddress: GUID: f91a00d2dca52b843b2d50ccf750737d - Path: Packages/com.unity.ext.nunit/LICENSE.md - Importer: ScriptedImporter/UnityEditor.QuickSearchModule:UnityEditor.Search:ASIAI0B
Importing 'GUID: f91a00d2dca52b843b2d50ccf750737d - Path: Packages/com.unity.ext.nunit/LICENSE.md - Importer: ScriptedImporter/UnityEditor.QuickSearchModule:UnityEditor.Search:ASIAI0B' with importer (ScriptedImporter : UnityEditor.QuickSearchModule:UnityEditor.Search:ASIAI0B)
Imported 'GUID: f91a00d2dca52b843b2d50ccf750737d' -> (Import Result ID: '220b9d3aeb5188dc9088a2bb04b54e34') in 0.002 seconds [static and dynamic dependencies]. Details - ImportResultOutputID=bd4ec70d7b244359d68845e4d5ba2ec8 DependenciesID=2184d72d2c533c5201bfbbd058bbfa3f StaticDependenciesID=0f5a62c23d89a8c8c2f3a36fcd2fff5a 
Number of updated asset objects reloaded before import = 0
Number of asset objects unloaded after import = 1
========================================================================
Received Import Request.
  Time of request: 2026-09-27T03:54:24.6981885Z
  Time since last request: 0.0005812 seconds.
  importAddress: GUID: 042dc296246916648e55a43d0eeb2036 - Path: Packages/com.unity.modules.audio/package.ModuleCompilationTrigger - Importer: ScriptedImporter/UnityEditor.QuickSearchModule:UnityEditor.Search:ASIAI0B
Importing 'GUID: 042dc296246916648e55a43d0eeb2036 - Path: Packages/com.unity.modules.audio/package.ModuleCompilationTrigger - Importer: ScriptedImporter/UnityEditor.QuickSearchModule:UnityEditor.Search:ASIAI0B' with importer (ScriptedImporter : UnityEditor.QuickSearchModule:UnityEditor.Search:ASIAI0B)
Imported 'GUID: 042dc296246916648e55a43d0eeb2036' -> (Import Result ID: '00fc5be852d9a20094ada51dfdd32e40') in 0.002 seconds [static and dynamic dependencies]. Details - ImportResultOutputID=be3c6187cfd69cedf58360436ffce95f DependenciesID=e5f44199b3a929e8d88cb6e7ad32ad7d StaticDependenciesID=3e37e13afb2dc58423d20390a56906ee 
Number of updated asset objects reloaded before import = 0
Number of asset objects unloaded after import = 1
========================================================================
Received Import Request.
  Time of request: 2026-09-27T03:54:24.7009732Z
  Time since last request: 0.0006477 seconds.
  importAddress: GUID: bfcb3ba499f7d452b92d9a9cc3378788 - Path: Packages/com.unity.ext.nunit/Third Party Notices.md - Importer: ScriptedImporter/UnityEditor.QuickSearchModule:UnityEditor.Search:ASIAI0B
Importing 'GUID: bfcb3ba499f7d452b92d9a9cc3378788 - Path: Packages/com.unity.ext.nunit/Third Party Notices.md - Importer: ScriptedImporter/UnityEditor.QuickSearchModule:UnityEditor.Search:ASIAI0B' with importer (ScriptedImporter : UnityEditor.QuickSearchModule:UnityEditor.Search:ASIAI0B)
Imported 'GUID: bfcb3ba499f7d452b92d9a9cc3378788' -> (Import Result ID: '6686bcc922faf52f91450bbf8a04abb6') in 0.002 seconds [static and dynamic dependencies]. Details - ImportResultOutputID=0dd8aeaec670c0c1104d4635c4593b03 DependenciesID=dd1452763082e53f8e915e69cbe30aa9 StaticDependenciesID=901bdab89cb96b2f8f7eb9d361a82df1 
Number of updated asset objects reloaded before import = 0
Number of asset objects unloaded after import = 1
========================================================================
Received Import Request.
  Time of request: 2026-09-27T03:54:24.7037774Z
  Time since last request: 0.0006349 seconds.
  importAddress: GUID: b6029123aa4ab4e0481a4b3ad8a15af9 - Path: Packages/com.unity.ide.rider/ValidationExceptions.json - Importer: ScriptedImporter/UnityEditor.QuickSearchModule:UnityEditor.Search:ASIAI0B
Importing 'GUID: b6029123aa4ab4e0481a4b3ad8a15af9 - Path: Packages/com.unity.ide.rider/ValidationExceptions.json - Importer: ScriptedImporter/UnityEditor.QuickSearchModule:UnityEditor.Search:ASIAI0B' with importer (ScriptedImporter : UnityEditor.QuickSearchModule:UnityEditor.Search:ASIAI0B)
Imported 'GUID: b6029123aa4ab4e0481a4b3ad8a15af9' -> (Import Result ID: '6cf83533c23e1f11cc81a10198a0ec6e') in 0.002 seconds [static and dynamic dependencies]. Details - ImportResultOutputID=46d9e7ce5a983c346e665688ad2e5989 DependenciesID=46774ed773d7d272748318c404a9decd StaticDependenciesID=6603d9bd41186f80e4edf339f6dc574a 
Number of updated asset objects reloaded before import = 0
Number of asset objects unloaded after import = 1
========================================================================
Received Import Request.
  Time of request: 2026-09-27T03:54:24.7071713Z
  Time since last request: 0.0005804 seconds.
  importAddress: GUID: 30b312a167534621b316172253b08723 - Path: Packages/com.unity.modules.subsystems/package.json - Importer: ScriptedImporter/UnityEditor.QuickSearchModule:UnityEditor.Search:ASIAI0B
Importing 'GUID: 30b312a167534621b316172253b08723 - Path: Packages/com.unity.modules.subsystems/package.json - Importer: ScriptedImporter/UnityEditor.QuickSearchModule:UnityEditor.Search:ASIAI0B' with importer (ScriptedImporter : UnityEditor.QuickSearchModule:UnityEditor.Search:ASIAI0B)
Imported 'GUID: 30b312a167534621b316172253b08723' -> (Import Result ID: 'd1e343991b7aeab7cdf3c9ae3cba3849') in 0.002 seconds [static and dynamic dependencies]. Details - ImportResultOutputID=f6e0555b689b8b0bc4fab1776ffd3f45 DependenciesID=11422a446cfb02c9c481285cb950c7dc StaticDependenciesID=f4f76ff93ec7ed53490ed9fdb95904a3 
Number of updated asset objects reloaded before import = 0
Number of asset objects unloaded after import = 1
========================================================================
Received Import Request.
  Time of request: 2026-09-27T03:54:24.7102079Z
  Time since last request: 0.0006685 seconds.
  importAddress: GUID: fa27413e9edb06a6058d6c894eca0338 - Path: Packages/com.unity.modules.unitywebrequestwww/package.json - Importer: ScriptedImporter/UnityEditor.QuickSearchModule:UnityEditor.Search:ASIAI0B
Importing 'GUID: fa27413e9edb06a6058d6c894eca0338 - Path: Packages/com.unity.modules.unitywebrequestwww/package.json - Importer: ScriptedImporter/UnityEditor.QuickSearchModule:UnityEditor.Search:ASIAI0B' with importer (ScriptedImporter : UnityEditor.QuickSearchModule:UnityEditor.Search:ASIAI0B)
Imported 'GUID: fa27413e9edb06a6058d6c894eca0338' -> (Import Result ID: 'c5ccb4960178afeebf6d35104cdfa0e5') in 0.002 seconds [static and dynamic dependencies]. Details - ImportResultOutputID=bfacfef7302cc9e46e656c18130fae2a DependenciesID=01313add14461bb2e280c829f23e4775 StaticDependenciesID=ba2d9a61582ad26adce919f841473ac4 
Number of updated asset objects reloaded before import = 0
Number of asset objects unloaded after import = 1
========================================================================
Received Import Request.
  Time of request: 2026-09-27T03:54:24.7133743Z
  Time since last request: 0.0007243 seconds.
  importAddress: GUID: 0f3326f97c0d472bac74dc480099f983 - Path: Packages/com.unity.test-framework/UnityEditor.TestRunner/TestRun/Tasks/Platform/PlatformSpecificCleanupTask.cs - Importer: ScriptedImporter/UnityEditor.QuickSearchModule:UnityEditor.Search:ASIAI0B
Importing 'GUID: 0f3326f97c0d472bac74dc480099f983 - Path: Packages/com.unity.test-framework/UnityEditor.TestRunner/TestRun/Tasks/Platform/PlatformSpecificCleanupTask.cs - Importer: ScriptedImporter/UnityEditor.QuickSearchModule:UnityEditor.Search:ASIAI0B' with importer (ScriptedImporter : UnityEditor.QuickSearchModule:UnityEditor.Search:ASIAI0B)
Imported 'GUID: 0f3326f97c0d472bac74dc480099f983' -> (Import Result ID: '72ea16b5e93f6696e09958429b235ff0') in 0.002 seconds [static and dynamic dependencies]. Details - ImportResultOutputID=d5f040b211859d739fd8a6cc90701d85 DependenciesID=92c99d98fbd7efc117aaa2f16c3991b9 StaticDependenciesID=7762c119ab41b24d7a76e50667bb3bc5 
Number of updated asset objects reloaded before import = 0
Number of asset objects unloaded after import = 0
========================================================================
Received Import Request.
  Time of request: 2026-09-27T03:54:24.723547Z
  Time since last request: 0.0074947 seconds.
  importAddress: GUID: f079e3afd077fb94fa2bda74d6409499 - Path: Packages/com.unity.ide.rider/Rider/Editor/RiderScriptEditorData.cs - Importer: ScriptedImporter/UnityEditor.QuickSearchModule:UnityEditor.Search:ASIAI0B
Importing 'GUID: f079e3afd077fb94fa2bda74d6409499 - Path: Packages/com.unity.ide.rider/Rider/Editor/RiderScriptEditorData.cs - Importer: ScriptedImporter/UnityEditor.QuickSearchModule:UnityEditor.Search:ASIAI0B' with importer (ScriptedImporter : UnityEditor.QuickSearchModule:UnityEditor.Search:ASIAI0B)
Imported 'GUID: f079e3afd077fb94fa2bda74d6409499' -> (Import Result ID: '9222110b57d3ce525e4958bf26328b0d') in 0.002 seconds [static and dynamic dependencies]. Details - ImportResultOutputID=64b82d5b2afa7daf02b58026dffc3732 DependenciesID=7677cdffa8d0085bf1f89704ec04da09 StaticDependenciesID=3fa231174be2f4f4f09b0bff7fa6be0a 
Number of updated asset objects reloaded before import = 0
Number of asset objects unloaded after import = 0
========================================================================
Received Import Request.
  Time of request: 2026-09-27T03:54:24.7266947Z
  Time since last request: 0.0007011 seconds.
  importAddress: GUID: 45471ad7b8c1f964da5e3c07d57fbf4f - Path: Packages/com.unity.ide.rider/Rider/Editor/PostProcessors/RiderAssetPostprocessor.cs - Importer: ScriptedImporter/UnityEditor.QuickSearchModule:UnityEditor.Search:ASIAI0B
Importing 'GUID: 45471ad7b8c1f964da5e3c07d57fbf4f - Path: Packages/com.unity.ide.rider/Rider/Editor/PostProcessors/RiderAssetPostprocessor.cs - Importer: ScriptedImporter/UnityEditor.QuickSearchModule:UnityEditor.Search:ASIAI0B' with importer (ScriptedImporter : UnityEditor.QuickSearchModule:UnityEditor.Search:ASIAI0B)
Imported 'GUID: 45471ad7b8c1f964da5e3c07d57fbf4f' -> (Import Result ID: '6cd6cf2fddd4aa41e6c6e5fd0025d503') in 0.002 seconds [static and dynamic dependencies]. Details - ImportResultOutputID=be0991b6a10891c70e9dc16339f500db DependenciesID=59b171bfbef539413828492332a62826 StaticDependenciesID=1b4b1cc3c142547dceb529112309c59a 
Number of updated asset objects reloaded before import = 0
Number of asset objects unloaded after import = 0
========================================================================
Received Import Request.
  Time of request: 2026-09-27T03:54:24.7300217Z
  Time since last request: 0.0006496 seconds.
  importAddress: GUID: fe6a6957b37b61417b457a1e0541791d - Path: Packages/com.unity.modules.physics2d/package.ModuleCompilationTrigger - Importer: ScriptedImporter/UnityEditor.QuickSearchModule:UnityEditor.Search:ASIAI0B
Importing 'GUID: fe6a6957b37b61417b457a1e0541791d - Path: Packages/com.unity.modules.physics2d/package.ModuleCompilationTrigger - Importer: ScriptedImporter/UnityEditor.QuickSearchModule:UnityEditor.Search:ASIAI0B' with importer (ScriptedImporter : UnityEditor.QuickSearchModule:UnityEditor.Search:ASIAI0B)
Imported 'GUID: fe6a6957b37b61417b457a1e0541791d' -> (Import Result ID: '5e8c56efadfcd21a3fa6a3f998425e75') in 0.002 seconds [static and dynamic dependencies]. Details - ImportResultOutputID=9c95faa6ed0e2fb6f11c5910fce90595 DependenciesID=127c54ef8c38be9b40a8cf2204bc2de6 StaticDependenciesID=e6d2ca71c643a1a4290365c42470c9ef 
Number of updated asset objects reloaded before import = 0
Number of asset objects unloaded after import = 1
========================================================================
Received Import Request.
  Time of request: 2026-09-27T03:54:24.7326491Z
  Time since last request: 0.0006061 seconds.
  importAddress: GUID: 8472c6472e6d4301873871a9e8fcf952 - Path: Packages/com.unity.ide.rider/Rider/Editor/Properties/AssemblyInfo.cs - Importer: ScriptedImporter/UnityEditor.QuickSearchModule:UnityEditor.Search:ASIAI0B
Importing 'GUID: 8472c6472e6d4301873871a9e8fcf952 - Path: Packages/com.unity.ide.rider/Rider/Editor/Properties/AssemblyInfo.cs - Importer: ScriptedImporter/UnityEditor.QuickSearchModule:UnityEditor.Search:ASIAI0B' with importer (ScriptedImporter : UnityEditor.QuickSearchModule:UnityEditor.Search:ASIAI0B)
Imported 'GUID: 8472c6472e6d4301873871a9e8fcf952' -> (Import Result ID: '16a9d9ef094109a4fd05f5e49a41d9a3') in 0.003 seconds [static and dynamic dependencies]. Details - ImportResultOutputID=8e630ce16d9dafc70034e0a4d15b5a06 DependenciesID=04566fdab33cbe0842fad847b95529d5 StaticDependenciesID=545c100b4a495aab6b6a349b061a737d 
Number of updated asset objects reloaded before import = 0
Number of asset objects unloaded after import = 0
========================================================================
Received Import Request.
  Time of request: 2026-09-27T03:54:24.7363492Z
  Time since last request: 0.0008848 seconds.
  importAddress: GUID: 4745d06d5a7ca576dcf9e5e67b417652 - Path: Packages/com.unity.modules.accessibility/package.ModuleCompilationTrigger - Importer: ScriptedImporter/UnityEditor.QuickSearchModule:UnityEditor.Search:ASIAI0B
Importing 'GUID: 4745d06d5a7ca576dcf9e5e67b417652 - Path: Packages/com.unity.modules.accessibility/package.ModuleCompilationTrigger - Importer: ScriptedImporter/UnityEditor.QuickSearchModule:UnityEditor.Search:ASIAI0B' with importer (ScriptedImporter : UnityEditor.QuickSearchModule:UnityEditor.Search:ASIAI0B)
Imported 'GUID: 4745d06d5a7ca576dcf9e5e67b417652' -> (Import Result ID: '0e432e83b03f4d4d2d4ce51d8806eab6') in 0.002 seconds [static and dynamic dependencies]. Details - ImportResultOutputID=1ca9a369da4ebd7bf94164a9ad524b41 DependenciesID=7c84df2f5abb545cc707536a36e50d1f StaticDependenciesID=c6e68aae91e50a7e5fb0b3cf7011bcc0 
Number of updated asset objects reloaded before import = 0
Number of asset objects unloaded after import = 1
========================================================================
Received Import Request.
  Time of request: 2026-09-27T03:54:24.7396054Z
  Time since last request: 0.0006436 seconds.
  importAddress: GUID: 3e4e7fdc19414089a0fb43e43b1bdae1 - Path: Packages/com.unity.ide.rider/Rider/Editor/ProjectGeneration/SolutionGuidGenerator.cs - Importer: ScriptedImporter/UnityEditor.QuickSearchModule:UnityEditor.Search:ASIAI0B
Importing 'GUID: 3e4e7fdc19414089a0fb43e43b1bdae1 - Path: Packages/com.unity.ide.rider/Rider/Editor/ProjectGeneration/SolutionGuidGenerator.cs - Importer: ScriptedImporter/UnityEditor.QuickSearchModule:UnityEditor.Search:ASIAI0B' with importer (ScriptedImporter : UnityEditor.QuickSearchModule:UnityEditor.Search:ASIAI0B)
Imported 'GUID: 3e4e7fdc19414089a0fb43e43b1bdae1' -> (Import Result ID: 'b413a952f816a97e9401a1119804724d') in 0.002 seconds [static and dynamic dependencies]. Details - ImportResultOutputID=94c354798672d2859fb0c10a7c7c8b1c DependenciesID=7409b617e391f956594e92f7df4d8f16 StaticDependenciesID=9b68c7d4b98ba05a6b80746721493e4b 
Number of updated asset objects reloaded before import = 0
Number of asset objects unloaded after import = 0
========================================================================
Received Import Request.
  Time of request: 2026-09-27T03:54:24.7425123Z
  Time since last request: 0.0006338 seconds.
  importAddress: GUID: 56f347f155204ffebacb6ed6f4a4e65f - Path: Packages/com.unity.ide.rider/Rider/Editor/RiderStyles.cs - Importer: ScriptedImporter/UnityEditor.QuickSearchModule:UnityEditor.Search:ASIAI0B
Importing 'GUID: 56f347f155204ffebacb6ed6f4a4e65f - Path: Packages/com.unity.ide.rider/Rider/Editor/RiderStyles.cs - Importer: ScriptedImporter/UnityEditor.QuickSearchModule:UnityEditor.Search:ASIAI0B' with importer (ScriptedImporter : UnityEditor.QuickSearchModule:UnityEditor.Search:ASIAI0B)
Imported 'GUID: 56f347f155204ffebacb6ed6f4a4e65f' -> (Import Result ID: 'db62cd4d18e0e8affbf7ade64d9dbcbf') in 0.002 seconds [static and dynamic dependencies]. Details - ImportResultOutputID=56a5510986afdf280cb92f9120def962 DependenciesID=dc603c772c14673f5340d659ad237484 StaticDependenciesID=c60a16c759d6d682dc7d1316c1c85997 
Number of updated asset objects reloaded before import = 0
Number of asset objects unloaded after import = 0
========================================================================
Received Import Request.
  Time of request: 2026-09-27T03:54:24.7453938Z
  Time since last request: 0.0006287 seconds.
  importAddress: GUID: 22608619ec9a4b1db7417e80c3123098 - Path: Packages/com.unity.ide.rider/Rider/Editor/Util/UnityVersionUtils.cs - Importer: ScriptedImporter/UnityEditor.QuickSearchModule:UnityEditor.Search:ASIAI0B
Importing 'GUID: 22608619ec9a4b1db7417e80c3123098 - Path: Packages/com.unity.ide.rider/Rider/Editor/Util/UnityVersionUtils.cs - Importer: ScriptedImporter/UnityEditor.QuickSearchModule:UnityEditor.Search:ASIAI0B' with importer (ScriptedImporter : UnityEditor.QuickSearchModule:UnityEditor.Search:ASIAI0B)
Imported 'GUID: 22608619ec9a4b1db7417e80c3123098' -> (Import Result ID: '9021c4fd2f47386a0154e0c510c5fba1') in 0.002 seconds [static and dynamic dependencies]. Details - ImportResultOutputID=6f8bc639e1b90a40a8be9f4324df4f0c DependenciesID=09510cc72a0e38226e1ae48edc81ee27 StaticDependenciesID=a8f7ab49a2886b66d26e2e346f3ecd4f 
Number of updated asset objects reloaded before import = 0
Number of asset objects unloaded after import = 0
========================================================================
Received Import Request.
  Time of request: 2026-09-27T03:54:24.7479664Z
  Time since last request: 0.0006028 seconds.
  importAddress: GUID: 48483563a64de3a4e8690122762055f1 - Path: Packages/com.unity.ide.rider/Rider/Editor/UnitTesting/SyncTestRunEventsHandler.cs - Importer: ScriptedImporter/UnityEditor.QuickSearchModule:UnityEditor.Search:ASIAI0B
Importing 'GUID: 48483563a64de3a4e8690122762055f1 - Path: Packages/com.unity.ide.rider/Rider/Editor/UnitTesting/SyncTestRunEventsHandler.cs - Importer: ScriptedImporter/UnityEditor.QuickSearchModule:UnityEditor.Search:ASIAI0B' with importer (ScriptedImporter : UnityEditor.QuickSearchModule:UnityEditor.Search:ASIAI0B)
Imported 'GUID: 48483563a64de3a4e8690122762055f1' -> (Import Result ID: '362e18dc1fdbf74c9d83773aadf2b312') in 0.002 seconds [static and dynamic dependencies]. Details - ImportResultOutputID=15739f0747978fc71ee1d57243e0b64b DependenciesID=423be513238ef0b9b9b14fdf367ee352 StaticDependenciesID=329ebc58920a970db6b72d2b28ab34c9 
Number of updated asset objects reloaded before import = 0
Number of asset objects unloaded after import = 0
========================================================================
Received Import Request.
  Time of request: 2026-09-27T03:54:24.7518265Z
  Time since last request: 0.001112 seconds.
  importAddress: GUID: 071c17858dc6c47ada7b2a1f1ded5402 - Path: Packages/com.unity.ide.rider/Rider/Editor/Util/LibcNativeInterop.cs - Importer: ScriptedImporter/UnityEditor.QuickSearchModule:UnityEditor.Search:ASIAI0B
Importing 'GUID: 071c17858dc6c47ada7b2a1f1ded5402 - Path: Packages/com.unity.ide.rider/Rider/Editor/Util/LibcNativeInterop.cs - Importer: ScriptedImporter/UnityEditor.QuickSearchModule:UnityEditor.Search:ASIAI0B' with importer (ScriptedImporter : UnityEditor.QuickSearchModule:UnityEditor.Search:ASIAI0B)
Imported 'GUID: 071c17858dc6c47ada7b2a1f1ded5402' -> (Import Result ID: '0966c8d54444ac752456acfd17ffff76') in 0.002 seconds [static and dynamic dependencies]. Details - ImportResultOutputID=99cd78f4732bb2ae37a612421d0608bd DependenciesID=0bd14c9ee66dcb7f456e3b4b5bc69615 StaticDependenciesID=30c02fa79a189bdd6c5ebd74bb014cae 
Number of updated asset objects reloaded before import = 0
Number of asset objects unloaded after import = 0
========================================================================
Received Import Request.
  Time of request: 2026-09-27T03:54:24.7549398Z
  Time since last request: 0.0005997 seconds.
  importAddress: GUID: a6ba838b1348d5e46a7eaacd1646c1d3 - Path: Packages/com.unity.ide.rider/Rider/Editor/ProjectGeneration/FileIOProvider.cs - Importer: ScriptedImporter/UnityEditor.QuickSearchModule:UnityEditor.Search:ASIAI0B
Importing 'GUID: a6ba838b1348d5e46a7eaacd1646c1d3 - Path: Packages/com.unity.ide.rider/Rider/Editor/ProjectGeneration/FileIOProvider.cs - Importer: ScriptedImporter/UnityEditor.QuickSearchModule:UnityEditor.Search:ASIAI0B' with importer (ScriptedImporter : UnityEditor.QuickSearchModule:UnityEditor.Search:ASIAI0B)
Imported 'GUID: a6ba838b1348d5e46a7eaacd1646c1d3' -> (Import Result ID: '35d90bd743e6c481442c8bbcd79f92c9') in 0.002 seconds [static and dynamic dependencies]. Details - ImportResultOutputID=b9fbabaebbb3a8a2a6b87ce0020b34fa DependenciesID=92fe6d0d54f983c66adabcc3f0bb2623 StaticDependenciesID=7a4c48ecb4bbe84b055bcdbb169e2f7d 
Number of updated asset objects reloaded before import = 0
Number of asset objects unloaded after import = 0
========================================================================
Received Import Request.
  Time of request: 2026-09-27T03:54:24.7581438Z
  Time since last request: 0.0006274 seconds.
  importAddress: GUID: 7019e230344c48d4b81602e2e978e5de - Path: Packages/com.unity.ide.rider/Rider/Editor/ProjectGeneration/LastWriteTracker.cs - Importer: ScriptedImporter/UnityEditor.QuickSearchModule:UnityEditor.Search:ASIAI0B
Importing 'GUID: 7019e230344c48d4b81602e2e978e5de - Path: Packages/com.unity.ide.rider/Rider/Editor/ProjectGeneration/LastWriteTracker.cs - Importer: ScriptedImporter/UnityEditor.QuickSearchModule:UnityEditor.Search:ASIAI0B' with importer (ScriptedImporter : UnityEditor.QuickSearchModule:UnityEditor.Search:ASIAI0B)
Imported 'GUID: 7019e230344c48d4b81602e2e978e5de' -> (Import Result ID: '364a4ece960e152bdf21dff0c758c28b') in 0.002 seconds [static and dynamic dependencies]. Details - ImportResultOutputID=a17ad55a30d744a3590c223ff682cfde DependenciesID=295982a3c9cf3540e35693d2fd260c51 StaticDependenciesID=56c04393cab109034a5237c7620ad6ea 
Number of updated asset objects reloaded before import = 0
Number of asset objects unloaded after import = 0
========================================================================
Received Import Request.
  Time of request: 2026-09-27T03:54:24.760958Z
  Time since last request: 0.0006174 seconds.
  importAddress: GUID: ea3ec41b33345cd4f9298a51abdaa198 - Path: Packages/com.unity.ide.rider/Rider/Editor/JetBrains.Rider.PathLocator.dll - Importer: ScriptedImporter/UnityEditor.QuickSearchModule:UnityEditor.Search:ASIAI0B
Importing 'GUID: ea3ec41b33345cd4f9298a51abdaa198 - Path: Packages/com.unity.ide.rider/Rider/Editor/JetBrains.Rider.PathLocator.dll - Importer: ScriptedImporter/UnityEditor.QuickSearchModule:UnityEditor.Search:ASIAI0B' with importer (ScriptedImporter : UnityEditor.QuickSearchModule:UnityEditor.Search:ASIAI0B)
Imported 'GUID: ea3ec41b33345cd4f9298a51abdaa198' -> (Import Result ID: 'ae002a9bdf5ca96c9b6e8368f0e6440b') in 0.004 seconds [static and dynamic dependencies]. Details - ImportResultOutputID=f0354e5ec514bf0d21a1ebff18ad0eb5 DependenciesID=712eeab058b6d2801994e748f6bc066d StaticDependenciesID=2784beebd9619393f3f809afd474382c 
Number of updated asset objects reloaded before import = 0
Number of asset objects unloaded after import = 0
========================================================================
Received Import Request.
  Time of request: 2026-09-27T03:54:24.765934Z
  Time since last request: 0.0004871 seconds.
  importAddress: GUID: 3cc1ebf2abb7fef6871ad48f499b6e21 - Path: Packages/com.unity.modules.vectorgraphics/package.ModuleCompilationTrigger - Importer: ScriptedImporter/UnityEditor.QuickSearchModule:UnityEditor.Search:ASIAI0B
Importing 'GUID: 3cc1ebf2abb7fef6871ad48f499b6e21 - Path: Packages/com.unity.modules.vectorgraphics/package.ModuleCompilationTrigger - Importer: ScriptedImporter/UnityEditor.QuickSearchModule:UnityEditor.Search:ASIAI0B' with importer (ScriptedImporter : UnityEditor.QuickSearchModule:UnityEditor.Search:ASIAI0B)
Imported 'GUID: 3cc1ebf2abb7fef6871ad48f499b6e21' -> (Import Result ID: 'ed82a23b1453c709201104930a779aaa') in 0.002 seconds [static and dynamic dependencies]. Details - ImportResultOutputID=089c2748486f1880054f01ff4e7a0ccb DependenciesID=4e435c0bc8e968bb9495deb4c0db3b7c StaticDependenciesID=2d34e4e9dcc8c0bd0277901bdc025c2f 
Number of updated asset objects reloaded before import = 0
Number of asset objects unloaded after import = 1
========================================================================
Received Import Request.
  Time of request: 2026-09-27T03:54:24.768885Z
  Time since last request: 0.000652 seconds.
  importAddress: GUID: 4d34a9510a5b9d21381c93e73867a193 - Path: Packages/com.unity.ide.rider/Rider/Editor/Util/RiderPathUtil.cs - Importer: ScriptedImporter/UnityEditor.QuickSearchModule:UnityEditor.Search:ASIAI0B
Importing 'GUID: 4d34a9510a5b9d21381c93e73867a193 - Path: Packages/com.unity.ide.rider/Rider/Editor/Util/RiderPathUtil.cs - Importer: ScriptedImporter/UnityEditor.QuickSearchModule:UnityEditor.Search:ASIAI0B' with importer (ScriptedImporter : UnityEditor.QuickSearchModule:UnityEditor.Search:ASIAI0B)
Imported 'GUID: 4d34a9510a5b9d21381c93e73867a193' -> (Import Result ID: '9b67bbed9471e660ca3462ca5822f883') in 0.002 seconds [static and dynamic dependencies]. Details - ImportResultOutputID=3ca7585eb6e9f600205eda0389292f67 DependenciesID=3d8d326200e07a676aa296b2461c52d0 StaticDependenciesID=73e810113386fae17604a352052bf1da 
Number of updated asset objects reloaded before import = 0
Number of asset objects unloaded after import = 0
========================================================================
Received Import Request.
  Time of request: 2026-09-27T03:54:24.7715913Z
  Time since last request: 0.0006109 seconds.
  importAddress: GUID: d2ec2d1228c8e67cdd913cb5609176a2 - Path: Packages/com.unity.modules.unitywebrequest/package.ModuleCompilationTrigger - Importer: ScriptedImporter/UnityEditor.QuickSearchModule:UnityEditor.Search:ASIAI0B
Importing 'GUID: d2ec2d1228c8e67cdd913cb5609176a2 - Path: Packages/com.unity.modules.unitywebrequest/package.ModuleCompilationTrigger - Importer: ScriptedImporter/UnityEditor.QuickSearchModule:UnityEditor.Search:ASIAI0B' with importer (ScriptedImporter : UnityEditor.QuickSearchModule:UnityEditor.Search:ASIAI0B)
Imported 'GUID: d2ec2d1228c8e67cdd913cb5609176a2' -> (Import Result ID: '99f874e6bc5b0f687b7e916be4cbc277') in 0.002 seconds [static and dynamic dependencies]. Details - ImportResultOutputID=261fb8af589d62535432938d7fc6b587 DependenciesID=50859ae72656734ed5f5a1e0d8727c23 StaticDependenciesID=b3265fb9e747d6b7d3e1cf4f440b1825 
Number of updated asset objects reloaded before import = 0
Number of asset objects unloaded after import = 1
========================================================================
Received Import Request.
  Time of request: 2026-09-27T03:54:24.7742899Z
  Time since last request: 0.0007464 seconds.
  importAddress: GUID: 302b1bdfb7a645db994491799832912b - Path: Packages/com.unity.ide.rider/Rider/Editor/Util/StringBuilderExtensions.cs - Importer: ScriptedImporter/UnityEditor.QuickSearchModule:UnityEditor.Search:ASIAI0B
Importing 'GUID: 302b1bdfb7a645db994491799832912b - Path: Packages/com.unity.ide.rider/Rider/Editor/Util/StringBuilderExtensions.cs - Importer: ScriptedImporter/UnityEditor.QuickSearchModule:UnityEditor.Search:ASIAI0B' with importer (ScriptedImporter : UnityEditor.QuickSearchModule:UnityEditor.Search:ASIAI0B)
Imported 'GUID: 302b1bdfb7a645db994491799832912b' -> (Import Result ID: '1feaf67f15c89ee9dbc3f31e1acffd91') in 0.002 seconds [static and dynamic dependencies]. Details - ImportResultOutputID=585effdf3d97f95fd7895a60ff1158b7 DependenciesID=b14587e38171cd75a66eee4aa2796a2a StaticDependenciesID=f81e38e42cbd0d655d7c56f7f573be7f 
Number of updated asset objects reloaded before import = 0
Number of asset objects unloaded after import = 0
========================================================================
Received Import Request.
  Time of request: 2026-09-27T03:54:24.7769721Z
  Time since last request: 0.0007402 seconds.
  importAddress: GUID: 5eea837708474d7e9c1cb4b2eca0213f - Path: Packages/com.unity.ide.rider/Rider/Editor/ProjectGeneration/IAssemblyNameProvider.cs - Importer: ScriptedImporter/UnityEditor.QuickSearchModule:UnityEditor.Search:ASIAI0B
Importing 'GUID: 5eea837708474d7e9c1cb4b2eca0213f - Path: Packages/com.unity.ide.rider/Rider/Editor/ProjectGeneration/IAssemblyNameProvider.cs - Importer: ScriptedImporter/UnityEditor.QuickSearchModule:UnityEditor.Search:ASIAI0B' with importer (ScriptedImporter : UnityEditor.QuickSearchModule:UnityEditor.Search:ASIAI0B)
Imported 'GUID: 5eea837708474d7e9c1cb4b2eca0213f' -> (Import Result ID: 'be1b50755aefe53dd008a60623f657ac') in 0.003 seconds [static and dynamic dependencies]. Details - ImportResultOutputID=186cc6e8a9092bbcdf8d25308560d142 DependenciesID=c19ffa68cc501115ee2f03c575c5c6be StaticDependenciesID=4b4d837095929f1c4d22534fcc9edd4f 
Number of updated asset objects reloaded before import = 0
Number of asset objects unloaded after import = 0
========================================================================
Received Import Request.
  Time of request: 2026-09-27T03:54:24.7811371Z
  Time since last request: 0.0005914 seconds.
  importAddress: GUID: aa1c6b1a353ab464782fc1e7c051eb02 - Path: Packages/com.unity.ide.rider/Rider/Editor/UnitTesting/CallbackInitializer.cs - Importer: ScriptedImporter/UnityEditor.QuickSearchModule:UnityEditor.Search:ASIAI0B
Importing 'GUID: aa1c6b1a353ab464782fc1e7c051eb02 - Path: Packages/com.unity.ide.rider/Rider/Editor/UnitTesting/CallbackInitializer.cs - Importer: ScriptedImporter/UnityEditor.QuickSearchModule:UnityEditor.Search:ASIAI0B' with importer (ScriptedImporter : UnityEditor.QuickSearchModule:UnityEditor.Search:ASIAI0B)
Imported 'GUID: aa1c6b1a353ab464782fc1e7c051eb02' -> (Import Result ID: '9d4ff74d2a15fe55be5ce54a596200ae') in 0.002 seconds [static and dynamic dependencies]. Details - ImportResultOutputID=0a8a9ad19f9e55cb9fdcfe8131c0dc6e DependenciesID=33643c71635aa940f8b4142ed5be8958 StaticDependenciesID=df93b3c7194db2835b2e139dabc8081c 
Number of updated asset objects reloaded before import = 0
Number of asset objects unloaded after import = 0
========================================================================
Received Import Request.
  Time of request: 2026-09-27T03:54:24.7844787Z
  Time since last request: 0.0006596 seconds.
  importAddress: GUID: 39cb9ab8a3b2452cbf58ffbea841d203 - Path: Packages/com.unity.ide.rider/Rider/Editor/ProjectGeneration/IGenerator.cs - Importer: ScriptedImporter/UnityEditor.QuickSearchModule:UnityEditor.Search:ASIAI0B
Importing 'GUID: 39cb9ab8a3b2452cbf58ffbea841d203 - Path: Packages/com.unity.ide.rider/Rider/Editor/ProjectGeneration/IGenerator.cs - Importer: ScriptedImporter/UnityEditor.QuickSearchModule:UnityEditor.Search:ASIAI0B' with importer (ScriptedImporter : UnityEditor.QuickSearchModule:UnityEditor.Search:ASIAI0B)
Imported 'GUID: 39cb9ab8a3b2452cbf58ffbea841d203' -> (Import Result ID: '72e3063d65741d936b2ad58f7d5e75a5') in 0.003 seconds [static and dynamic dependencies]. Details - ImportResultOutputID=3cab3729a61ceb78796d126981c4410f DependenciesID=bfd05b7b93cfb1f2bd3f1f7cea4d902d StaticDependenciesID=1c1d187674f3f30055ab7f907188a1b7 
Number of updated asset objects reloaded before import = 0
Number of asset objects unloaded after import = 0
========================================================================
Received Import Request.
  Time of request: 2026-09-27T03:54:24.7881422Z
  Time since last request: 0.0005849 seconds.
  importAddress: GUID: 154ace4bd16de9f4e84052ac257786d6 - Path: Packages/com.unity.ide.rider/Rider/Editor/Util/CommandLineParser.cs - Importer: ScriptedImporter/UnityEditor.QuickSearchModule:UnityEditor.Search:ASIAI0B
Importing 'GUID: 154ace4bd16de9f4e84052ac257786d6 - Path: Packages/com.unity.ide.rider/Rider/Editor/Util/CommandLineParser.cs - Importer: ScriptedImporter/UnityEditor.QuickSearchModule:UnityEditor.Search:ASIAI0B' with importer (ScriptedImporter : UnityEditor.QuickSearchModule:UnityEditor.Search:ASIAI0B)
Imported 'GUID: 154ace4bd16de9f4e84052ac257786d6' -> (Import Result ID: '567bacb8e3a51912353ec0602ca606a7') in 0.002 seconds [static and dynamic dependencies]. Details - ImportResultOutputID=f2eefe823ec8fe78b8d88bc069812fa1 DependenciesID=25c356a861fd7b137d56fd3cf2bbd787 StaticDependenciesID=3b1c57d94f7b48f0234c9a8fac79d027 
Number of updated asset objects reloaded before import = 0
Number of asset objects unloaded after import = 0
========================================================================
Received Import Request.
  Time of request: 2026-09-27T03:54:24.790871Z
  Time since last request: 0.0006119 seconds.
  importAddress: GUID: 1bdab5b8331b4506bf4eae379235c053 - Path: Packages/com.unity.ide.rider/Rider/Editor/ProjectGeneration/IFileIO.cs - Importer: ScriptedImporter/UnityEditor.QuickSearchModule:UnityEditor.Search:ASIAI0B
Importing 'GUID: 1bdab5b8331b4506bf4eae379235c053 - Path: Packages/com.unity.ide.rider/Rider/Editor/ProjectGeneration/IFileIO.cs - Importer: ScriptedImporter/UnityEditor.QuickSearchModule:UnityEditor.Search:ASIAI0B' with importer (ScriptedImporter : UnityEditor.QuickSearchModule:UnityEditor.Search:ASIAI0B)
Imported 'GUID: 1bdab5b8331b4506bf4eae379235c053' -> (Import Result ID: '50629d6d7037826ffdec9d529f6bd611') in 0.002 seconds [static and dynamic dependencies]. Details - ImportResultOutputID=1f198bd72103eb6abba2f3a7ffd5ca9a DependenciesID=89c599211195790fbfcea8549cfc961b StaticDependenciesID=f0fe8012d2cf5d755c7da2249401b219 
Number of updated asset objects reloaded before import = 0
Number of asset objects unloaded after import = 0
========================================================================
Received Import Request.
  Time of request: 2026-09-27T03:54:24.7941177Z
  Time since last request: 0.0006793 seconds.
  importAddress: GUID: f5a0cc9645f0e2d4fb816156dcf3f4dd - Path: Packages/com.unity.ide.rider/Rider/Editor/RiderInitializer.cs - Importer: ScriptedImporter/UnityEditor.QuickSearchModule:UnityEditor.Search:ASIAI0B
Importing 'GUID: f5a0cc9645f0e2d4fb816156dcf3f4dd - Path: Packages/com.unity.ide.rider/Rider/Editor/RiderInitializer.cs - Importer: ScriptedImporter/UnityEditor.QuickSearchModule:UnityEditor.Search:ASIAI0B' with importer (ScriptedImporter : UnityEditor.QuickSearchModule:UnityEditor.Search:ASIAI0B)
Imported 'GUID: f5a0cc9645f0e2d4fb816156dcf3f4dd' -> (Import Result ID: 'b15c59c15cf0900ff88e8b16ba16e969') in 0.002 seconds [static and dynamic dependencies]. Details - ImportResultOutputID=37c5324b6d89639cb0feb539f0a79a21 DependenciesID=53aebae198f2261f280d6a2bf2f44854 StaticDependenciesID=de4989f84e293f927b61653acee6ac42 
Number of updated asset objects reloaded before import = 0
Number of asset objects unloaded after import = 0
========================================================================
Received Import Request.
  Time of request: 2026-09-27T03:54:24.7972537Z
  Time since last request: 0.0005597 seconds.
  importAddress: GUID: 58ab3828fb407c742a48b82bc5983a87 - Path: Packages/com.unity.ide.rider/Rider/Editor/UnitTesting/SyncTestRunCallback.cs - Importer: ScriptedImporter/UnityEditor.QuickSearchModule:UnityEditor.Search:ASIAI0B
Importing 'GUID: 58ab3828fb407c742a48b82bc5983a87 - Path: Packages/com.unity.ide.rider/Rider/Editor/UnitTesting/SyncTestRunCallback.cs - Importer: ScriptedImporter/UnityEditor.QuickSearchModule:UnityEditor.Search:ASIAI0B' with importer (ScriptedImporter : UnityEditor.QuickSearchModule:UnityEditor.Search:ASIAI0B)
Imported 'GUID: 58ab3828fb407c742a48b82bc5983a87' -> (Import Result ID: '75445637fefe417fc1d9ce86be285291') in 0.002 seconds [static and dynamic dependencies]. Details - ImportResultOutputID=7103e34f48eedc0e33b2bd22cbec521b DependenciesID=dd7247a5d349706800964f02b1804578 StaticDependenciesID=baf355d5fdefac53c95d5692cd5f3a43 
Number of updated asset objects reloaded before import = 0
Number of asset objects unloaded after import = 0
========================================================================
Received Import Request.
  Time of request: 2026-09-27T03:54:24.8002429Z
  Time since last request: 0.0006086 seconds.
  importAddress: GUID: a8860c53ca4073d4f92c403e709c12ba - Path: Packages/com.unity.ide.rider/Rider/Editor/Util/RiderMenu.cs - Importer: ScriptedImporter/UnityEditor.QuickSearchModule:UnityEditor.Search:ASIAI0B
Importing 'GUID: a8860c53ca4073d4f92c403e709c12ba - Path: Packages/com.unity.ide.rider/Rider/Editor/Util/RiderMenu.cs - Importer: ScriptedImporter/UnityEditor.QuickSearchModule:UnityEditor.Search:ASIAI0B' with importer (ScriptedImporter : UnityEditor.QuickSearchModule:UnityEditor.Search:ASIAI0B)
Imported 'GUID: a8860c53ca4073d4f92c403e709c12ba' -> (Import Result ID: 'cdf9258904c56167d5de674f9a27cde3') in 0.002 seconds [static and dynamic dependencies]. Details - ImportResultOutputID=1355d6299b8a48bb25673fdc34e73416 DependenciesID=167a3b1cfd43046585d43e7489bf4e2f StaticDependenciesID=7d2c06c2d90a5ad04a4a27c38616f4b6 
Number of updated asset objects reloaded before import = 0
Number of asset objects unloaded after import = 0
========================================================================
Received Import Request.
  Time of request: 2026-09-27T03:54:24.8029069Z
  Time since last request: 0.0005899 seconds.
  importAddress: GUID: 56c8c6e437b14f8e9a91e9832c11bc1a - Path: Packages/com.unity.ide.rider/Rider/Editor/ProjectGeneration/AssemblyNameProvider.cs - Importer: ScriptedImporter/UnityEditor.QuickSearchModule:UnityEditor.Search:ASIAI0B
Importing 'GUID: 56c8c6e437b14f8e9a91e9832c11bc1a - Path: Packages/com.unity.ide.rider/Rider/Editor/ProjectGeneration/AssemblyNameProvider.cs - Importer: ScriptedImporter/UnityEditor.QuickSearchModule:UnityEditor.Search:ASIAI0B' with importer (ScriptedImporter : UnityEditor.QuickSearchModule:UnityEditor.Search:ASIAI0B)
Imported 'GUID: 56c8c6e437b14f8e9a91e9832c11bc1a' -> (Import Result ID: 'f2724e7bd5f6c3757287926ab4b2195a') in 0.002 seconds [static and dynamic dependencies]. Details - ImportResultOutputID=3bf5780aa2df7fc874b2f646edef1d00 DependenciesID=8d057ff0670aadba76acccfefd56937e StaticDependenciesID=72ecd1bf1a91db45166a0ab30ed98aef 
Number of updated asset objects reloaded before import = 0
Number of asset objects unloaded after import = 0
========================================================================
Received Import Request.
  Time of request: 2026-09-27T03:54:24.8056041Z
  Time since last request: 0.0007578 seconds.
  importAddress: GUID: 0691c2fe40564a64b3a9b7372c5eca2a - Path: Packages/com.unity.ide.rider/Rider/Editor/ProjectGeneration/ProjectPart.cs - Importer: ScriptedImporter/UnityEditor.QuickSearchModule:UnityEditor.Search:ASIAI0B
Importing 'GUID: 0691c2fe40564a64b3a9b7372c5eca2a - Path: Packages/com.unity.ide.rider/Rider/Editor/ProjectGeneration/ProjectPart.cs - Importer: ScriptedImporter/UnityEditor.QuickSearchModule:UnityEditor.Search:ASIAI0B' with importer (ScriptedImporter : UnityEditor.QuickSearchModule:UnityEditor.Search:ASIAI0B)
Imported 'GUID: 0691c2fe40564a64b3a9b7372c5eca2a' -> (Import Result ID: 'ffa545f52261438c9e9044a2ff7e5db8') in 0.002 seconds [static and dynamic dependencies]. Details - ImportResultOutputID=4ecb631e0af35961d07011139a93a2bf DependenciesID=3aa79aa0b628645950adb771677db781 StaticDependenciesID=92a8eb70d0f611df857cacf4d41cd01e 
Number of updated asset objects reloaded before import = 0
Number of asset objects unloaded after import = 0
========================================================================
Received Import Request.
  Time of request: 2026-09-27T03:54:24.8080882Z
  Time since last request: 0.0006284 seconds.
  importAddress: GUID: 58aa570dbe0761f43b25ff6c2265bbe2 - Path: Packages/com.unity.ide.rider/Rider/Editor/UnitTesting/TestsCallback.cs - Importer: ScriptedImporter/UnityEditor.QuickSearchModule:UnityEditor.Search:ASIAI0B
Importing 'GUID: 58aa570dbe0761f43b25ff6c2265bbe2 - Path: Packages/com.unity.ide.rider/Rider/Editor/UnitTesting/TestsCallback.cs - Importer: ScriptedImporter/UnityEditor.QuickSearchModule:UnityEditor.Search:ASIAI0B' with importer (ScriptedImporter : UnityEditor.QuickSearchModule:UnityEditor.Search:ASIAI0B)
Imported 'GUID: 58aa570dbe0761f43b25ff6c2265bbe2' -> (Import Result ID: '6d2812796bfe2f149cb90c4787341a93') in 0.002 seconds [static and dynamic dependencies]. Details - ImportResultOutputID=3fc93c5786fce3144ace4ebec04ba601 DependenciesID=7515934b5d697e9bd1659df7cbdb6adc StaticDependenciesID=6273184b2f392c68051cb92283f76e7b 
Number of updated asset objects reloaded before import = 0
Number of asset objects unloaded after import = 0
========================================================================
Received Import Request.
  Time of request: 2026-09-27T03:54:24.810655Z
  Time since last request: 0.0005661 seconds.
  importAddress: GUID: 43674d438e19b89d7fe6af07234f3252 - Path: Packages/com.unity.modules.accessibility/package.json - Importer: ScriptedImporter/UnityEditor.QuickSearchModule:UnityEditor.Search:ASIAI0B
Importing 'GUID: 43674d438e19b89d7fe6af07234f3252 - Path: Packages/com.unity.modules.accessibility/package.json - Importer: ScriptedImporter/UnityEditor.QuickSearchModule:UnityEditor.Search:ASIAI0B' with importer (ScriptedImporter : UnityEditor.QuickSearchModule:UnityEditor.Search:ASIAI0B)
Imported 'GUID: 43674d438e19b89d7fe6af07234f3252' -> (Import Result ID: '44ac04c9e762d3f2d4cdcbd1ea31b5b8') in 0.003 seconds [static and dynamic dependencies]. Details - ImportResultOutputID=1b094da6d48ba80c80702e6268cd8d6a DependenciesID=b0168427616e517a809edd60f65e2280 StaticDependenciesID=331d82d08fadf0a933bcfc1d9e390e8f 
Number of updated asset objects reloaded before import = 0
Number of asset objects unloaded after import = 1
========================================================================
Received Import Request.
  Time of request: 2026-09-27T03:54:24.8141585Z
  Time since last request: 0.0005558 seconds.
  importAddress: GUID: 3fdd83b151eb8d25c5e2f82fc39dcb04 - Path: Packages/com.unity.modules.unitywebrequest/package.json - Importer: ScriptedImporter/UnityEditor.QuickSearchModule:UnityEditor.Search:ASIAI0B
Importing 'GUID: 3fdd83b151eb8d25c5e2f82fc39dcb04 - Path: Packages/com.unity.modules.unitywebrequest/package.json - Importer: ScriptedImporter/UnityEditor.QuickSearchModule:UnityEditor.Search:ASIAI0B' with importer (ScriptedImporter : UnityEditor.QuickSearchModule:UnityEditor.Search:ASIAI0B)
Imported 'GUID: 3fdd83b151eb8d25c5e2f82fc39dcb04' -> (Import Result ID: '343b0f632a181e244379dc147b629af6') in 0.002 seconds [static and dynamic dependencies]. Details - ImportResultOutputID=89d04076f7bd0709b711bfb5dcdef207 DependenciesID=20f585230b7266c2dcb14a81af7a055e StaticDependenciesID=cb272e7f1c545e34547abb8d1db412b5 
Number of updated asset objects reloaded before import = 0
Number of asset objects unloaded after import = 1
========================================================================
Received Import Request.
  Time of request: 2026-09-27T03:54:24.8167097Z
  Time since last request: 0.0006055 seconds.
  importAddress: GUID: 8e1f00a9be2eb66438e2835fdf1ea11b - Path: Packages/com.unity.ide.rider/Rider/Editor/Util/SerializableVersion.cs - Importer: ScriptedImporter/UnityEditor.QuickSearchModule:UnityEditor.Search:ASIAI0B
Importing 'GUID: 8e1f00a9be2eb66438e2835fdf1ea11b - Path: Packages/com.unity.ide.rider/Rider/Editor/Util/SerializableVersion.cs - Importer: ScriptedImporter/UnityEditor.QuickSearchModule:UnityEditor.Search:ASIAI0B' with importer (ScriptedImporter : UnityEditor.QuickSearchModule:UnityEditor.Search:ASIAI0B)
Imported 'GUID: 8e1f00a9be2eb66438e2835fdf1ea11b' -> (Import Result ID: 'fdb0ae623b2d32a551713b4fda074b30') in 0.002 seconds [static and dynamic dependencies]. Details - ImportResultOutputID=e265d816b6a308b898e463983b9de8eb DependenciesID=8b5b2c036c486efef2adcad57d9a3c2a StaticDependenciesID=8d9914c2789edffc53358125422af565 
Number of updated asset objects reloaded before import = 0
Number of asset objects unloaded after import = 0
========================================================================
Received Import Request.
  Time of request: 2026-09-27T03:54:24.8193679Z
  Time since last request: 0.0006411 seconds.
  importAddress: GUID: 23032f4383e95e772bce465c5896d0fd - Path: Packages/com.unity.modules.terrain/package.ModuleCompilationTrigger - Importer: ScriptedImporter/UnityEditor.QuickSearchModule:UnityEditor.Search:ASIAI0B
Importing 'GUID: 23032f4383e95e772bce465c5896d0fd - Path: Packages/com.unity.modules.terrain/package.ModuleCompilationTrigger - Importer: ScriptedImporter/UnityEditor.QuickSearchModule:UnityEditor.Search:ASIAI0B' with importer (ScriptedImporter : UnityEditor.QuickSearchModule:UnityEditor.Search:ASIAI0B)
Imported 'GUID: 23032f4383e95e772bce465c5896d0fd' -> (Import Result ID: '69712e33efd286f83d34ad48c2287902') in 0.002 seconds [static and dynamic dependencies]. Details - ImportResultOutputID=a5167b8400d1360bfcc2929ee96985d5 DependenciesID=030c4727f9ffe07fd768c274b7d1556e StaticDependenciesID=3288b8f2ed8bcd844b101baf57ec8de1 
Number of updated asset objects reloaded before import = 0
Number of asset objects unloaded after import = 1
========================================================================
Received Import Request.
  Time of request: 2026-09-27T03:54:24.8220975Z
  Time since last request: 0.0006623 seconds.
  importAddress: GUID: 6d56244f8c39a851975d3c0bd432c66f - Path: Packages/com.unity.modules.terrain/package.json - Importer: ScriptedImporter/UnityEditor.QuickSearchModule:UnityEditor.Search:ASIAI0B
Importing 'GUID: 6d56244f8c39a851975d3c0bd432c66f - Path: Packages/com.unity.modules.terrain/package.json - Importer: ScriptedImporter/UnityEditor.QuickSearchModule:UnityEditor.Search:ASIAI0B' with importer (ScriptedImporter : UnityEditor.QuickSearchModule:UnityEditor.Search:ASIAI0B)
Imported 'GUID: 6d56244f8c39a851975d3c0bd432c66f' -> (Import Result ID: 'ccb2ac12ac7c6cfdf2a74eec1714abfb') in 0.002 seconds [static and dynamic dependencies]. Details - ImportResultOutputID=2e586f9b66a85cf054e6c54121b4d32d DependenciesID=7874fd69441a74e5bc21bb16ff47400e StaticDependenciesID=fecb526703287b57d0424ba539d99568 
Number of updated asset objects reloaded before import = 0
Number of asset objects unloaded after import = 1
========================================================================
Received Import Request.
  Time of request: 2026-09-27T03:54:24.8248231Z
  Time since last request: 0.0005705 seconds.
  importAddress: GUID: 7078f19173ceac84fb9e29b9f6175201 - Path: Packages/com.unity.ide.rider/Rider/Editor/ProjectGeneration/ProjectGeneration.cs - Importer: ScriptedImporter/UnityEditor.QuickSearchModule:UnityEditor.Search:ASIAI0B
Importing 'GUID: 7078f19173ceac84fb9e29b9f6175201 - Path: Packages/com.unity.ide.rider/Rider/Editor/ProjectGeneration/ProjectGeneration.cs - Importer: ScriptedImporter/UnityEditor.QuickSearchModule:UnityEditor.Search:ASIAI0B' with importer (ScriptedImporter : UnityEditor.QuickSearchModule:UnityEditor.Search:ASIAI0B)
Imported 'GUID: 7078f19173ceac84fb9e29b9f6175201' -> (Import Result ID: '80395681bd331583021883cfbee66892') in 0.002 seconds [static and dynamic dependencies]. Details - ImportResultOutputID=607d31a457b562633bb8dc6d897b454e DependenciesID=a90d3150c4fd36beb6f184d77f622be1 StaticDependenciesID=36108c9695d0da2ec2add0600eb452fb 
Number of updated asset objects reloaded before import = 0
Number of asset objects unloaded after import = 0
========================================================================
Received Import Request.
  Time of request: 2026-09-27T03:54:24.8276556Z
  Time since last request: 0.0007509 seconds.
  importAddress: GUID: 8c7e8e301f8b4c30bbf9db502d637f0f - Path: Packages/com.unity.ide.rider/Rider/Editor/ProjectGeneration/IGUIDGenerator.cs - Importer: ScriptedImporter/UnityEditor.QuickSearchModule:UnityEditor.Search:ASIAI0B
Importing 'GUID: 8c7e8e301f8b4c30bbf9db502d637f0f - Path: Packages/com.unity.ide.rider/Rider/Editor/ProjectGeneration/IGUIDGenerator.cs - Importer: ScriptedImporter/UnityEditor.QuickSearchModule:UnityEditor.Search:ASIAI0B' with importer (ScriptedImporter : UnityEditor.QuickSearchModule:UnityEditor.Search:ASIAI0B)
Imported 'GUID: 8c7e8e301f8b4c30bbf9db502d637f0f' -> (Import Result ID: '4108aa06feb7939bf4c18919e608fc15') in 0.002 seconds [static and dynamic dependencies]. Details - ImportResultOutputID=c626fac9a894c95aab5eb8fcb8965302 DependenciesID=ea2166f105f8c470b075b9a9ba9e70c8 StaticDependenciesID=3a2acac7fc14766d7ffd6e500a024e7f 
Number of updated asset objects reloaded before import = 0
Number of asset objects unloaded after import = 0
========================================================================
Received Import Request.
  Time of request: 2026-09-27T03:54:24.8308799Z
  Time since last request: 0.0005553 seconds.
  importAddress: GUID: f7a8357347c80dc69c08d0b1a05e2122 - Path: Packages/com.unity.modules.physics2d/package.json - Importer: ScriptedImporter/UnityEditor.QuickSearchModule:UnityEditor.Search:ASIAI0B
Importing 'GUID: f7a8357347c80dc69c08d0b1a05e2122 - Path: Packages/com.unity.modules.physics2d/package.json - Importer: ScriptedImporter/UnityEditor.QuickSearchModule:UnityEditor.Search:ASIAI0B' with importer (ScriptedImporter : UnityEditor.QuickSearchModule:UnityEditor.Search:ASIAI0B)
Imported 'GUID: f7a8357347c80dc69c08d0b1a05e2122' -> (Import Result ID: 'ccc7ab24551bd64478c07d1db1cc7fc4') in 0.002 seconds [static and dynamic dependencies]. Details - ImportResultOutputID=dcc858cbe6b2a817572795f83a893fbd DependenciesID=196850c283ce1977248deb298b3a1757 StaticDependenciesID=7bfa18f4d0f1afa5d1fc9374a79b29d2 
Number of updated asset objects reloaded before import = 0
Number of asset objects unloaded after import = 1
========================================================================
Received Import Request.
  Time of request: 2026-09-27T03:54:24.8338333Z
  Time since last request: 0.0006134 seconds.
  importAddress: GUID: c4095d72f77fbb64ea39b8b3ca246622 - Path: Packages/com.unity.ide.rider/Rider/Editor/RiderScriptEditor.cs - Importer: ScriptedImporter/UnityEditor.QuickSearchModule:UnityEditor.Search:ASIAI0B
Importing 'GUID: c4095d72f77fbb64ea39b8b3ca246622 - Path: Packages/com.unity.ide.rider/Rider/Editor/RiderScriptEditor.cs - Importer: ScriptedImporter/UnityEditor.QuickSearchModule:UnityEditor.Search:ASIAI0B' with importer (ScriptedImporter : UnityEditor.QuickSearchModule:UnityEditor.Search:ASIAI0B)
Imported 'GUID: c4095d72f77fbb64ea39b8b3ca246622' -> (Import Result ID: '51d824ab5174341ae7c86ac755468870') in 0.002 seconds [static and dynamic dependencies]. Details - ImportResultOutputID=7c7a2d708c167bedaafb98e2c92d659c DependenciesID=8cc375952e216a7a7055342b823e1029 StaticDependenciesID=c8afa7ff71179f6ef91dd28157874b49 
Number of updated asset objects reloaded before import = 0
Number of asset objects unloaded after import = 0
========================================================================
Received Import Request.
  Time of request: 2026-09-27T03:54:24.83664Z
  Time since last request: 0.0006286 seconds.
  importAddress: GUID: 8cfde1a59fb35574189691a9de1df93b - Path: Packages/com.unity.ide.rider/Rider/Editor/ProjectGeneration/GUIDProvider.cs - Importer: ScriptedImporter/UnityEditor.QuickSearchModule:UnityEditor.Search:ASIAI0B
Importing 'GUID: 8cfde1a59fb35574189691a9de1df93b - Path: Packages/com.unity.ide.rider/Rider/Editor/ProjectGeneration/GUIDProvider.cs - Importer: ScriptedImporter/UnityEditor.QuickSearchModule:UnityEditor.Search:ASIAI0B' with importer (ScriptedImporter : UnityEditor.QuickSearchModule:UnityEditor.Search:ASIAI0B)
Imported 'GUID: 8cfde1a59fb35574189691a9de1df93b' -> (Import Result ID: 'dc46dfb200f84ea0e0558e55fcb7c478') in 0.002 seconds [static and dynamic dependencies]. Details - ImportResultOutputID=defbd73058cc87c80289e11ad887aa8c DependenciesID=12e0c62311c93276f494f08696283b0d StaticDependenciesID=862bf02a1afd6f5013e4c772801c1d81 
Number of updated asset objects reloaded before import = 0
Number of asset objects unloaded after import = 0
========================================================================
Received Import Request.
  Time of request: 2026-09-27T03:54:24.8396061Z
  Time since last request: 0.0005179 seconds.
  importAddress: GUID: 05f7f519769978b79b31d063a7fc6fa1 - Path: Packages/com.unity.modules.unitywebrequestassetbundle/package.json - Importer: ScriptedImporter/UnityEditor.QuickSearchModule:UnityEditor.Search:ASIAI0B
Importing 'GUID: 05f7f519769978b79b31d063a7fc6fa1 - Path: Packages/com.unity.modules.unitywebrequestassetbundle/package.json - Importer: ScriptedImporter/UnityEditor.QuickSearchModule:UnityEditor.Search:ASIAI0B' with importer (ScriptedImporter : UnityEditor.QuickSearchModule:UnityEditor.Search:ASIAI0B)
Imported 'GUID: 05f7f519769978b79b31d063a7fc6fa1' -> (Import Result ID: '60c355fe3edb2215f5f7d2dde1ee9672') in 0.002 seconds [static and dynamic dependencies]. Details - ImportResultOutputID=55653fdd30eca66aa82eb5109fdc36da DependenciesID=744f6de2c0b4e414582a11f7b05c40b2 StaticDependenciesID=8dd95cdda092e5c6cc0208e437687126 
Number of updated asset objects reloaded before import = 0
Number of asset objects unloaded after import = 1
========================================================================
Received Import Request.
  Time of request: 2026-09-27T03:54:24.8421427Z
  Time since last request: 0.0006493 seconds.
  importAddress: GUID: 1bfe12aa306c0c74db4f4f1a1a0ae5ce - Path: Packages/com.unity.ide.rider/Rider/Editor/PluginSettings.cs - Importer: ScriptedImporter/UnityEditor.QuickSearchModule:UnityEditor.Search:ASIAI0B
Importing 'GUID: 1bfe12aa306c0c74db4f4f1a1a0ae5ce - Path: Packages/com.unity.ide.rider/Rider/Editor/PluginSettings.cs - Importer: ScriptedImporter/UnityEditor.QuickSearchModule:UnityEditor.Search:ASIAI0B' with importer (ScriptedImporter : UnityEditor.QuickSearchModule:UnityEditor.Search:ASIAI0B)
Imported 'GUID: 1bfe12aa306c0c74db4f4f1a1a0ae5ce' -> (Import Result ID: 'e59237d1d8ce221a63cd12ff201fdd5c') in 0.002 seconds [static and dynamic dependencies]. Details - ImportResultOutputID=1ce8fbe89cfc7dbae74e1ccd30f14d40 DependenciesID=b1dacb36e707e37d425cf0e72612a581 StaticDependenciesID=ba6898717c29d1186782d5ba2782c0a3 
Number of updated asset objects reloaded before import = 0
Number of asset objects unloaded after import = 0
========================================================================
Received Import Request.
  Time of request: 2026-09-27T03:54:24.8450595Z
  Time since last request: 0.0006081 seconds.
  importAddress: GUID: f9413c47b3a14a64e8810ce76d1a6032 - Path: Packages/com.unity.ide.rider/Rider/Editor/UnitTesting/TestEvent.cs - Importer: ScriptedImporter/UnityEditor.QuickSearchModule:UnityEditor.Search:ASIAI0B
Importing 'GUID: f9413c47b3a14a64e8810ce76d1a6032 - Path: Packages/com.unity.ide.rider/Rider/Editor/UnitTesting/TestEvent.cs - Importer: ScriptedImporter/UnityEditor.QuickSearchModule:UnityEditor.Search:ASIAI0B' with importer (ScriptedImporter : UnityEditor.QuickSearchModule:UnityEditor.Search:ASIAI0B)
Imported 'GUID: f9413c47b3a14a64e8810ce76d1a6032' -> (Import Result ID: '4ef4723d4590cb4197421e6ad3b24489') in 0.002 seconds [static and dynamic dependencies]. Details - ImportResultOutputID=e840775fee6a9fa14e54fa77bac7fc49 DependenciesID=b111c6ab039efa3c7f851621686cb439 StaticDependenciesID=af906d4d2cfc0470af821d2ee2056e13 
Number of updated asset objects reloaded before import = 0
Number of asset objects unloaded after import = 0
========================================================================
Received Import Request.
  Time of request: 2026-09-27T03:54:24.848473Z
  Time since last request: 0.0006435 seconds.
  importAddress: GUID: aeb8068359664ab5a8d6420381f87510 - Path: Packages/com.unity.ide.rider/Rider/Editor/LogFileOpener.cs - Importer: ScriptedImporter/UnityEditor.QuickSearchModule:UnityEditor.Search:ASIAI0B
Importing 'GUID: aeb8068359664ab5a8d6420381f87510 - Path: Packages/com.unity.ide.rider/Rider/Editor/LogFileOpener.cs - Importer: ScriptedImporter/UnityEditor.QuickSearchModule:UnityEditor.Search:ASIAI0B' with importer (ScriptedImporter : UnityEditor.QuickSearchModule:UnityEditor.Search:ASIAI0B)
Imported 'GUID: aeb8068359664ab5a8d6420381f87510' -> (Import Result ID: 'b34e751b12bad6a1d92bc87548fb4ab6') in 0.002 seconds [static and dynamic dependencies]. Details - ImportResultOutputID=e40cccf71b30c7a2fddeeef3de03348a DependenciesID=ab2f5b74d3e965d83203f7c193c636e9 StaticDependenciesID=4e3a0a5804bd536e33a898564657a302 
Number of updated asset objects reloaded before import = 0
Number of asset objects unloaded after import = 0
========================================================================
Received Import Request.
  Time of request: 2026-09-27T03:54:24.8515046Z
  Time since last request: 0.0006082 seconds.
  importAddress: GUID: 010246a07de7cb34185a2a7b1c1fad59 - Path: Packages/com.unity.ide.rider/Rider/Editor/UnitTesting/CallbackData.cs - Importer: ScriptedImporter/UnityEditor.QuickSearchModule:UnityEditor.Search:ASIAI0B
Importing 'GUID: 010246a07de7cb34185a2a7b1c1fad59 - Path: Packages/com.unity.ide.rider/Rider/Editor/UnitTesting/CallbackData.cs - Importer: ScriptedImporter/UnityEditor.QuickSearchModule:UnityEditor.Search:ASIAI0B' with importer (ScriptedImporter : UnityEditor.QuickSearchModule:UnityEditor.Search:ASIAI0B)
Imported 'GUID: 010246a07de7cb34185a2a7b1c1fad59' -> (Import Result ID: '254993a6a2f1e2b1c6aea5a65c063ff0') in 0.002 seconds [static and dynamic dependencies]. Details - ImportResultOutputID=e5439fd0e4444835b55d1aaa0f48fb28 DependenciesID=7f78484cad056ed3924fed1be9ccb8a5 StaticDependenciesID=9b5b6551646376fa7211cbe8cf01ef85 
Number of updated asset objects reloaded before import = 0
Number of asset objects unloaded after import = 0
========================================================================
Received Import Request.
  Time of request: 2026-09-27T03:54:24.8546697Z
  Time since last request: 0.0006429 seconds.
  importAddress: GUID: e7c145f2cd3c411ca7f50ebc5f5a6d24 - Path: Packages/com.unity.ide.rider/Rider/Editor/StartUpMethodExecutor.cs - Importer: ScriptedImporter/UnityEditor.QuickSearchModule:UnityEditor.Search:ASIAI0B
Importing 'GUID: e7c145f2cd3c411ca7f50ebc5f5a6d24 - Path: Packages/com.unity.ide.rider/Rider/Editor/StartUpMethodExecutor.cs - Importer: ScriptedImporter/UnityEditor.QuickSearchModule:UnityEditor.Search:ASIAI0B' with importer (ScriptedImporter : UnityEditor.QuickSearchModule:UnityEditor.Search:ASIAI0B)
Imported 'GUID: e7c145f2cd3c411ca7f50ebc5f5a6d24' -> (Import Result ID: 'd975f2c0217bcfd92b20dc3afc2ffab0') in 0.002 seconds [static and dynamic dependencies]. Details - ImportResultOutputID=f09b305a0cdbc71473e9a88cfcf83657 DependenciesID=675945399a3d329be0309a2fd48e826d StaticDependenciesID=0351e4f1500f0bfa91ee123b7be3f768 
Number of updated asset objects reloaded before import = 0
Number of asset objects unloaded after import = 0
========================================================================
Received Import Request.
  Time of request: 2026-09-27T03:54:24.8575177Z
  Time since last request: 0.0004803 seconds.
  importAddress: GUID: 78af99d0156944f293b020b49a6830c2 - Path: Packages/com.unity.ide.rider/Rider/Editor/ProjectGeneration/ProjectGenerationFlag.cs - Importer: ScriptedImporter/UnityEditor.QuickSearchModule:UnityEditor.Search:ASIAI0B
Importing 'GUID: 78af99d0156944f293b020b49a6830c2 - Path: Packages/com.unity.ide.rider/Rider/Editor/ProjectGeneration/ProjectGenerationFlag.cs - Importer: ScriptedImporter/UnityEditor.QuickSearchModule:UnityEditor.Search:ASIAI0B' with importer (ScriptedImporter : UnityEditor.QuickSearchModule:UnityEditor.Search:ASIAI0B)
Imported 'GUID: 78af99d0156944f293b020b49a6830c2' -> (Import Result ID: '0dbb7a42217be44955d0e57dd4bd2665') in 0.002 seconds [static and dynamic dependencies]. Details - ImportResultOutputID=c235fd98f03195a37d34ba088f569d01 DependenciesID=57f8ac506bffd61013aeb5faacb4f301 StaticDependenciesID=780caff31a5a3fcf8a9b055e56025306 
Number of updated asset objects reloaded before import = 0
Number of asset objects unloaded after import = 0
========================================================================
Received Import Request.
  Time of request: 2026-09-27T03:54:24.8608057Z
  Time since last request: 0.0005665 seconds.
  importAddress: GUID: 7610600f5c83e01041a6fe849d39279f - Path: Packages/com.unity.modules.unitywebrequestassetbundle/package.ModuleCompilationTrigger - Importer: ScriptedImporter/UnityEditor.QuickSearchModule:UnityEditor.Search:ASIAI0B
Importing 'GUID: 7610600f5c83e01041a6fe849d39279f - Path: Packages/com.unity.modules.unitywebrequestassetbundle/package.ModuleCompilationTrigger - Importer: ScriptedImporter/UnityEditor.QuickSearchModule:UnityEditor.Search:ASIAI0B' with importer (ScriptedImporter : UnityEditor.QuickSearchModule:UnityEditor.Search:ASIAI0B)
Imported 'GUID: 7610600f5c83e01041a6fe849d39279f' -> (Import Result ID: '149f14d1aca877ed1e277706e2b1541a') in 0.004 seconds [static and dynamic dependencies]. Details - ImportResultOutputID=fff02bd09921ed6d08ee12a1a54f409c DependenciesID=b3b58dd86f46455ac07e568ca4a6bcf1 StaticDependenciesID=b8d5a093707eed5d33034480f7f691fb 
Number of updated asset objects reloaded before import = 0
Number of asset objects unloaded after import = 1
========================================================================
Received Import Request.
  Time of request: 2026-09-27T03:54:24.8655687Z
  Time since last request: 0.000553 seconds.
  importAddress: GUID: bdbd564a9fdad0b738e76d030cad1204 - Path: Packages/com.unity.ide.rider/Rider/Editor/Util/FileSystemUtil.cs - Importer: ScriptedImporter/UnityEditor.QuickSearchModule:UnityEditor.Search:ASIAI0B
Importing 'GUID: bdbd564a9fdad0b738e76d030cad1204 - Path: Packages/com.unity.ide.rider/Rider/Editor/Util/FileSystemUtil.cs - Importer: ScriptedImporter/UnityEditor.QuickSearchModule:UnityEditor.Search:ASIAI0B' with importer (ScriptedImporter : UnityEditor.QuickSearchModule:UnityEditor.Search:ASIAI0B)
Imported 'GUID: bdbd564a9fdad0b738e76d030cad1204' -> (Import Result ID: '0b65e3ceefcfbb3d7c2a67e3151336e1') in 0.002 seconds [static and dynamic dependencies]. Details - ImportResultOutputID=c04054b05e349796507a61137eabe207 DependenciesID=09ffabb6108456cf7a87cefa310936a2 StaticDependenciesID=ba01f350a81beed4b2cacf2e840a37b4 
Number of updated asset objects reloaded before import = 0
Number of asset objects unloaded after import = 0
========================================================================
Received Import Request.
  Time of request: 2026-09-27T03:54:24.8691158Z
  Time since last request: 0.0007864 seconds.
  importAddress: GUID: bc3a27147f944790916176e2172ad506 - Path: Packages/com.unity.ide.rider/Rider/Editor/RiderScriptEditorDataPersisted.cs - Importer: ScriptedImporter/UnityEditor.QuickSearchModule:UnityEditor.Search:ASIAI0B
Importing 'GUID: bc3a27147f944790916176e2172ad506 - Path: Packages/com.unity.ide.rider/Rider/Editor/RiderScriptEditorDataPersisted.cs - Importer: ScriptedImporter/UnityEditor.QuickSearchModule:UnityEditor.Search:ASIAI0B' with importer (ScriptedImporter : UnityEditor.QuickSearchModule:UnityEditor.Search:ASIAI0B)
Imported 'GUID: bc3a27147f944790916176e2172ad506' -> (Import Result ID: '5ad9a188e5d26b36eb72093eb3427530') in 0.002 seconds [static and dynamic dependencies]. Details - ImportResultOutputID=1ff22e2ea4278456c414185b1573bfb1 DependenciesID=20f492131479492ac518d71b0df75e85 StaticDependenciesID=4c7524e7084f0f5def8ba673169823ca 
Number of updated asset objects reloaded before import = 0
Number of asset objects unloaded after import = 0
========================================================================
Received Import Request.
  Time of request: 2026-09-27T03:54:24.8719935Z
  Time since last request: 0.0006725 seconds.
  importAddress: GUID: 78e5667e52329c3ceef41288763404ae - Path: Packages/com.unity.modules.vectorgraphics/package.json - Importer: ScriptedImporter/UnityEditor.QuickSearchModule:UnityEditor.Search:ASIAI0B
Importing 'GUID: 78e5667e52329c3ceef41288763404ae - Path: Packages/com.unity.modules.vectorgraphics/package.json - Importer: ScriptedImporter/UnityEditor.QuickSearchModule:UnityEditor.Search:ASIAI0B' with importer (ScriptedImporter : UnityEditor.QuickSearchModule:UnityEditor.Search:ASIAI0B)
Imported 'GUID: 78e5667e52329c3ceef41288763404ae' -> (Import Result ID: 'f853f1a90e43eb3e04af0212a5ff0f0d') in 0.003 seconds [static and dynamic dependencies]. Details - ImportResultOutputID=b33d4b92d1c9588f1aeaf4860e0ecac6 DependenciesID=2f9ea189d252ce2a1511da1707413297 StaticDependenciesID=f57669b0f8b09007ff9e336fd85e5b0a 
Number of updated asset objects reloaded before import = 0
Number of asset objects unloaded after import = 1
========================================================================
Received Import Request.
  Time of request: 2026-09-27T03:54:24.8756259Z
  Time since last request: 0.0005536 seconds.
  importAddress: GUID: b0221f76dde941d492827802c9b7c1f9 - Path: Packages/com.unity.ide.rider/Rider/Editor/Util/StringUtils.cs - Importer: ScriptedImporter/UnityEditor.QuickSearchModule:UnityEditor.Search:ASIAI0B
Importing 'GUID: b0221f76dde941d492827802c9b7c1f9 - Path: Packages/com.unity.ide.rider/Rider/Editor/Util/StringUtils.cs - Importer: ScriptedImporter/UnityEditor.QuickSearchModule:UnityEditor.Search:ASIAI0B' with importer (ScriptedImporter : UnityEditor.QuickSearchModule:UnityEditor.Search:ASIAI0B)
Imported 'GUID: b0221f76dde941d492827802c9b7c1f9' -> (Import Result ID: '1a6b30f7130491f436cc4624aedcc094') in 0.002 seconds [static and dynamic dependencies]. Details - ImportResultOutputID=c72b04b84c18afd4fbfea5ce04f29e19 DependenciesID=c9c664cecf3e2908cf68c170cddbec02 StaticDependenciesID=b57f465a57aa854de450404e4afcbc6a 
Number of updated asset objects reloaded before import = 0
Number of asset objects unloaded after import = 0
========================================================================
Received Import Request.
  Time of request: 2026-09-27T03:54:24.8788183Z
  Time since last request: 0.0008048 seconds.
  importAddress: GUID: 71bb46b59a9a7a346bbab1e185c723df - Path: Packages/com.unity.ide.rider/Rider/Editor/LoggingLevel.cs - Importer: ScriptedImporter/UnityEditor.QuickSearchModule:UnityEditor.Search:ASIAI0B
Importing 'GUID: 71bb46b59a9a7a346bbab1e185c723df - Path: Packages/com.unity.ide.rider/Rider/Editor/LoggingLevel.cs - Importer: ScriptedImporter/UnityEditor.QuickSearchModule:UnityEditor.Search:ASIAI0B' with importer (ScriptedImporter : UnityEditor.QuickSearchModule:UnityEditor.Search:ASIAI0B)
Imported 'GUID: 71bb46b59a9a7a346bbab1e185c723df' -> (Import Result ID: '4b3c8e3a06f38953f779bedb906a6302') in 0.002 seconds [static and dynamic dependencies]. Details - ImportResultOutputID=375e8203625ed4f053747dd8ba79ecf1 DependenciesID=ea226400ce65c53333330d11bc7e40dc StaticDependenciesID=93280956ab6ee00af80a624d3ffbeaf4 
Number of updated asset objects reloaded before import = 0
Number of asset objects unloaded after import = 0
========================================================================
Received Import Request.
  Time of request: 2026-09-27T03:54:24.8816274Z
  Time since last request: 0.0005517 seconds.
  importAddress: GUID: 5c3b27069cb3ddf42ba1260eeefcdd1c - Path: Packages/com.unity.ide.rider/Rider/Editor/UnitTesting/RiderTestRunner.cs - Importer: ScriptedImporter/UnityEditor.QuickSearchModule:UnityEditor.Search:ASIAI0B
Importing 'GUID: 5c3b27069cb3ddf42ba1260eeefcdd1c - Path: Packages/com.unity.ide.rider/Rider/Editor/UnitTesting/RiderTestRunner.cs - Importer: ScriptedImporter/UnityEditor.QuickSearchModule:UnityEditor.Search:ASIAI0B' with importer (ScriptedImporter : UnityEditor.QuickSearchModule:UnityEditor.Search:ASIAI0B)
Imported 'GUID: 5c3b27069cb3ddf42ba1260eeefcdd1c' -> (Import Result ID: '2275be893ac3ea28fe4514ac0e4a19d4') in 0.002 seconds [static and dynamic dependencies]. Details - ImportResultOutputID=087dfa4fb2d1acfd94d32b52c4e41862 DependenciesID=9aaf9a9824accd3be830008c028fc55c StaticDependenciesID=d2d66a2c24f6c0c2c31f8656a08dceaf 
Number of updated asset objects reloaded before import = 0
Number of asset objects unloaded after import = 0
========================================================================
Received Import Request.
  Time of request: 2026-09-27T03:54:24.8843394Z
  Time since last request: 0.0006673 seconds.
  importAddress: GUID: 32e50e97779a4753a461190076119a99 - Path: Packages/com.unity.ide.rider/Rider/Editor/ProjectGeneration/PackageManagerTracker.cs - Importer: ScriptedImporter/UnityEditor.QuickSearchModule:UnityEditor.Search:ASIAI0B
Importing 'GUID: 32e50e97779a4753a461190076119a99 - Path: Packages/com.unity.ide.rider/Rider/Editor/ProjectGeneration/PackageManagerTracker.cs - Importer: ScriptedImporter/UnityEditor.QuickSearchModule:UnityEditor.Search:ASIAI0B' with importer (ScriptedImporter : UnityEditor.QuickSearchModule:UnityEditor.Search:ASIAI0B)
Imported 'GUID: 32e50e97779a4753a461190076119a99' -> (Import Result ID: '63cbcc2da1e470ca366455f9cd491361') in 0.002 seconds [static and dynamic dependencies]. Details - ImportResultOutputID=b22e41d02846a466ce0a2cdfb47f89ef DependenciesID=c5f9c4f0278b1656332ac9c56378cafe StaticDependenciesID=94eda7a4233d4367ea7be710d984a4a9 
Number of updated asset objects reloaded before import = 0
Number of asset objects unloaded after import = 0
Editor requested this worker to shutdown with reason: Scaling down because of idle timeout
AcceleratorClientConnectionCallback - disconnected - :0
AssetImportWorker is now disconnected from the server
Process exiting
[ExitDontLaunchBugReporter] Exiting without the bug reporter. Application will exit with return code 0
