[Licensing::Module] Trying to connect to existing licensing client channel...
[Licensing::IpcConnector] Successfully connected to: "LicenseClient-Compuomart" at "2026-09-27T04:04:12.5117646Z"
Built from '6000.6/respin/6000.6.0f1-fa21a270ab12' branch; Version is '6000.6.0f1 (f7f8ed4d1e24) revision 16251117'; Using compiler version '194234433'; Build Type 'Release'
OS: 'Windows 11  (10.0.26200) Professional' Language: 'en' Physical Memory: 32559 MB
BatchMode: 1, IsHumanControllingUs: 0, StartBugReporterOnCrash: 0, Is64bit: 1
System  architecture: x64
Process architecture: x64
Date: 2026-09-27T04:04:12Z

COMMAND LINE ARGUMENTS:
E:\tools\Unity-editor\6000.6.0f1\Editor\Unity.exe
-adb2
-batchMode
-noUpm
-name
AssetImportWorkerHW3
-projectPath
E:/DEPI_2026/Chitin-Ash
-logFile
Logs/AssetImportWorkerHW3.log
-srvPort
58564
-parentPid
6948
-analyticsCloudUserId
11270228173407
-analyticsLocalProjectId
b674b2dcc0c4ad04d9f437df6e9f970f
-editorAnalyticsEnabled
1
-cbmEditorLicense
7a9fff89b35e761d76722f24307524ea36dcb4dc
-cbmMachineId
3KfzeB2xIpe6WxQyZRYSQ203QzE=
-licensingIpc
LicenseClient-Compuomart
-noDiagnosticSwitchPersistentStore
-job-worker-count
5
-background-job-worker-count
8
-asset-garbage-collectors
1
-force-d3d12
-name
AssetImport
Successfully changed project path to: E:/DEPI_2026/Chitin-Ash
E:/DEPI_2026/Chitin-Ash
[UnityMemory] Configuration Parameters - Can be set up in boot.config
    "memorysetup-temp-allocator-size-gi-baking-worker=262144"
    "memorysetup-temp-allocator-size-gi-baking-worker=262144"
    "memorysetup-temp-allocator-size-gi-baking-worker=262144"
    "memorysetup-temp-allocator-size-gi-baking-worker=262144"
    "memorysetup-temp-allocator-size-gi-baking-worker=262144"
    "memorysetup-temp-allocator-size-nav-mesh-worker=65536"
    "memorysetup-temp-allocator-size-audio-worker=65536"
    "memorysetup-temp-allocator-size-cloud-worker=32768"
    "memorysetup-temp-allocator-size-gfx=262144"
    "memorysetup-remapper-allocator-initial-capacity=32768"
    "memorysetup-temp-allocator-size-preload-manager=33554432"
    "memorysetup-allocator-temp-initial-block-size-main=262144"
    "memorysetup-allocator-temp-initial-block-size-worker=262144"
    "memorysetup-temp-allocator-size-job-worker=262144"
    "memorysetup-temp-allocator-size-background-worker=32768"
    "memorysetup-bucket-allocator-granularity=16"
    "memorysetup-bucket-allocator-bucket-count=8"
    "memorysetup-bucket-allocator-block-size=33554432"
    "memorysetup-bucket-allocator-block-count=8"
    "memorysetup-main-allocator-block-size=16777216"
    "memorysetup-thread-allocator-block-size=16777216"
    "memorysetup-main-allocator-mimalloc-enabled=1"
    "memorysetup-gfx-main-allocator-block-size=16777216"
    "memorysetup-gfx-thread-allocator-block-size=16777216"
    "memorysetup-cache-allocator-block-size=4194304"
    "memorysetup-typetree-allocator-block-size=2097152"
    "memorysetup-profiler-bucket-allocator-granularity=16"
    "memorysetup-profiler-bucket-allocator-bucket-count=8"
    "memorysetup-profiler-bucket-allocator-block-size=33554432"
    "memorysetup-profiler-bucket-allocator-block-count=8"
    "memorysetup-profiler-allocator-block-size=16777216"
    "memorysetup-profiler-editor-allocator-block-size=1048576"
    "memorysetup-temp-allocator-size-main=16777216"
    "memorysetup-job-temp-allocator-block-size=2097152"
    "memorysetup-job-temp-allocator-block-size-background=1048576"
    "memorysetup-job-temp-allocator-reduction-small-platforms=262144"
Player connection [20616]  Target information:

Player connection [20616]  * "[IP] 192.168.1.114 [Port] 0 [Flags] 2 [Guid] 1995139114 [EditorId] 1995139114 [Version] 1048832 [Id] WindowsEditor(7,DESKTOP-INOIHPV) [Debug] 1 [PackageName] WindowsEditor [ProjectName] Editor" 

Player connection [20616]  * "[IP] 172.30.48.1 [Port] 0 [Flags] 2 [Guid] 1995139114 [EditorId] 1995139114 [Version] 1048832 [Id] WindowsEditor(7,DESKTOP-INOIHPV) [Debug] 1 [PackageName] WindowsEditor [ProjectName] Editor" 

Player connection [20616] Host joined multi-casting on [225.0.0.222:54997]...
Player connection [20616] Host joined alternative multi-casting on [225.0.0.222:34997]...
JobSystem: Creating JobQueue using job-worker-count value 5
Input System module state changed to: Initialized.
[Physics::Module] Initialized fallback backend.
[Physics::Module] Id: 0xdecafbad
Library Redirect Path: Library/
Initialising UDS system complete:
  - System type: Client
  - Resource namespace: 837e251385ba5a87ec48f5f5226270e0
  - Shared memory size: 1073741824
  - Command buffer id: 1052576
  - Command buffer size: 8192
  - Hashmap size: 4194304
  - Service connected: true
  - Service working directory: Library/DataStore/
[Physics::Module] Selected backend.
[Physics::Module] Name: PhysX
[Physics::Module] Id: 0xf2b8ea05
[Physics::Module] SDK Version: 4.1.2
[Physics::Module] Integration Version: 1.0.0
[Physics::Module] Threading Mode: Multi-Threaded
Refreshing native plugins compatible for Editor in 13.57 ms, found 4 plugins.
Initialize engine version: 6000.6.0f1 (f7f8ed4d1e24)
[EntityIdStore] init: VM path (explicit commit), pageSize=4096, blockCount=1048576, entitiesPerBlock=256, slots reserved=4294967296 bytes
[Subsystems] Discovering subsystems at path E:/tools/Unity-editor/6000.6.0f1/Editor/Data/Resources/UnitySubsystems
[Subsystems] Discovering subsystems at path E:/DEPI_2026/Chitin-Ash/Assets
Forcing GfxDevice: Direct3D 12
GfxDevice: creating device client; kGfxThreadingModeNonThreaded
d3d12: failed to query info queue interface (0x80004002).
Direct3D:
    Version:         Direct3D 12 [level 12.2]
    Renderer:        NVIDIA GeForce RTX 3060 (ID=0x2504)
    Vendor:          NVIDIA
    VRAM:            12115 MB
    App VRAM Budget: 11347 MB
    Driver:          32.0.15.9186
Initialize mono
Mono path[0] = 'E:/tools/Unity-editor/6000.6.0f1/Editor/Data/Managed'
Mono path[1] = 'E:/tools/Unity-editor/6000.6.0f1/Editor/Data/BCLExtensions/runtime/netstandard2.1'
Mono path[2] = 'E:/tools/Unity-editor/6000.6.0f1/Editor/Data/MonoBleedingEdge/lib/mono/unityjit-win32'
Mono config path = 'E:/tools/Unity-editor/6000.6.0f1/Editor/Data/MonoBleedingEdge/etc'
Using monoOptions --debugger-agent=transport=dt_socket,embedding=1,server=y,suspend=n,address=127.0.0.1:56080
CodeReloadManager initialized
Begin MonoManager ReloadAssembly
Registering precompiled unity dll's ...
Register platform support module: E:/tools/Unity-editor/6000.6.0f1/Editor/Data/PlaybackEngines/WindowsStandaloneSupport/UnityEditor.WindowsStandalone.Extensions.dll
Registered in 0.001815 seconds.
[Licensing::Client] Error: HandshakeResponse reported an error:
	ResponseCode: 505
	ResponseStatus: Unsupported protocol version '1.18.3'.
[Licensing::Module] Error: Failed to handshake to channel: "LicenseClient-Compuomart"
[Licensing::IpcConnector] LicenseClient-Compuomart channel disconnected successfully.
[Licensing::IpcConnector] Successfully connected to: "LicenseClient-Compuomart-6000.6.0" at "2026-09-27T04:04:14.3249873Z"
[Licensing::Client] Code 10 while verifying Licensing Client signature (process Id: 15508, path: "E:/tools/Unity-editor/6000.6.0f1/Editor/Data/Resources/Licensing/Client/Unity.Licensing.Client.exe")
[Licensing::Module] LicensingClient has failed validation; ignoring
[Licensing::Client] Handshaking with LicensingClient:
  Version:                 1.18.3+d7ffd15
  Session Id:              41057df2cce14f14b25b3004c7d3fdda
  Correlation Id:          de9b0cb9a158842890c510d67dbc2f5b
  External correlation Id: 2554906182140429752
  Machine Id:              3KfzeB2xIpe6WxQyZRYSQ203QzE=
[Licensing::Module] Successfully connected to LicensingClient on channel: "LicenseClient-Compuomart-6000.6.0" (connect: 0.00s, validation: 0.03s, handshake: 0.01s)
[Licensing::IpcConnector] Successfully connected to: "LicenseClient-Compuomart-6000.6.0-notifications" at "2026-09-27T04:04:14.3614892Z"
[Licensing::Module] Licensing Background thread has ended after 1.85s
Native extension for WindowsStandalone target not found
Package Manager log level set to [2]
[Package Manager] Failed to launch server process. Reason: Unity was launched with the -noUpm command-line argument
[Package Manager] Unable to send message (not connected to server process).
[Package Manager] Cannot connect to Unity Package Manager local server
ScheduleIndexationOnStartup MainProcess:False IndexOnStartup:True
Scripting: successfully reloaded assembly
- Finished resetting the current domain, in  0.744 seconds
Domain Reload Profiling: 1643ms
	BeginReloadAssembly (213ms)
	RebuildCommonClasses (7ms)
	RebuildNativeTypeToScriptingClass (31ms)
	initialDomainReloadingComplete (99ms)
	LoadAllAssembliesAndSetupDomain (547ms)
		LoadAssemblies (212ms)
		TypeCache.Refresh (380ms)
			TypeCache.ScanAssembly (353ms)
		AnalyzeDomain (1ms)
	FinalizeReload (746ms)
		SetupLoadedEditorAssemblies (0ms)
			LogAssemblyErrors (3ms)
			InitializePlatformSupportModulesInManaged (3ms)
			BeforeProcessingInitializeOnLoad (176ms)
			ProcessInitializeOnLoadAttributes (159ms)
			ProcessInitializeOnLoadMethodAttributes (277ms)
Assembly reference Packages/com.unity.cinemachine/Editor/Samples/ExposeHDRPInternals/HDRP-Editor-ref.asmref has no target assembly definition
Initializing Unity extensions:
[Licensing::Client] Successfully resolved entitlement details
[Licensing::Module] License group:
  Id: 11270228173407-UnityPersXXXX
  Product: Unity Personal
  Type: Assigned
  Expiration: Unlimited
========================================================================
Worker process is ready to serve import requests
Import Worker Mode flag is 0x00
Assembly reference Packages/com.unity.cinemachine/Editor/Samples/ExposeHDRPInternals/HDRP-Editor-ref.asmref has no target assembly definition
Assembly reference Packages/com.unity.cinemachine/Editor/Samples/ExposeHDRPInternals/HDRP-Editor-ref.asmref has no target assembly definition
Begin MonoManager ReloadAssembly
Assembly reference Packages/com.unity.cinemachine/Editor/Samples/ExposeHDRPInternals/HDRP-Editor-ref.asmref has no target assembly definition
Assembly reference Packages/com.unity.cinemachine/Editor/Samples/ExposeHDRPInternals/HDRP-Editor-ref.asmref has no target assembly definition
'Packages/com.unity.cinemachine/Editor/Obsolete/CinemachineVirtualCameraBaseEditor.cs' contains partial class of Unity.Object, exactly 1 of the partial classes needs to be in a file with the same filename. This is to know the one that can be referenced from ie. GameObjects
'Packages/com.unity.cinemachine/Editor/Editors/CinemachineVirtualCameraBaseEditor.cs' contains partial class of Unity.Object, exactly 1 of the partial classes needs to be in a file with the same filename. This is to know the one that can be referenced from ie. GameObjects
Native extension for WindowsStandalone target not found
[Package Manager] Failed to launch server process. Reason: Unity was launched with the -noUpm command-line argument
[Package Manager] Unable to send message (not connected to server process).
[Package Manager] Cannot connect to Unity Package Manager local server
[Package Manager] Failed to launch server process. Reason: Unity was launched with the -noUpm command-line argument
[Package Manager] Unable to send message (not connected to server process).
[Package Manager] Cannot connect to Unity Package Manager local server
[Package Manager] Failed to launch server process. Reason: Unity was launched with the -noUpm command-line argument
[Package Manager] Unable to send message (not connected to server process).
[Package Manager] Cannot connect to Unity Package Manager local server
ScheduleIndexationOnStartup MainProcess:False IndexOnStartup:True
Scripting: successfully reloaded assembly
- Finished resetting the current domain, in  0.582 seconds
Domain Reload Profiling: 1444ms
	BeginReloadAssembly (344ms)
		DisableScriptedObjects (12ms)
		CreateAndSetChildDomain (42ms)
	RebuildCommonClasses (14ms)
	RebuildNativeTypeToScriptingClass (25ms)
	initialDomainReloadingComplete (63ms)
	LoadAllAssembliesAndSetupDomain (416ms)
		LoadAssemblies (351ms)
		TypeCache.Refresh (69ms)
			TypeCache.ScanAssembly (55ms)
		AnalyzeDomain (31ms)
			BuildScriptInfoCaches (26ms)
			ResolveRequiredComponents (3ms)
	FinalizeReload (583ms)
		SetupLoadedEditorAssemblies (0ms)
			BeforeProcessingInitializeOnLoad (128ms)
			ProcessInitializeOnLoadAttributes (126ms)
			ProcessInitializeOnLoadMethodAttributes (112ms)
		AwakeInstancesAfterBackupRestoration (10ms)
AcceleratorClientConnectionCallback - disconnected - :0
Launched and connected shader compiler UnityShaderCompiler.exe after 0.02 seconds
Unloading 1 Unused Serialized files (Serialized files now loaded: 0)
Unloading 1651 unused Assets / (0.7 MB). Loaded Objects now: 2338.
Memory consumption went from 200.3 MB to 199.6 MB.
Total: 6.637600 ms (FindLiveObjects: 0.395500 ms CreateObjectMapping: 0.087400 ms MarkObjects: 5.550000 ms  DeleteObjects: 0.452300 ms)

========================================================================
Received Import Request.
  Time of request: 2026-09-27T04:04:26.8738029Z
  Time since last request: 146932.13981550000608 seconds.
  importAddress: GUID: fb7194dc27b9df64c8beca7482ee8e0d - Path: Packages/com.unity.cinemachine/Runtime/Deprecated/CinemachineInputProvider.cs - Importer: ScriptedImporter/UnityEditor.QuickSearchModule:UnityEditor.Search:ASIAI0B
Importing 'GUID: fb7194dc27b9df64c8beca7482ee8e0d - Path: Packages/com.unity.cinemachine/Runtime/Deprecated/CinemachineInputProvider.cs - Importer: ScriptedImporter/UnityEditor.QuickSearchModule:UnityEditor.Search:ASIAI0B' with importer (ScriptedImporter : UnityEditor.QuickSearchModule:UnityEditor.Search:ASIAI0B)
Imported 'GUID: fb7194dc27b9df64c8beca7482ee8e0d' -> (Import Result ID: '577d79c2c9619bc6ebf73ba3fc7b734e') in 0.124 seconds [static and dynamic dependencies]. Details - ImportResultOutputID=d3fdb052a33755490a0a5db17b3f3db1 DependenciesID=56c83facdeab2be1116db52e072d5046 StaticDependenciesID=e534e28adefae3069364993759dd1d22 
Number of updated asset objects reloaded before import = 0
Number of asset objects unloaded after import = 0
========================================================================
Received Import Request.
  Time of request: 2026-09-27T04:04:27.009847Z
  Time since last request: 0.0101913 seconds.
  importAddress: GUID: 5c4f48d56433f4be3b319c943db02157 - Path: Packages/com.unity.splines/Runtime/Interpolators.cs - Importer: ScriptedImporter/UnityEditor.QuickSearchModule:UnityEditor.Search:ASIAI0B
Importing 'GUID: 5c4f48d56433f4be3b319c943db02157 - Path: Packages/com.unity.splines/Runtime/Interpolators.cs - Importer: ScriptedImporter/UnityEditor.QuickSearchModule:UnityEditor.Search:ASIAI0B' with importer (ScriptedImporter : UnityEditor.QuickSearchModule:UnityEditor.Search:ASIAI0B)
Imported 'GUID: 5c4f48d56433f4be3b319c943db02157' -> (Import Result ID: '5c5be1cf4c4ed1079ea525b26c1d7736') in 0.004 seconds [static and dynamic dependencies]. Details - ImportResultOutputID=10d4a198b2374fa764aa513b0b9b7f7e DependenciesID=decaf4ec14e0796648230a2bb4e9043e StaticDependenciesID=6267e8e94b448cb11cf1ec83a676c1a3 
Number of updated asset objects reloaded before import = 0
Number of asset objects unloaded after import = 0
========================================================================
Received Import Request.
  Time of request: 2026-09-27T04:04:27.0144722Z
  Time since last request: 0.0005808 seconds.
  importAddress: GUID: 74e0f4cadf762ff468bb8bb11c2ca3c7 - Path: Packages/com.unity.splines/Editor/Editor Resources/Icons/SplineComponent@2x.png - Importer: ScriptedImporter/UnityEditor.QuickSearchModule:UnityEditor.Search:ASIAI0B
Importing 'GUID: 74e0f4cadf762ff468bb8bb11c2ca3c7 - Path: Packages/com.unity.splines/Editor/Editor Resources/Icons/SplineComponent@2x.png - Importer: ScriptedImporter/UnityEditor.QuickSearchModule:UnityEditor.Search:ASIAI0B' with importer (ScriptedImporter : UnityEditor.QuickSearchModule:UnityEditor.Search:ASIAI0B)
Imported 'GUID: 74e0f4cadf762ff468bb8bb11c2ca3c7' -> (Import Result ID: '0fb241bd90cccd1bc9e9e2d8612cbd08') in 0.140 seconds [static and dynamic dependencies]. Details - ImportResultOutputID=9eccd86e1ad65577a5542b4fcddf7aa9 DependenciesID=c9ad9d63e1e048ff6ae4a280eef879c5 StaticDependenciesID=aa2ce5bde9667ccb25dec556b059fd20 
Number of updated asset objects reloaded before import = 0
Number of asset objects unloaded after import = 1
========================================================================
Received Import Request.
  Time of request: 2026-09-27T04:04:27.169996Z
  Time since last request: 0.0150102 seconds.
  importAddress: GUID: 6c26251a3e1f5ac41afa5ffb404c5f71 - Path: Packages/com.unity.cinemachine/Runtime/Behaviours/CinemachineMixingCamera.cs - Importer: ScriptedImporter/UnityEditor.QuickSearchModule:UnityEditor.Search:ASIAI0B
Importing 'GUID: 6c26251a3e1f5ac41afa5ffb404c5f71 - Path: Packages/com.unity.cinemachine/Runtime/Behaviours/CinemachineMixingCamera.cs - Importer: ScriptedImporter/UnityEditor.QuickSearchModule:UnityEditor.Search:ASIAI0B' with importer (ScriptedImporter : UnityEditor.QuickSearchModule:UnityEditor.Search:ASIAI0B)
Imported 'GUID: 6c26251a3e1f5ac41afa5ffb404c5f71' -> (Import Result ID: '7158e7db7d52552e3793e5f6a90d22a4') in 0.005 seconds [static and dynamic dependencies]. Details - ImportResultOutputID=0b24f70f12e037bb51754417668cedcc DependenciesID=5f2a1da2ca12baf868d41f2cde8bccb7 StaticDependenciesID=6dce4c6697eccecb5d3b913c30a1781d 
Number of updated asset objects reloaded before import = 0
Number of asset objects unloaded after import = 1
========================================================================
Received Import Request.
  Time of request: 2026-09-27T04:04:27.176457Z
  Time since last request: 0.0007516 seconds.
  importAddress: GUID: 67c7396a4e6a403e8628a7c83ffd74dd - Path: Packages/com.unity.cinemachine/Editor/Upgrader - Importer: ScriptedImporter/UnityEditor.QuickSearchModule:UnityEditor.Search:ASIAI0B
Importing 'GUID: 67c7396a4e6a403e8628a7c83ffd74dd - Path: Packages/com.unity.cinemachine/Editor/Upgrader - Importer: ScriptedImporter/UnityEditor.QuickSearchModule:UnityEditor.Search:ASIAI0B' with importer (ScriptedImporter : UnityEditor.QuickSearchModule:UnityEditor.Search:ASIAI0B)
Imported 'GUID: 67c7396a4e6a403e8628a7c83ffd74dd' -> (Import Result ID: 'a598a8f9ef3d436c9c105560214a63a9') in 0.004 seconds [static and dynamic dependencies]. Details - ImportResultOutputID=5af621f6336a17b65855d66ff54020a5 DependenciesID=1d0871e86f530dc72f4943926285c81f StaticDependenciesID=e333a0811e0ed421ce12b2e9107d6037 
Number of updated asset objects reloaded before import = 0
Number of asset objects unloaded after import = 1
========================================================================
Received Import Request.
  Time of request: 2026-09-27T04:04:27.1820054Z
  Time since last request: 0.0007123 seconds.
  importAddress: GUID: eb25eb9c85a88c94aa253071e03aca6e - Path: Packages/com.unity.cinemachine/Runtime/Impulse/CinemachineImpulseManager.cs - Importer: ScriptedImporter/UnityEditor.QuickSearchModule:UnityEditor.Search:ASIAI0B
Importing 'GUID: eb25eb9c85a88c94aa253071e03aca6e - Path: Packages/com.unity.cinemachine/Runtime/Impulse/CinemachineImpulseManager.cs - Importer: ScriptedImporter/UnityEditor.QuickSearchModule:UnityEditor.Search:ASIAI0B' with importer (ScriptedImporter : UnityEditor.QuickSearchModule:UnityEditor.Search:ASIAI0B)
Imported 'GUID: eb25eb9c85a88c94aa253071e03aca6e' -> (Import Result ID: '5efc1d98cdc968f90a9c54c0c3c7d992') in 0.002 seconds [static and dynamic dependencies]. Details - ImportResultOutputID=ea22622c23dde47c43432f5aaf365634 DependenciesID=8fcfbedec27b5e9945f6f60d802384c4 StaticDependenciesID=b928e49966b50adb0ad093ca5e08e500 
Number of updated asset objects reloaded before import = 0
Number of asset objects unloaded after import = 0
========================================================================
Received Import Request.
  Time of request: 2026-09-27T04:04:27.1852191Z
  Time since last request: 0.0006181 seconds.
  importAddress: GUID: 6dd3f00b9032de54c8784df7bdc6fdf8 - Path: Packages/com.unity.cinemachine/Editor/EditorResources/CMWaveform.compute - Importer: ScriptedImporter/UnityEditor.QuickSearchModule:UnityEditor.Search:ASIAI0B
Importing 'GUID: 6dd3f00b9032de54c8784df7bdc6fdf8 - Path: Packages/com.unity.cinemachine/Editor/EditorResources/CMWaveform.compute - Importer: ScriptedImporter/UnityEditor.QuickSearchModule:UnityEditor.Search:ASIAI0B' with importer (ScriptedImporter : UnityEditor.QuickSearchModule:UnityEditor.Search:ASIAI0B)
Imported 'GUID: 6dd3f00b9032de54c8784df7bdc6fdf8' -> (Import Result ID: '5eb26e2e5157b5a0229cb975795ad531') in 0.003 seconds [static and dynamic dependencies]. Details - ImportResultOutputID=427473d75d099d583ec346656b79371f DependenciesID=31622fafe8a736af621a668137c040de StaticDependenciesID=533a51435c4d76d02cf0d9be6d8bfdba 
Number of updated asset objects reloaded before import = 0
Number of asset objects unloaded after import = 1
========================================================================
Received Import Request.
  Time of request: 2026-09-27T04:04:27.1889195Z
  Time since last request: 0.0006752 seconds.
  importAddress: GUID: 180ecf9b41d478f468eb3e9083753217 - Path: Packages/com.unity.cinemachine/Runtime/Impulse/CinemachineImpulseSource.cs - Importer: ScriptedImporter/UnityEditor.QuickSearchModule:UnityEditor.Search:ASIAI0B
Importing 'GUID: 180ecf9b41d478f468eb3e9083753217 - Path: Packages/com.unity.cinemachine/Runtime/Impulse/CinemachineImpulseSource.cs - Importer: ScriptedImporter/UnityEditor.QuickSearchModule:UnityEditor.Search:ASIAI0B' with importer (ScriptedImporter : UnityEditor.QuickSearchModule:UnityEditor.Search:ASIAI0B)
Imported 'GUID: 180ecf9b41d478f468eb3e9083753217' -> (Import Result ID: 'd77646c64643b252f61d897dbcea05b9') in 0.002 seconds [static and dynamic dependencies]. Details - ImportResultOutputID=b03fe9857f1af8111fa0fa9b8ca95888 DependenciesID=ac01b3711c3d2a6a6e9e9b472d317be2 StaticDependenciesID=b072e4a219f1656c7643ad298e054881 
Number of updated asset objects reloaded before import = 0
Number of asset objects unloaded after import = 0
========================================================================
Received Import Request.
  Time of request: 2026-09-27T04:04:27.1918918Z
  Time since last request: 0.0005435 seconds.
  importAddress: GUID: f1367877887d28641a98258c207c3bfd - Path: Packages/com.unity.splines/Editor/Editor Resources/Icons/Tangent_Linear@2x.png - Importer: ScriptedImporter/UnityEditor.QuickSearchModule:UnityEditor.Search:ASIAI0B
Importing 'GUID: f1367877887d28641a98258c207c3bfd - Path: Packages/com.unity.splines/Editor/Editor Resources/Icons/Tangent_Linear@2x.png - Importer: ScriptedImporter/UnityEditor.QuickSearchModule:UnityEditor.Search:ASIAI0B' with importer (ScriptedImporter : UnityEditor.QuickSearchModule:UnityEditor.Search:ASIAI0B)
Imported 'GUID: f1367877887d28641a98258c207c3bfd' -> (Import Result ID: '3b8cccda7d9935f0a99842726e849750') in 0.006 seconds [static and dynamic dependencies]. Details - ImportResultOutputID=afb288dca7bb07d10703995a20cda324 DependenciesID=544427fe61a8e2d17d7e55658ada939e StaticDependenciesID=807bc30509e582c2083df30395d01605 
Number of updated asset objects reloaded before import = 0
Number of asset objects unloaded after import = 1
========================================================================
Received Import Request.
  Time of request: 2026-09-27T04:04:27.1993882Z
  Time since last request: 0.0006244 seconds.
  importAddress: GUID: 018f1adb8258a4133b73805294498947 - Path: Packages/com.unity.settings-manager/Tests/Editor/MultipleProjectSettings.cs - Importer: ScriptedImporter/UnityEditor.QuickSearchModule:UnityEditor.Search:ASIAI0B
Importing 'GUID: 018f1adb8258a4133b73805294498947 - Path: Packages/com.unity.settings-manager/Tests/Editor/MultipleProjectSettings.cs - Importer: ScriptedImporter/UnityEditor.QuickSearchModule:UnityEditor.Search:ASIAI0B' with importer (ScriptedImporter : UnityEditor.QuickSearchModule:UnityEditor.Search:ASIAI0B)
Imported 'GUID: 018f1adb8258a4133b73805294498947' -> (Import Result ID: '97ef7e29aa9da2b623ed3297778ae2b4') in 0.002 seconds [static and dynamic dependencies]. Details - ImportResultOutputID=9a52eef3e5c91fe42846fc538dafd1f6 DependenciesID=acdb2b52eb7eb604f1ff8e1d85fb941e StaticDependenciesID=af66639d7a3d55b8771b961b2719bb53 
Number of updated asset objects reloaded before import = 0
Number of asset objects unloaded after import = 0
========================================================================
Received Import Request.
  Time of request: 2026-09-27T04:04:27.202168Z
  Time since last request: 0.0006689 seconds.
  importAddress: GUID: a0357b2fb04a410d8dc62740f4fe4cbb - Path: Packages/com.unity.splines/Editor/GUI/EditorSplineGizmos.cs - Importer: ScriptedImporter/UnityEditor.QuickSearchModule:UnityEditor.Search:ASIAI0B
Importing 'GUID: a0357b2fb04a410d8dc62740f4fe4cbb - Path: Packages/com.unity.splines/Editor/GUI/EditorSplineGizmos.cs - Importer: ScriptedImporter/UnityEditor.QuickSearchModule:UnityEditor.Search:ASIAI0B' with importer (ScriptedImporter : UnityEditor.QuickSearchModule:UnityEditor.Search:ASIAI0B)
Imported 'GUID: a0357b2fb04a410d8dc62740f4fe4cbb' -> (Import Result ID: '683448a1771f4eb7c49c4f6951fd5400') in 0.002 seconds [static and dynamic dependencies]. Details - ImportResultOutputID=19db1388bcac9f75de5a703c26f444ad DependenciesID=cefbf367ff2709d9ea8238fbcfb789de StaticDependenciesID=768cb1656bbe9fb7b4aff8b6de0a790d 
Number of updated asset objects reloaded before import = 0
Number of asset objects unloaded after import = 0
========================================================================
Received Import Request.
  Time of request: 2026-09-27T04:04:27.2049872Z
  Time since last request: 0.0005068 seconds.
  importAddress: GUID: bea6b12ab5854760b485bc57408b9c3e - Path: Packages/com.unity.splines/Editor/GUI/SplineDataHandles.cs - Importer: ScriptedImporter/UnityEditor.QuickSearchModule:UnityEditor.Search:ASIAI0B
Importing 'GUID: bea6b12ab5854760b485bc57408b9c3e - Path: Packages/com.unity.splines/Editor/GUI/SplineDataHandles.cs - Importer: ScriptedImporter/UnityEditor.QuickSearchModule:UnityEditor.Search:ASIAI0B' with importer (ScriptedImporter : UnityEditor.QuickSearchModule:UnityEditor.Search:ASIAI0B)
Imported 'GUID: bea6b12ab5854760b485bc57408b9c3e' -> (Import Result ID: '3e904de6a031945e8eed997678b45b15') in 0.002 seconds [static and dynamic dependencies]. Details - ImportResultOutputID=991ef7c12b2115a592881884172879f7 DependenciesID=ec505da550c849bf05074d75d9ea07bd StaticDependenciesID=03246bf9ff8a59b9dd9f8736914518e5 
Number of updated asset objects reloaded before import = 0
Number of asset objects unloaded after import = 0
========================================================================
Received Import Request.
  Time of request: 2026-09-27T04:04:27.2084935Z
  Time since last request: 0.0005334 seconds.
  importAddress: GUID: 67c0fca06520e4f78923163f9541ba6c - Path: Packages/com.unity.settings-manager/Editor/SettingsDictionary.cs - Importer: ScriptedImporter/UnityEditor.QuickSearchModule:UnityEditor.Search:ASIAI0B
Importing 'GUID: 67c0fca06520e4f78923163f9541ba6c - Path: Packages/com.unity.settings-manager/Editor/SettingsDictionary.cs - Importer: ScriptedImporter/UnityEditor.QuickSearchModule:UnityEditor.Search:ASIAI0B' with importer (ScriptedImporter : UnityEditor.QuickSearchModule:UnityEditor.Search:ASIAI0B)
Imported 'GUID: 67c0fca06520e4f78923163f9541ba6c' -> (Import Result ID: '245952e5484a212152c57117c3209ec8') in 0.002 seconds [static and dynamic dependencies]. Details - ImportResultOutputID=d4b0638582098f4699a3ed2b08ed92e1 DependenciesID=4481946fa8baa16cb9dd830d12c121d8 StaticDependenciesID=b91e162598a2b26acbeeb253603f4988 
Number of updated asset objects reloaded before import = 0
Number of asset objects unloaded after import = 0
========================================================================
Received Import Request.
  Time of request: 2026-09-27T04:04:27.2114805Z
  Time since last request: 0.0006177 seconds.
  importAddress: GUID: 9aaf72ea152580747be7476003654a7f - Path: Packages/com.unity.cinemachine/Runtime/Core/CameraUpdateManager.cs - Importer: ScriptedImporter/UnityEditor.QuickSearchModule:UnityEditor.Search:ASIAI0B
Importing 'GUID: 9aaf72ea152580747be7476003654a7f - Path: Packages/com.unity.cinemachine/Runtime/Core/CameraUpdateManager.cs - Importer: ScriptedImporter/UnityEditor.QuickSearchModule:UnityEditor.Search:ASIAI0B' with importer (ScriptedImporter : UnityEditor.QuickSearchModule:UnityEditor.Search:ASIAI0B)
Imported 'GUID: 9aaf72ea152580747be7476003654a7f' -> (Import Result ID: 'cff9ea1f19999d4cbf8d2a2d5d652454') in 0.003 seconds [static and dynamic dependencies]. Details - ImportResultOutputID=753b97a0171cffc0d4e2bb6603c17066 DependenciesID=18c56aa544d4e07c337d55ee5e0d6d11 StaticDependenciesID=7b1e2a4afcaafc09ceeb455ec93ccbc1 
Number of updated asset objects reloaded before import = 0
Number of asset objects unloaded after import = 0
========================================================================
Received Import Request.
  Time of request: 2026-09-27T04:04:27.2159857Z
  Time since last request: 0.0008494 seconds.
  importAddress: GUID: 004689f31515e42c5b09455132176233 - Path: Packages/com.unity.cinemachine/Runtime/ThirdParty/Clipper.Minkowski.cs - Importer: ScriptedImporter/UnityEditor.QuickSearchModule:UnityEditor.Search:ASIAI0B
Importing 'GUID: 004689f31515e42c5b09455132176233 - Path: Packages/com.unity.cinemachine/Runtime/ThirdParty/Clipper.Minkowski.cs - Importer: ScriptedImporter/UnityEditor.QuickSearchModule:UnityEditor.Search:ASIAI0B' with importer (ScriptedImporter : UnityEditor.QuickSearchModule:UnityEditor.Search:ASIAI0B)
Imported 'GUID: 004689f31515e42c5b09455132176233' -> (Import Result ID: 'fb0cd091fee55cfe3bdf272201b7453c') in 0.002 seconds [static and dynamic dependencies]. Details - ImportResultOutputID=14970c788e58c67f106ce66ba1cea187 DependenciesID=c3a8482d943a6fec6d268f2d7e3b1948 StaticDependenciesID=32ea888de7d5c931d669c0f0511363c8 
Number of updated asset objects reloaded before import = 0
Number of asset objects unloaded after import = 0
========================================================================
Received Import Request.
  Time of request: 2026-09-27T04:04:27.2197734Z
  Time since last request: 0.000827 seconds.
  importAddress: GUID: 72fb38b12e406494493310b49ccb8384 - Path: Packages/com.unity.splines/Editor/Editor Resources/Textures - Importer: ScriptedImporter/UnityEditor.QuickSearchModule:UnityEditor.Search:ASIAI0B
Importing 'GUID: 72fb38b12e406494493310b49ccb8384 - Path: Packages/com.unity.splines/Editor/Editor Resources/Textures - Importer: ScriptedImporter/UnityEditor.QuickSearchModule:UnityEditor.Search:ASIAI0B' with importer (ScriptedImporter : UnityEditor.QuickSearchModule:UnityEditor.Search:ASIAI0B)
Imported 'GUID: 72fb38b12e406494493310b49ccb8384' -> (Import Result ID: '79523c9a57a6b1a189b30b9c895cb702') in 0.002 seconds [static and dynamic dependencies]. Details - ImportResultOutputID=43e7d29225cbda0003af8c9a086129cf DependenciesID=084d1441ca0af9e6c9d9bc5a4f02a09e StaticDependenciesID=739cc00afc99ccb6d5ce1361be81782c 
Number of updated asset objects reloaded before import = 0
Number of asset objects unloaded after import = 1
========================================================================
Received Import Request.
  Time of request: 2026-09-27T04:04:27.22283Z
  Time since last request: 0.0005165 seconds.
  importAddress: GUID: 5ca5d3d4919ce4b4bbbc4e3c67bf6320 - Path: Packages/com.unity.cinemachine/Editor/EditorResources/SceneToolsLabelBackground.png - Importer: ScriptedImporter/UnityEditor.QuickSearchModule:UnityEditor.Search:ASIAI0B
Importing 'GUID: 5ca5d3d4919ce4b4bbbc4e3c67bf6320 - Path: Packages/com.unity.cinemachine/Editor/EditorResources/SceneToolsLabelBackground.png - Importer: ScriptedImporter/UnityEditor.QuickSearchModule:UnityEditor.Search:ASIAI0B' with importer (ScriptedImporter : UnityEditor.QuickSearchModule:UnityEditor.Search:ASIAI0B)
Imported 'GUID: 5ca5d3d4919ce4b4bbbc4e3c67bf6320' -> (Import Result ID: 'fb83d0c34efa803a9a8ad72c109b941c') in 0.008 seconds [static and dynamic dependencies]. Details - ImportResultOutputID=7f4b0f68e0bc3a24492c149bf37abd49 DependenciesID=f3368186323bd4d13a2be46ac3bdd479 StaticDependenciesID=65c0ecb3f2e1b3d5bf57ffe3911628b9 
Number of updated asset objects reloaded before import = 0
Number of asset objects unloaded after import = 1
========================================================================
Received Import Request.
  Time of request: 2026-09-27T04:04:27.2317283Z
  Time since last request: 0.000679 seconds.
  importAddress: GUID: 5356d1db487a5284fb27af2798adad33 - Path: Packages/com.unity.cinemachine/Runtime/Timeline/CinemachineShotPlayable.cs - Importer: ScriptedImporter/UnityEditor.QuickSearchModule:UnityEditor.Search:ASIAI0B
Importing 'GUID: 5356d1db487a5284fb27af2798adad33 - Path: Packages/com.unity.cinemachine/Runtime/Timeline/CinemachineShotPlayable.cs - Importer: ScriptedImporter/UnityEditor.QuickSearchModule:UnityEditor.Search:ASIAI0B' with importer (ScriptedImporter : UnityEditor.QuickSearchModule:UnityEditor.Search:ASIAI0B)
Imported 'GUID: 5356d1db487a5284fb27af2798adad33' -> (Import Result ID: 'caec2300f9cdf5c2f372e9cda39a6d68') in 0.003 seconds [static and dynamic dependencies]. Details - ImportResultOutputID=37d5f786d52641da8d0b0d6ee52a49aa DependenciesID=d95b3c912674b211730589188947db5e StaticDependenciesID=7c186a10d3184e30645b4a80268bbb3d 
Number of updated asset objects reloaded before import = 0
Number of asset objects unloaded after import = 0
========================================================================
Received Import Request.
  Time of request: 2026-09-27T04:04:27.2362687Z
  Time since last request: 0.0009578 seconds.
  importAddress: GUID: 7b7b7ed25b78f49208462984ca88f556 - Path: Packages/com.unity.splines/Editor/Utilities/SerializedPropertyUtility.cs - Importer: ScriptedImporter/UnityEditor.QuickSearchModule:UnityEditor.Search:ASIAI0B
Importing 'GUID: 7b7b7ed25b78f49208462984ca88f556 - Path: Packages/com.unity.splines/Editor/Utilities/SerializedPropertyUtility.cs - Importer: ScriptedImporter/UnityEditor.QuickSearchModule:UnityEditor.Search:ASIAI0B' with importer (ScriptedImporter : UnityEditor.QuickSearchModule:UnityEditor.Search:ASIAI0B)
Imported 'GUID: 7b7b7ed25b78f49208462984ca88f556' -> (Import Result ID: 'ec01ffa51e75dbc487e088ff019b35c1') in 0.002 seconds [static and dynamic dependencies]. Details - ImportResultOutputID=3828314b25a841c4b2b47b3954cbdf53 DependenciesID=4e452909b4d627739fa51a0b1f749f9f StaticDependenciesID=5a611eea88a0113e5706858a6edf8124 
Number of updated asset objects reloaded before import = 0
Number of asset objects unloaded after import = 0
========================================================================
Received Import Request.
  Time of request: 2026-09-27T04:04:27.2392385Z
  Time since last request: 0.0006056 seconds.
  importAddress: GUID: 767365db77168f744af8685807ad7f4b - Path: Packages/com.unity.settings-manager/Tests/Editor/SettingsTests.cs - Importer: ScriptedImporter/UnityEditor.QuickSearchModule:UnityEditor.Search:ASIAI0B
Importing 'GUID: 767365db77168f744af8685807ad7f4b - Path: Packages/com.unity.settings-manager/Tests/Editor/SettingsTests.cs - Importer: ScriptedImporter/UnityEditor.QuickSearchModule:UnityEditor.Search:ASIAI0B' with importer (ScriptedImporter : UnityEditor.QuickSearchModule:UnityEditor.Search:ASIAI0B)
Imported 'GUID: 767365db77168f744af8685807ad7f4b' -> (Import Result ID: '43b1654b6b3fd12699db65213b69faf4') in 0.002 seconds [static and dynamic dependencies]. Details - ImportResultOutputID=b5f3499e7634cd7007863e4c2339bc3e DependenciesID=4e7258364f03ebcf089738e3466f2581 StaticDependenciesID=91612941e505167a7f58a39c99c04665 
Number of updated asset objects reloaded before import = 0
Number of asset objects unloaded after import = 0
========================================================================
Received Import Request.
  Time of request: 2026-09-27T04:04:27.2421883Z
  Time since last request: 0.000701 seconds.
  importAddress: GUID: cd1b3b6848c215f4cba3ace2c38f9bce - Path: Packages/com.unity.cinemachine/Editor/Obsolete/OrbitalTransposerHeadingPropertyDrawer.cs - Importer: ScriptedImporter/UnityEditor.QuickSearchModule:UnityEditor.Search:ASIAI0B
Importing 'GUID: cd1b3b6848c215f4cba3ace2c38f9bce - Path: Packages/com.unity.cinemachine/Editor/Obsolete/OrbitalTransposerHeadingPropertyDrawer.cs - Importer: ScriptedImporter/UnityEditor.QuickSearchModule:UnityEditor.Search:ASIAI0B' with importer (ScriptedImporter : UnityEditor.QuickSearchModule:UnityEditor.Search:ASIAI0B)
Imported 'GUID: cd1b3b6848c215f4cba3ace2c38f9bce' -> (Import Result ID: 'eeb9671117074aa1803803c29da8c4b1') in 0.002 seconds [static and dynamic dependencies]. Details - ImportResultOutputID=548734fe2af589dcdde58ea48aa756f7 DependenciesID=fcc337ffec51b662cf97d9fba3fa1541 StaticDependenciesID=355ee49ffd5c42fac4b0b62ee53ef01a 
Number of updated asset objects reloaded before import = 0
Number of asset objects unloaded after import = 0
========================================================================
Received Import Request.
  Time of request: 2026-09-27T04:04:27.2456519Z
  Time since last request: 0.0006406 seconds.
  importAddress: GUID: 2d65bb50aabd144ed9c1a4c2bc6d072e - Path: Packages/com.unity.settings-manager/Editor/ValueWrapper.cs - Importer: ScriptedImporter/UnityEditor.QuickSearchModule:UnityEditor.Search:ASIAI0B
Importing 'GUID: 2d65bb50aabd144ed9c1a4c2bc6d072e - Path: Packages/com.unity.settings-manager/Editor/ValueWrapper.cs - Importer: ScriptedImporter/UnityEditor.QuickSearchModule:UnityEditor.Search:ASIAI0B' with importer (ScriptedImporter : UnityEditor.QuickSearchModule:UnityEditor.Search:ASIAI0B)
Imported 'GUID: 2d65bb50aabd144ed9c1a4c2bc6d072e' -> (Import Result ID: 'f724ce8a5a20a62dafbc345797da8329') in 0.002 seconds [static and dynamic dependencies]. Details - ImportResultOutputID=e46d84d66da67fa10168a7eb9c05e564 DependenciesID=7ba7e3ea0623b5f9e278140349abe674 StaticDependenciesID=2bdc3e632ffa361ddeb1800006131b86 
Number of updated asset objects reloaded before import = 0
Number of asset objects unloaded after import = 0
========================================================================
Received Import Request.
  Time of request: 2026-09-27T04:04:27.2486955Z
  Time since last request: 0.0007547 seconds.
  importAddress: GUID: 5db90e771d0224015980a051350f12b3 - Path: Packages/com.unity.splines/Editor/Editor Resources/Icons/d_ToolHandleParent@2x.png - Importer: ScriptedImporter/UnityEditor.QuickSearchModule:UnityEditor.Search:ASIAI0B
Importing 'GUID: 5db90e771d0224015980a051350f12b3 - Path: Packages/com.unity.splines/Editor/Editor Resources/Icons/d_ToolHandleParent@2x.png - Importer: ScriptedImporter/UnityEditor.QuickSearchModule:UnityEditor.Search:ASIAI0B' with importer (ScriptedImporter : UnityEditor.QuickSearchModule:UnityEditor.Search:ASIAI0B)
Imported 'GUID: 5db90e771d0224015980a051350f12b3' -> (Import Result ID: '9dfa5c0431df4184304cb09948b816c9') in 0.007 seconds [static and dynamic dependencies]. Details - ImportResultOutputID=4c131aaefc29f10a1cbea8262ad87f0b DependenciesID=33501a84e3ba28a54ddbadf403e53e65 StaticDependenciesID=0f85685c77fa261d431651ba09c4221d 
Number of updated asset objects reloaded before import = 0
Number of asset objects unloaded after import = 1
========================================================================
Received Import Request.
  Time of request: 2026-09-27T04:04:27.2569742Z
  Time since last request: 0.0006765 seconds.
  importAddress: GUID: e43142fc3fec6554980dde6126631f1d - Path: Packages/com.unity.splines/Editor/Unity.Splines.Editor.asmdef - Importer: ScriptedImporter/UnityEditor.QuickSearchModule:UnityEditor.Search:ASIAI0B
Importing 'GUID: e43142fc3fec6554980dde6126631f1d - Path: Packages/com.unity.splines/Editor/Unity.Splines.Editor.asmdef - Importer: ScriptedImporter/UnityEditor.QuickSearchModule:UnityEditor.Search:ASIAI0B' with importer (ScriptedImporter : UnityEditor.QuickSearchModule:UnityEditor.Search:ASIAI0B)
Imported 'GUID: e43142fc3fec6554980dde6126631f1d' -> (Import Result ID: 'c797180d9810ceee353c37d6f45bc752') in 0.004 seconds [static and dynamic dependencies]. Details - ImportResultOutputID=d2d02be6afd5b0265b1b7bad420c0fdc DependenciesID=7840e4c6afa00d8ec003041eea5e8c3b StaticDependenciesID=4eb1f07c822ea43e3f9ab32393666b13 
Number of updated asset objects reloaded before import = 0
Number of asset objects unloaded after import = 1
========================================================================
Received Import Request.
  Time of request: 2026-09-27T04:04:27.2801932Z
  Time since last request: 0.0183748 seconds.
  importAddress: GUID: ee42f1964a0e8224c90be81905946699 - Path: Packages/com.unity.cinemachine/Editor/Editors/CinemachineBasicMultiChannelPerlinEditor.cs - Importer: ScriptedImporter/UnityEditor.QuickSearchModule:UnityEditor.Search:ASIAI0B
Importing 'GUID: ee42f1964a0e8224c90be81905946699 - Path: Packages/com.unity.cinemachine/Editor/Editors/CinemachineBasicMultiChannelPerlinEditor.cs - Importer: ScriptedImporter/UnityEditor.QuickSearchModule:UnityEditor.Search:ASIAI0B' with importer (ScriptedImporter : UnityEditor.QuickSearchModule:UnityEditor.Search:ASIAI0B)
Imported 'GUID: ee42f1964a0e8224c90be81905946699' -> (Import Result ID: '35e72ce432531aecd8d515583174d173') in 0.002 seconds [static and dynamic dependencies]. Details - ImportResultOutputID=74a7133427f547f366733a2e4d9aba55 DependenciesID=141e928831d036000d977e44338cc096 StaticDependenciesID=96d48ab75f9916afcfe48953d054d055 
Number of updated asset objects reloaded before import = 0
Number of asset objects unloaded after import = 0
========================================================================
Received Import Request.
  Time of request: 2026-09-27T04:04:27.2835174Z
  Time since last request: 0.000912 seconds.
  importAddress: GUID: 3327a326efc0c4079a8eada111b11d29 - Path: Packages/com.unity.cinemachine/Editor/EditorResources/Icons/Light/CmExtension@256.png - Importer: ScriptedImporter/UnityEditor.QuickSearchModule:UnityEditor.Search:ASIAI0B
Importing 'GUID: 3327a326efc0c4079a8eada111b11d29 - Path: Packages/com.unity.cinemachine/Editor/EditorResources/Icons/Light/CmExtension@256.png - Importer: ScriptedImporter/UnityEditor.QuickSearchModule:UnityEditor.Search:ASIAI0B' with importer (ScriptedImporter : UnityEditor.QuickSearchModule:UnityEditor.Search:ASIAI0B)
Imported 'GUID: 3327a326efc0c4079a8eada111b11d29' -> (Import Result ID: 'bddfd04ad30e07ad60d183c83a90ffbb') in 0.008 seconds [static and dynamic dependencies]. Details - ImportResultOutputID=50cf75b41c45ffcb0b03e1b2bce7fced DependenciesID=3a3e4ec1ef8cdfa2c45331c213d3fdae StaticDependenciesID=1011fb2b84c78c702f85255e6cb38fb6 
Number of updated asset objects reloaded before import = 0
Number of asset objects unloaded after import = 1
========================================================================
Received Import Request.
  Time of request: 2026-09-27T04:04:27.292641Z
  Time since last request: 0.000645 seconds.
  importAddress: GUID: 3fed8968b96eb924891cf86f5c51f661 - Path: Packages/com.unity.cinemachine/Runtime/Core/CinemachineBlend.cs - Importer: ScriptedImporter/UnityEditor.QuickSearchModule:UnityEditor.Search:ASIAI0B
Importing 'GUID: 3fed8968b96eb924891cf86f5c51f661 - Path: Packages/com.unity.cinemachine/Runtime/Core/CinemachineBlend.cs - Importer: ScriptedImporter/UnityEditor.QuickSearchModule:UnityEditor.Search:ASIAI0B' with importer (ScriptedImporter : UnityEditor.QuickSearchModule:UnityEditor.Search:ASIAI0B)
Imported 'GUID: 3fed8968b96eb924891cf86f5c51f661' -> (Import Result ID: '173221ea5661722e69ae83849662c848') in 0.002 seconds [static and dynamic dependencies]. Details - ImportResultOutputID=e958396f7536db476f46ade53d0976b5 DependenciesID=539365846bf3f093e6bc19fc783efa2a StaticDependenciesID=e39714ca4c013673f50b4a62a05ff6b3 
Number of updated asset objects reloaded before import = 0
Number of asset objects unloaded after import = 0
========================================================================
Received Import Request.
  Time of request: 2026-09-27T04:04:27.2962188Z
  Time since last request: 0.0007204 seconds.
  importAddress: GUID: c1afd5e71b4a42a196c82053c9212199 - Path: Packages/com.unity.cinemachine/Editor/Upgrader/UpgradeObjectToCm3.Data.cs - Importer: ScriptedImporter/UnityEditor.QuickSearchModule:UnityEditor.Search:ASIAI0B
Importing 'GUID: c1afd5e71b4a42a196c82053c9212199 - Path: Packages/com.unity.cinemachine/Editor/Upgrader/UpgradeObjectToCm3.Data.cs - Importer: ScriptedImporter/UnityEditor.QuickSearchModule:UnityEditor.Search:ASIAI0B' with importer (ScriptedImporter : UnityEditor.QuickSearchModule:UnityEditor.Search:ASIAI0B)
Imported 'GUID: c1afd5e71b4a42a196c82053c9212199' -> (Import Result ID: '1b35d67907b285dbe5c46dce3416aa8f') in 0.004 seconds [static and dynamic dependencies]. Details - ImportResultOutputID=124d732f237a3f4251706080c08841f6 DependenciesID=d9eae4c6cdf82c58a32e7643b26cc1aa StaticDependenciesID=27dc8e225b1c843ddf2b6d972f4d1185 
Number of updated asset objects reloaded before import = 0
Number of asset objects unloaded after import = 0
========================================================================
Received Import Request.
  Time of request: 2026-09-27T04:04:27.3009064Z
  Time since last request: 0.0005362 seconds.
  importAddress: GUID: bf6af609234b6af4f8218e694d4895c4 - Path: Packages/com.unity.splines/Editor/GUI/SplineGUIUtility.cs - Importer: ScriptedImporter/UnityEditor.QuickSearchModule:UnityEditor.Search:ASIAI0B
Importing 'GUID: bf6af609234b6af4f8218e694d4895c4 - Path: Packages/com.unity.splines/Editor/GUI/SplineGUIUtility.cs - Importer: ScriptedImporter/UnityEditor.QuickSearchModule:UnityEditor.Search:ASIAI0B' with importer (ScriptedImporter : UnityEditor.QuickSearchModule:UnityEditor.Search:ASIAI0B)
Imported 'GUID: bf6af609234b6af4f8218e694d4895c4' -> (Import Result ID: '47a8d17be3f328f01bafb726bc7e9714') in 0.003 seconds [static and dynamic dependencies]. Details - ImportResultOutputID=d2b3b6be4c50817ec1262afe0fa48770 DependenciesID=791a5c62e11ce5dacb91170d93bcb866 StaticDependenciesID=ce20e3aa010fd481fd2c14b7bc120651 
Number of updated asset objects reloaded before import = 0
Number of asset objects unloaded after import = 0
========================================================================
Received Import Request.
  Time of request: 2026-09-27T04:04:27.3044438Z
  Time since last request: 0.0005445 seconds.
  importAddress: GUID: 4700f9f03ad19f94baf0367cb7a9c988 - Path: Packages/com.unity.cinemachine/Runtime/Behaviours/CinemachineFollowZoom.cs - Importer: ScriptedImporter/UnityEditor.QuickSearchModule:UnityEditor.Search:ASIAI0B
Importing 'GUID: 4700f9f03ad19f94baf0367cb7a9c988 - Path: Packages/com.unity.cinemachine/Runtime/Behaviours/CinemachineFollowZoom.cs - Importer: ScriptedImporter/UnityEditor.QuickSearchModule:UnityEditor.Search:ASIAI0B' with importer (ScriptedImporter : UnityEditor.QuickSearchModule:UnityEditor.Search:ASIAI0B)
Imported 'GUID: 4700f9f03ad19f94baf0367cb7a9c988' -> (Import Result ID: '3494b23e6d45fda42a9ba777e52115d0') in 0.004 seconds [static and dynamic dependencies]. Details - ImportResultOutputID=ba4be731f856d9448c3c8b48f122e439 DependenciesID=8112e567029d38d07d598a8a5e927e11 StaticDependenciesID=5d0896b0931175c04da42d67f98da081 
Number of updated asset objects reloaded before import = 0
Number of asset objects unloaded after import = 1
========================================================================
Received Import Request.
  Time of request: 2026-09-27T04:04:27.3100541Z
  Time since last request: 0.0008895 seconds.
  importAddress: GUID: 54b24e51e2a9fa242b38d80ee11f3b2d - Path: Packages/com.unity.cinemachine/Editor/Menus/CinemachineMenu.cs - Importer: ScriptedImporter/UnityEditor.QuickSearchModule:UnityEditor.Search:ASIAI0B
Importing 'GUID: 54b24e51e2a9fa242b38d80ee11f3b2d - Path: Packages/com.unity.cinemachine/Editor/Menus/CinemachineMenu.cs - Importer: ScriptedImporter/UnityEditor.QuickSearchModule:UnityEditor.Search:ASIAI0B' with importer (ScriptedImporter : UnityEditor.QuickSearchModule:UnityEditor.Search:ASIAI0B)
Imported 'GUID: 54b24e51e2a9fa242b38d80ee11f3b2d' -> (Import Result ID: 'a74b6fea84e4a20efe7b153bf316591b') in 0.002 seconds [static and dynamic dependencies]. Details - ImportResultOutputID=a5af202561426ddea50b9fcde38222b8 DependenciesID=a379993d4704d819bcf974a837161a83 StaticDependenciesID=ebc5e89945635f26d28700178ffa8170 
Number of updated asset objects reloaded before import = 0
Number of asset objects unloaded after import = 0
========================================================================
Received Import Request.
  Time of request: 2026-09-27T04:04:27.3135424Z
  Time since last request: 0.0005773 seconds.
  importAddress: GUID: e4e5d566a8aa9914c906555a6857fcb9 - Path: Packages/com.unity.cinemachine/Editor/EditorResources/CMWaveform.shader - Importer: ScriptedImporter/UnityEditor.QuickSearchModule:UnityEditor.Search:ASIAI0B
Importing 'GUID: e4e5d566a8aa9914c906555a6857fcb9 - Path: Packages/com.unity.cinemachine/Editor/EditorResources/CMWaveform.shader - Importer: ScriptedImporter/UnityEditor.QuickSearchModule:UnityEditor.Search:ASIAI0B' with importer (ScriptedImporter : UnityEditor.QuickSearchModule:UnityEditor.Search:ASIAI0B)
Imported 'GUID: e4e5d566a8aa9914c906555a6857fcb9' -> (Import Result ID: '340df02ca99c49740dc2fdd11fdab61f') in 0.005 seconds [static and dynamic dependencies]. Details - ImportResultOutputID=10094b347e23459a4f01e99d578aad07 DependenciesID=00fad4abcdeb2ef7e50226da9ab37f89 StaticDependenciesID=52147ee2fdf570d4c678098691b8e103 
Number of updated asset objects reloaded before import = 0
Number of asset objects unloaded after import = 1
========================================================================
Received Import Request.
  Time of request: 2026-09-27T04:04:27.3202475Z
  Time since last request: 0.0008989 seconds.
  importAddress: GUID: 30e7b5764902497297f0c9ca80bb179a - Path: Packages/com.unity.settings-manager/Editor/ProjectUserSettings.cs - Importer: ScriptedImporter/UnityEditor.QuickSearchModule:UnityEditor.Search:ASIAI0B
Importing 'GUID: 30e7b5764902497297f0c9ca80bb179a - Path: Packages/com.unity.settings-manager/Editor/ProjectUserSettings.cs - Importer: ScriptedImporter/UnityEditor.QuickSearchModule:UnityEditor.Search:ASIAI0B' with importer (ScriptedImporter : UnityEditor.QuickSearchModule:UnityEditor.Search:ASIAI0B)
Imported 'GUID: 30e7b5764902497297f0c9ca80bb179a' -> (Import Result ID: '8a0c0e27a418278c79eba96191e76acd') in 0.002 seconds [static and dynamic dependencies]. Details - ImportResultOutputID=7ea3e0bfc6ebf263494ce41349225bc1 DependenciesID=e1487a427a82de4c5e0a3311627c8003 StaticDependenciesID=d0d346e88af0626fc61d3d22bfe7b70e 
Number of updated asset objects reloaded before import = 0
Number of asset objects unloaded after import = 0
========================================================================
Received Import Request.
  Time of request: 2026-09-27T04:04:27.3230897Z
  Time since last request: 0.0005849 seconds.
  importAddress: GUID: 9384ab8608cdc3d479fe89cd51eed48f - Path: Packages/com.unity.cinemachine/Runtime/Deprecated/CinemachineOrbitalTransposer.cs - Importer: ScriptedImporter/UnityEditor.QuickSearchModule:UnityEditor.Search:ASIAI0B
Importing 'GUID: 9384ab8608cdc3d479fe89cd51eed48f - Path: Packages/com.unity.cinemachine/Runtime/Deprecated/CinemachineOrbitalTransposer.cs - Importer: ScriptedImporter/UnityEditor.QuickSearchModule:UnityEditor.Search:ASIAI0B' with importer (ScriptedImporter : UnityEditor.QuickSearchModule:UnityEditor.Search:ASIAI0B)
Imported 'GUID: 9384ab8608cdc3d479fe89cd51eed48f' -> (Import Result ID: 'cd0477b57e4fa5a420b20c6348a25482') in 0.002 seconds [static and dynamic dependencies]. Details - ImportResultOutputID=75f3ec8a45166e94a7ccc7a803ff99ab DependenciesID=07d5fc55f892c1cec1fe657bc0ca0490 StaticDependenciesID=adba8fb5aab7b693303f1a329c91f489 
Number of updated asset objects reloaded before import = 0
Number of asset objects unloaded after import = 0
========================================================================
Received Import Request.
  Time of request: 2026-09-27T04:04:27.326286Z
  Time since last request: 0.0004899 seconds.
  importAddress: GUID: 4fa53a91a43ae1a4bbf6b29961b45c38 - Path: Packages/com.unity.cinemachine/Runtime/Core/CinemachineExtension.cs - Importer: ScriptedImporter/UnityEditor.QuickSearchModule:UnityEditor.Search:ASIAI0B
Importing 'GUID: 4fa53a91a43ae1a4bbf6b29961b45c38 - Path: Packages/com.unity.cinemachine/Runtime/Core/CinemachineExtension.cs - Importer: ScriptedImporter/UnityEditor.QuickSearchModule:UnityEditor.Search:ASIAI0B' with importer (ScriptedImporter : UnityEditor.QuickSearchModule:UnityEditor.Search:ASIAI0B)
Imported 'GUID: 4fa53a91a43ae1a4bbf6b29961b45c38' -> (Import Result ID: '98e520a81d629c7091579c4557c7e79d') in 0.002 seconds [static and dynamic dependencies]. Details - ImportResultOutputID=df6f10f8d6d6577a3e02eb596d8eaaed DependenciesID=bd88e51c669d5ae2055badc3cd34f04c StaticDependenciesID=99d40b7e0a3e417338cf4e97fd8c3feb 
Number of updated asset objects reloaded before import = 0
Number of asset objects unloaded after import = 0
========================================================================
Received Import Request.
  Time of request: 2026-09-27T04:04:27.3296176Z
  Time since last request: 0.0008377 seconds.
  importAddress: GUID: 29ae16933bbb94210b13408d3f86a072 - Path: Packages/com.unity.splines/Editor/GUI/ToolbarsOverlays/HandleRotationDropdown.cs - Importer: ScriptedImporter/UnityEditor.QuickSearchModule:UnityEditor.Search:ASIAI0B
Importing 'GUID: 29ae16933bbb94210b13408d3f86a072 - Path: Packages/com.unity.splines/Editor/GUI/ToolbarsOverlays/HandleRotationDropdown.cs - Importer: ScriptedImporter/UnityEditor.QuickSearchModule:UnityEditor.Search:ASIAI0B' with importer (ScriptedImporter : UnityEditor.QuickSearchModule:UnityEditor.Search:ASIAI0B)
Imported 'GUID: 29ae16933bbb94210b13408d3f86a072' -> (Import Result ID: '2fea10cfff197a14f9f1ed56abf74d35') in 0.002 seconds [static and dynamic dependencies]. Details - ImportResultOutputID=d13821f734836dbcaeb786f7668774b5 DependenciesID=1ea9e62f02b13e973fa05b7a0db3d0de StaticDependenciesID=1be31836f591b27d339cb5475189b0d4 
Number of updated asset objects reloaded before import = 0
Number of asset objects unloaded after import = 0
========================================================================
Received Import Request.
  Time of request: 2026-09-27T04:04:27.3322867Z
  Time since last request: 0.0005466 seconds.
  importAddress: GUID: a5a8010c3424a6241a13d7eba13aa4f2 - Path: Packages/com.unity.splines/Editor/Editor Resources/Icons/d_Tangent_Linear.png - Importer: ScriptedImporter/UnityEditor.QuickSearchModule:UnityEditor.Search:ASIAI0B
Importing 'GUID: a5a8010c3424a6241a13d7eba13aa4f2 - Path: Packages/com.unity.splines/Editor/Editor Resources/Icons/d_Tangent_Linear.png - Importer: ScriptedImporter/UnityEditor.QuickSearchModule:UnityEditor.Search:ASIAI0B' with importer (ScriptedImporter : UnityEditor.QuickSearchModule:UnityEditor.Search:ASIAI0B)
Imported 'GUID: a5a8010c3424a6241a13d7eba13aa4f2' -> (Import Result ID: '3b6742206e30cdc0faa5bcf8a2a8020f') in 0.006 seconds [static and dynamic dependencies]. Details - ImportResultOutputID=9d499805066e47771acce53075aa68c3 DependenciesID=fa3365574391921148d822f86342c676 StaticDependenciesID=8fdbaeb4fac0ea1d236f01b38acda698 
Number of updated asset objects reloaded before import = 0
Number of asset objects unloaded after import = 1
========================================================================
Received Import Request.
  Time of request: 2026-09-27T04:04:27.3393737Z
  Time since last request: 0.0006619 seconds.
  importAddress: GUID: 0834e0204621424449fe7f88d7127f07 - Path: Packages/com.unity.splines/Editor/Core/PathSettings.cs - Importer: ScriptedImporter/UnityEditor.QuickSearchModule:UnityEditor.Search:ASIAI0B
Importing 'GUID: 0834e0204621424449fe7f88d7127f07 - Path: Packages/com.unity.splines/Editor/Core/PathSettings.cs - Importer: ScriptedImporter/UnityEditor.QuickSearchModule:UnityEditor.Search:ASIAI0B' with importer (ScriptedImporter : UnityEditor.QuickSearchModule:UnityEditor.Search:ASIAI0B)
Imported 'GUID: 0834e0204621424449fe7f88d7127f07' -> (Import Result ID: '312233b66407bf358998587b60b9933f') in 0.002 seconds [static and dynamic dependencies]. Details - ImportResultOutputID=34901c4f38e517e28f0166a1edd3ba11 DependenciesID=65aae5731047c1261b2752f48ad507f7 StaticDependenciesID=46cd9a5515548537b8098967594cab42 
Number of updated asset objects reloaded before import = 0
Number of asset objects unloaded after import = 0
========================================================================
Received Import Request.
  Time of request: 2026-09-27T04:04:27.3430958Z
  Time since last request: 0.0008229 seconds.
  importAddress: GUID: 3958e97119b89b14893728476c991114 - Path: Packages/com.unity.cinemachine/license.txt - Importer: ScriptedImporter/UnityEditor.QuickSearchModule:UnityEditor.Search:ASIAI0B
Importing 'GUID: 3958e97119b89b14893728476c991114 - Path: Packages/com.unity.cinemachine/license.txt - Importer: ScriptedImporter/UnityEditor.QuickSearchModule:UnityEditor.Search:ASIAI0B' with importer (ScriptedImporter : UnityEditor.QuickSearchModule:UnityEditor.Search:ASIAI0B)
Imported 'GUID: 3958e97119b89b14893728476c991114' -> (Import Result ID: '61b81fb6c82b8249187932d4aa9ba5b5') in 0.003 seconds [static and dynamic dependencies]. Details - ImportResultOutputID=1c5f2005294e32a66b21ae8d2a1eafd5 DependenciesID=ccd0094753fb5337fe8cfebe3b9849e1 StaticDependenciesID=8c4109920cb39d7d16d00da87723c00b 
Number of updated asset objects reloaded before import = 0
Number of asset objects unloaded after import = 1
========================================================================
Received Import Request.
  Time of request: 2026-09-27T04:04:27.3467271Z
  Time since last request: 0.0004886 seconds.
  importAddress: GUID: a9e63e62da42ce141b35602019323584 - Path: Packages/com.unity.cinemachine/Editor/Editors/CinemachineStoryboardEditor.cs - Importer: ScriptedImporter/UnityEditor.QuickSearchModule:UnityEditor.Search:ASIAI0B
Importing 'GUID: a9e63e62da42ce141b35602019323584 - Path: Packages/com.unity.cinemachine/Editor/Editors/CinemachineStoryboardEditor.cs - Importer: ScriptedImporter/UnityEditor.QuickSearchModule:UnityEditor.Search:ASIAI0B' with importer (ScriptedImporter : UnityEditor.QuickSearchModule:UnityEditor.Search:ASIAI0B)
Imported 'GUID: a9e63e62da42ce141b35602019323584' -> (Import Result ID: '3ac99c896a277963826f6fe007757ef7') in 0.003 seconds [static and dynamic dependencies]. Details - ImportResultOutputID=ccae2c38ea282e6cce7cc9c0d217bab4 DependenciesID=77687423ee00435ac99b20f23393c316 StaticDependenciesID=a606ed6a72cb2afe1b4cde650519ec7d 
Number of updated asset objects reloaded before import = 0
Number of asset objects unloaded after import = 0
========================================================================
Received Import Request.
  Time of request: 2026-09-27T04:04:27.3506465Z
  Time since last request: 0.0007372 seconds.
  importAddress: GUID: 557c6f70a7173744abaa3967b6da6f5d - Path: Packages/com.unity.cinemachine/Runtime/Deprecated/AxisState.cs - Importer: ScriptedImporter/UnityEditor.QuickSearchModule:UnityEditor.Search:ASIAI0B
Importing 'GUID: 557c6f70a7173744abaa3967b6da6f5d - Path: Packages/com.unity.cinemachine/Runtime/Deprecated/AxisState.cs - Importer: ScriptedImporter/UnityEditor.QuickSearchModule:UnityEditor.Search:ASIAI0B' with importer (ScriptedImporter : UnityEditor.QuickSearchModule:UnityEditor.Search:ASIAI0B)
Imported 'GUID: 557c6f70a7173744abaa3967b6da6f5d' -> (Import Result ID: '0e5a2b418fae13ba710fbaf3d2b491eb') in 0.002 seconds [static and dynamic dependencies]. Details - ImportResultOutputID=24e1226a68f00fe5dc24c3fcc62f3ce4 DependenciesID=5dbd4503a32bec9be36d2de78ad06ff7 StaticDependenciesID=23eed0e5686cf96dbc698f9f55619d83 
Number of updated asset objects reloaded before import = 0
Number of asset objects unloaded after import = 0
========================================================================
Received Import Request.
  Time of request: 2026-09-27T04:04:27.3541547Z
  Time since last request: 0.0006007 seconds.
  importAddress: GUID: e5399d0c8a4c39ad88315355abddd91c - Path: Packages/com.unity.settings-manager - Importer: ScriptedImporter/UnityEditor.QuickSearchModule:UnityEditor.Search:ASIAI0B
Importing 'GUID: e5399d0c8a4c39ad88315355abddd91c - Path: Packages/com.unity.settings-manager - Importer: ScriptedImporter/UnityEditor.QuickSearchModule:UnityEditor.Search:ASIAI0B' with importer (ScriptedImporter : UnityEditor.QuickSearchModule:UnityEditor.Search:ASIAI0B)
Imported 'GUID: e5399d0c8a4c39ad88315355abddd91c' -> (Import Result ID: '882ce60114f3a33715dd51e04d21c38f') in 0.002 seconds [static and dynamic dependencies]. Details - ImportResultOutputID=93693ed162722dc4c2545dd861574b6e DependenciesID=6953818736c594f8da5fc1e454972633 StaticDependenciesID=cfed0709b45d2ed0a9c4452452a0a4a9 
Number of updated asset objects reloaded before import = 0
Number of asset objects unloaded after import = 1
========================================================================
Received Import Request.
  Time of request: 2026-09-27T04:04:27.3565481Z
  Time since last request: 0.0004457 seconds.
  importAddress: GUID: bb7bb364d1bd6bf4487c06678f176dff - Path: Packages/com.unity.splines/Editor/Editor Resources/Icons/Tangent_Continuous On@2x.png - Importer: ScriptedImporter/UnityEditor.QuickSearchModule:UnityEditor.Search:ASIAI0B
Importing 'GUID: bb7bb364d1bd6bf4487c06678f176dff - Path: Packages/com.unity.splines/Editor/Editor Resources/Icons/Tangent_Continuous On@2x.png - Importer: ScriptedImporter/UnityEditor.QuickSearchModule:UnityEditor.Search:ASIAI0B' with importer (ScriptedImporter : UnityEditor.QuickSearchModule:UnityEditor.Search:ASIAI0B)
Imported 'GUID: bb7bb364d1bd6bf4487c06678f176dff' -> (Import Result ID: '9fd087276cb3ca53c832dcf7c9b1c805') in 0.008 seconds [static and dynamic dependencies]. Details - ImportResultOutputID=a1836a70301f9d74acbcedd0570af28d DependenciesID=27a7051080b29db37e408f214e616bf7 StaticDependenciesID=2322abf199cd2383c00f5f1e756339ae 
Number of updated asset objects reloaded before import = 0
Number of asset objects unloaded after import = 1
========================================================================
Received Import Request.
  Time of request: 2026-09-27T04:04:27.3655475Z
  Time since last request: 0.0006401 seconds.
  importAddress: GUID: 90eebaab98e4b44b0ba8c79821e554e1 - Path: Packages/com.unity.cinemachine/Runtime/Components/CinemachineSplineDolly.cs - Importer: ScriptedImporter/UnityEditor.QuickSearchModule:UnityEditor.Search:ASIAI0B
Importing 'GUID: 90eebaab98e4b44b0ba8c79821e554e1 - Path: Packages/com.unity.cinemachine/Runtime/Components/CinemachineSplineDolly.cs - Importer: ScriptedImporter/UnityEditor.QuickSearchModule:UnityEditor.Search:ASIAI0B' with importer (ScriptedImporter : UnityEditor.QuickSearchModule:UnityEditor.Search:ASIAI0B)
Imported 'GUID: 90eebaab98e4b44b0ba8c79821e554e1' -> (Import Result ID: '523dfa3ed274a2091c748e1db120f1d8') in 0.004 seconds [static and dynamic dependencies]. Details - ImportResultOutputID=8787b54e284d6ccb5567f7270f6b04cf DependenciesID=8e157bbe0e7c490aa5d46e489797fbb8 StaticDependenciesID=d53211b6e1da054eb8e55e132f4708f9 
Number of updated asset objects reloaded before import = 0
Number of asset objects unloaded after import = 1
========================================================================
Received Import Request.
  Time of request: 2026-09-27T04:04:27.3806322Z
  Time since last request: 0.0110533 seconds.
  importAddress: GUID: 6443863008638b44f95feba4010e6177 - Path: Assets/FolderColor/SaveSetUp/FolderModificationData.json - Importer: ScriptedImporter/UnityEditor.QuickSearchModule:UnityEditor.Search:ASIAI0B
Importing 'GUID: 6443863008638b44f95feba4010e6177 - Path: Assets/FolderColor/SaveSetUp/FolderModificationData.json - Importer: ScriptedImporter/UnityEditor.QuickSearchModule:UnityEditor.Search:ASIAI0B' with importer (ScriptedImporter : UnityEditor.QuickSearchModule:UnityEditor.Search:ASIAI0B)
Imported 'GUID: 6443863008638b44f95feba4010e6177' -> (Import Result ID: '7211cf60bc9567f31fa99bd9b8777497') in 0.004 seconds [static and dynamic dependencies]. Details - ImportResultOutputID=18ace8d45e06566a87665fe85c103dbe DependenciesID=024b956ccc1686416a8c905fd8760ac7 StaticDependenciesID=4b73b9583d892dd325d2bbecbb67b182 
Number of updated asset objects reloaded before import = 0
Number of asset objects unloaded after import = 1
========================================================================
Received Import Request.
  Time of request: 2026-09-27T04:04:27.3857079Z
  Time since last request: 0.000923 seconds.
  importAddress: GUID: 59bf6f737ca29494a8a074e4e7151fc3 - Path: Packages/com.unity.cinemachine/Editor/Timeline - Importer: ScriptedImporter/UnityEditor.QuickSearchModule:UnityEditor.Search:ASIAI0B
Importing 'GUID: 59bf6f737ca29494a8a074e4e7151fc3 - Path: Packages/com.unity.cinemachine/Editor/Timeline - Importer: ScriptedImporter/UnityEditor.QuickSearchModule:UnityEditor.Search:ASIAI0B' with importer (ScriptedImporter : UnityEditor.QuickSearchModule:UnityEditor.Search:ASIAI0B)
Imported 'GUID: 59bf6f737ca29494a8a074e4e7151fc3' -> (Import Result ID: '97e1cdf151bf2a92d65aea864e688e3d') in 0.002 seconds [static and dynamic dependencies]. Details - ImportResultOutputID=6ed0f87e6bd4dc1499be1807f3e96b82 DependenciesID=d11e9ab777a0aaaca133f884e51e4e41 StaticDependenciesID=c6c06a498d31c18f6efd97e84a6c43ba 
Number of updated asset objects reloaded before import = 0
Number of asset objects unloaded after import = 1
========================================================================
Received Import Request.
  Time of request: 2026-09-27T04:04:27.3888576Z
  Time since last request: 0.0006821 seconds.
  importAddress: GUID: 81edf9ca0b4636a42ad49f78ba120302 - Path: Assets/FolderColor/BrownFolder.png - Importer: ScriptedImporter/UnityEditor.QuickSearchModule:UnityEditor.Search:ASIAI0B
Importing 'GUID: 81edf9ca0b4636a42ad49f78ba120302 - Path: Assets/FolderColor/BrownFolder.png - Importer: ScriptedImporter/UnityEditor.QuickSearchModule:UnityEditor.Search:ASIAI0B' with importer (ScriptedImporter : UnityEditor.QuickSearchModule:UnityEditor.Search:ASIAI0B)
Imported 'GUID: 81edf9ca0b4636a42ad49f78ba120302' -> (Import Result ID: '6a929a7bb5e7cdd90bc2ec9947815d73') in 0.012 seconds [static and dynamic dependencies]. Details - ImportResultOutputID=ff895f9c88548ff461ff49be296301ec DependenciesID=6c1571344b40f7be2bcb5509848cb93d StaticDependenciesID=a9c53e49248630c349817ad89604f916 
Number of updated asset objects reloaded before import = 0
Number of asset objects unloaded after import = 1
========================================================================
Received Import Request.
  Time of request: 2026-09-27T04:04:27.401911Z
  Time since last request: 0.000648 seconds.
  importAddress: GUID: d9b940afcb816984fb3d76d2c1d7fa95 - Path: Assets/FolderColor/Editor - Importer: ScriptedImporter/UnityEditor.QuickSearchModule:UnityEditor.Search:ASIAI0B
Importing 'GUID: d9b940afcb816984fb3d76d2c1d7fa95 - Path: Assets/FolderColor/Editor - Importer: ScriptedImporter/UnityEditor.QuickSearchModule:UnityEditor.Search:ASIAI0B' with importer (ScriptedImporter : UnityEditor.QuickSearchModule:UnityEditor.Search:ASIAI0B)
Imported 'GUID: d9b940afcb816984fb3d76d2c1d7fa95' -> (Import Result ID: '78f9288713cd0e7fa0004b62fb845cf8') in 0.002 seconds [static and dynamic dependencies]. Details - ImportResultOutputID=fb5feff7fee3e11d7858c5e4e1e601fb DependenciesID=fb445b34ee98da6480eb552cd6901e99 StaticDependenciesID=280c14e5551121e55411fc2fab04a0bf 
Number of updated asset objects reloaded before import = 0
Number of asset objects unloaded after import = 1
========================================================================
Received Import Request.
  Time of request: 2026-09-27T04:04:27.4056411Z
  Time since last request: 0.0007292 seconds.
  importAddress: GUID: 4ca2da16c9ef8824ca464a66f9413d94 - Path: Assets/BetterFolders - Importer: ScriptedImporter/UnityEditor.QuickSearchModule:UnityEditor.Search:ASIAI0B
Importing 'GUID: 4ca2da16c9ef8824ca464a66f9413d94 - Path: Assets/BetterFolders - Importer: ScriptedImporter/UnityEditor.QuickSearchModule:UnityEditor.Search:ASIAI0B' with importer (ScriptedImporter : UnityEditor.QuickSearchModule:UnityEditor.Search:ASIAI0B)
Imported 'GUID: 4ca2da16c9ef8824ca464a66f9413d94' -> (Import Result ID: '56f9645de1edf48d200904f78b697387') in 0.002 seconds [static and dynamic dependencies]. Details - ImportResultOutputID=512400919363c97c04a200a6cf152828 DependenciesID=f3df2795ce387e52b55a6539d48989c2 StaticDependenciesID=4a5bb68385a173bbdc6afe7dcecd0fdc 
Number of updated asset objects reloaded before import = 0
Number of asset objects unloaded after import = 1
========================================================================
Received Import Request.
  Time of request: 2026-09-27T04:04:27.4089962Z
  Time since last request: 0.0006772 seconds.
  importAddress: GUID: 79f90b3fbb314424dbdf513b120b0f67 - Path: Assets/BetterFolders/Resources/Icons/icon_editor.png - Importer: ScriptedImporter/UnityEditor.QuickSearchModule:UnityEditor.Search:ASIAI0B
Importing 'GUID: 79f90b3fbb314424dbdf513b120b0f67 - Path: Assets/BetterFolders/Resources/Icons/icon_editor.png - Importer: ScriptedImporter/UnityEditor.QuickSearchModule:UnityEditor.Search:ASIAI0B' with importer (ScriptedImporter : UnityEditor.QuickSearchModule:UnityEditor.Search:ASIAI0B)
Imported 'GUID: 79f90b3fbb314424dbdf513b120b0f67' -> (Import Result ID: 'd6f4f2ecf75cb52419cdee84ba07237f') in 0.006 seconds [static and dynamic dependencies]. Details - ImportResultOutputID=37819d485e1bdda248dc07e6bb3471d3 DependenciesID=98b7c4853e92afd4ee3221b2ef62a4d5 StaticDependenciesID=eaaa9409570f0fa2f8459a6e78a854e6 
Number of updated asset objects reloaded before import = 0
Number of asset objects unloaded after import = 1
========================================================================
Received Import Request.
  Time of request: 2026-09-27T04:04:27.4158355Z
  Time since last request: 0.0006803 seconds.
  importAddress: GUID: b28f9ff9a2b7b05479de0e4983179598 - Path: Assets/BetterFolders/Resources/Presets/tailwind_300.json - Importer: ScriptedImporter/UnityEditor.QuickSearchModule:UnityEditor.Search:ASIAI0B
Importing 'GUID: b28f9ff9a2b7b05479de0e4983179598 - Path: Assets/BetterFolders/Resources/Presets/tailwind_300.json - Importer: ScriptedImporter/UnityEditor.QuickSearchModule:UnityEditor.Search:ASIAI0B' with importer (ScriptedImporter : UnityEditor.QuickSearchModule:UnityEditor.Search:ASIAI0B)
Imported 'GUID: b28f9ff9a2b7b05479de0e4983179598' -> (Import Result ID: 'f36b3a9df73f2a836b08cc2cfda6ca66') in 0.002 seconds [static and dynamic dependencies]. Details - ImportResultOutputID=78bf9db2d397c8c5bff32e53016a8302 DependenciesID=bd2c5dc2ea9aa7d37fd4e71efd15af15 StaticDependenciesID=33166b30b670d108ce1bebdba6f986a0 
Number of updated asset objects reloaded before import = 0
Number of asset objects unloaded after import = 1
========================================================================
Received Import Request.
  Time of request: 2026-09-27T04:04:27.4188263Z
  Time since last request: 0.0005075 seconds.
  importAddress: GUID: 160a9e8504d038641929418e9e0f2a72 - Path: Assets/BetterFolders/Resources/Presets/tailwind_900.json - Importer: ScriptedImporter/UnityEditor.QuickSearchModule:UnityEditor.Search:ASIAI0B
Importing 'GUID: 160a9e8504d038641929418e9e0f2a72 - Path: Assets/BetterFolders/Resources/Presets/tailwind_900.json - Importer: ScriptedImporter/UnityEditor.QuickSearchModule:UnityEditor.Search:ASIAI0B' with importer (ScriptedImporter : UnityEditor.QuickSearchModule:UnityEditor.Search:ASIAI0B)
Imported 'GUID: 160a9e8504d038641929418e9e0f2a72' -> (Import Result ID: 'eb2605985d1ec5d78756b2e9c8a2c54b') in 0.002 seconds [static and dynamic dependencies]. Details - ImportResultOutputID=a1a096958f35af84e8629bdb32ebd7e1 DependenciesID=94e87d1a04a8de80a54c0d7e1f2cace2 StaticDependenciesID=a6a9397205d9c6c2358504e6d5979754 
Number of updated asset objects reloaded before import = 0
Number of asset objects unloaded after import = 1
========================================================================
Received Import Request.
  Time of request: 2026-09-27T04:04:27.4224394Z
  Time since last request: 0.000637 seconds.
  importAddress: GUID: 371ca6d7454458b4283206136e6b6007 - Path: Assets/FolderColor/OrangeFolder.png - Importer: ScriptedImporter/UnityEditor.QuickSearchModule:UnityEditor.Search:ASIAI0B
Importing 'GUID: 371ca6d7454458b4283206136e6b6007 - Path: Assets/FolderColor/OrangeFolder.png - Importer: ScriptedImporter/UnityEditor.QuickSearchModule:UnityEditor.Search:ASIAI0B' with importer (ScriptedImporter : UnityEditor.QuickSearchModule:UnityEditor.Search:ASIAI0B)
Imported 'GUID: 371ca6d7454458b4283206136e6b6007' -> (Import Result ID: 'dd574a47691cc2d49dbd12e071ffd981') in 0.010 seconds [static and dynamic dependencies]. Details - ImportResultOutputID=bcf83d085892a3936110c1c75548ae94 DependenciesID=003e2aeb55a53ad113210a5e0e45925b StaticDependenciesID=9cae158240b711a817d6a5bc5adb909d 
Number of updated asset objects reloaded before import = 0
Number of asset objects unloaded after import = 1
========================================================================
Received Import Request.
  Time of request: 2026-09-27T04:04:27.4334569Z
  Time since last request: 0.0009213 seconds.
  importAddress: GUID: 94e65ae3c1f253e40b7e9e8ef2dd7dd7 - Path: Assets/BetterFolders/Resources/Presets/tailwind_600.json - Importer: ScriptedImporter/UnityEditor.QuickSearchModule:UnityEditor.Search:ASIAI0B
Importing 'GUID: 94e65ae3c1f253e40b7e9e8ef2dd7dd7 - Path: Assets/BetterFolders/Resources/Presets/tailwind_600.json - Importer: ScriptedImporter/UnityEditor.QuickSearchModule:UnityEditor.Search:ASIAI0B' with importer (ScriptedImporter : UnityEditor.QuickSearchModule:UnityEditor.Search:ASIAI0B)
Imported 'GUID: 94e65ae3c1f253e40b7e9e8ef2dd7dd7' -> (Import Result ID: '83bef4b8716f6668caaa6d178a6b3e62') in 0.002 seconds [static and dynamic dependencies]. Details - ImportResultOutputID=575199cfaab434d9812fbe02128772e0 DependenciesID=a4d9cfbea419a6424ed3f7a44bdc8686 StaticDependenciesID=c555255cf5508522faeb5a1adc024b12 
Number of updated asset objects reloaded before import = 0
Number of asset objects unloaded after import = 1
========================================================================
Received Import Request.
  Time of request: 2026-09-27T04:04:27.4367Z
  Time since last request: 0.0006332 seconds.
  importAddress: GUID: 56947363dd205ae4bbe495d43c6d5e24 - Path: Assets/BetterFolders/Resources/Presets/ocean_tones.json - Importer: ScriptedImporter/UnityEditor.QuickSearchModule:UnityEditor.Search:ASIAI0B
Importing 'GUID: 56947363dd205ae4bbe495d43c6d5e24 - Path: Assets/BetterFolders/Resources/Presets/ocean_tones.json - Importer: ScriptedImporter/UnityEditor.QuickSearchModule:UnityEditor.Search:ASIAI0B' with importer (ScriptedImporter : UnityEditor.QuickSearchModule:UnityEditor.Search:ASIAI0B)
Imported 'GUID: 56947363dd205ae4bbe495d43c6d5e24' -> (Import Result ID: '9251cfd23635ab628fe1cca098ec0101') in 0.004 seconds [static and dynamic dependencies]. Details - ImportResultOutputID=e5f5e701053f996eb72dfa865eede90e DependenciesID=1717ea9102932258358d13c76f5a1c9e StaticDependenciesID=d05351a9b483a97087afb3f26853acdd 
Number of updated asset objects reloaded before import = 0
Number of asset objects unloaded after import = 1
========================================================================
Received Import Request.
  Time of request: 2026-09-27T04:04:27.4415408Z
  Time since last request: 0.000686 seconds.
  importAddress: GUID: d4d53b421e16a994ab1d527e1b0cae79 - Path: Assets/BetterFolders/Resources/Icons/icon_resources.png - Importer: ScriptedImporter/UnityEditor.QuickSearchModule:UnityEditor.Search:ASIAI0B
Importing 'GUID: d4d53b421e16a994ab1d527e1b0cae79 - Path: Assets/BetterFolders/Resources/Icons/icon_resources.png - Importer: ScriptedImporter/UnityEditor.QuickSearchModule:UnityEditor.Search:ASIAI0B' with importer (ScriptedImporter : UnityEditor.QuickSearchModule:UnityEditor.Search:ASIAI0B)
Imported 'GUID: d4d53b421e16a994ab1d527e1b0cae79' -> (Import Result ID: 'cbf74735db5314028f6ce48140ab45eb') in 0.007 seconds [static and dynamic dependencies]. Details - ImportResultOutputID=a155131f9560359fd7ff7ce6fbcf67f6 DependenciesID=3cef8e3f5afa08fe032121b20468693c StaticDependenciesID=9b6c561070c8b678cf83eef5caff8bc8 
Number of updated asset objects reloaded before import = 0
Number of asset objects unloaded after import = 1
========================================================================
Received Import Request.
  Time of request: 2026-09-27T04:04:27.4493953Z
  Time since last request: 0.0002956 seconds.
  importAddress: GUID: fb0e68a1a82c3a04c9e5a953987f5d2c - Path: Assets/BetterFolders/Resources/Icons/icon_prefabs.png - Importer: ScriptedImporter/UnityEditor.QuickSearchModule:UnityEditor.Search:ASIAI0B
Importing 'GUID: fb0e68a1a82c3a04c9e5a953987f5d2c - Path: Assets/BetterFolders/Resources/Icons/icon_prefabs.png - Importer: ScriptedImporter/UnityEditor.QuickSearchModule:UnityEditor.Search:ASIAI0B' with importer (ScriptedImporter : UnityEditor.QuickSearchModule:UnityEditor.Search:ASIAI0B)
Imported 'GUID: fb0e68a1a82c3a04c9e5a953987f5d2c' -> (Import Result ID: '5d168dd30534fa11c56435404b31a99c') in 0.005 seconds [static and dynamic dependencies]. Details - ImportResultOutputID=e365c53c1ec90c078222569f71bdf39e DependenciesID=984fb624ace868698f6b6f12ad25c7e6 StaticDependenciesID=90d90dfb6b45be5ea2072c3cddd54cca 
Number of updated asset objects reloaded before import = 0
Number of asset objects unloaded after import = 1
========================================================================
Received Import Request.
  Time of request: 2026-09-27T04:04:27.4560393Z
  Time since last request: 0.0007828 seconds.
  importAddress: GUID: 7fbddc3d391b09748856824634187946 - Path: Packages/com.unity.splines/package.json - Importer: ScriptedImporter/UnityEditor.QuickSearchModule:UnityEditor.Search:ASIAI0B
Importing 'GUID: 7fbddc3d391b09748856824634187946 - Path: Packages/com.unity.splines/package.json - Importer: ScriptedImporter/UnityEditor.QuickSearchModule:UnityEditor.Search:ASIAI0B' with importer (ScriptedImporter : UnityEditor.QuickSearchModule:UnityEditor.Search:ASIAI0B)
Imported 'GUID: 7fbddc3d391b09748856824634187946' -> (Import Result ID: '5176a8d67735dcb9ff522af837f64267') in 0.002 seconds [static and dynamic dependencies]. Details - ImportResultOutputID=adf1db6a14c3f5b8654ad981fb6a3904 DependenciesID=8890c8bbd06d6c4a38fd563d5aeee4c3 StaticDependenciesID=1bd608d75e9f2c5443b87cd3d777da84 
Number of updated asset objects reloaded before import = 0
Number of asset objects unloaded after import = 1
========================================================================
Received Import Request.
  Time of request: 2026-09-27T04:04:27.45931Z
  Time since last request: 0.0007221 seconds.
  importAddress: GUID: fdc4c43fd37b6c84e80e3f17326316d2 - Path: Assets/FolderColor/SaveSetUp - Importer: ScriptedImporter/UnityEditor.QuickSearchModule:UnityEditor.Search:ASIAI0B
Importing 'GUID: fdc4c43fd37b6c84e80e3f17326316d2 - Path: Assets/FolderColor/SaveSetUp - Importer: ScriptedImporter/UnityEditor.QuickSearchModule:UnityEditor.Search:ASIAI0B' with importer (ScriptedImporter : UnityEditor.QuickSearchModule:UnityEditor.Search:ASIAI0B)
Imported 'GUID: fdc4c43fd37b6c84e80e3f17326316d2' -> (Import Result ID: '0b6e6b953a98640a540745fb3116bc14') in 0.002 seconds [static and dynamic dependencies]. Details - ImportResultOutputID=ddeab0f506e3a3d12e420815820a16ad DependenciesID=33b1b21646d9987b289f0c86a211b926 StaticDependenciesID=35df4b46f6c27bb46b81d6feffac69e1 
Number of updated asset objects reloaded before import = 0
Number of asset objects unloaded after import = 1
========================================================================
Received Import Request.
  Time of request: 2026-09-27T04:04:27.4629368Z
  Time since last request: 0.0006012 seconds.
  importAddress: GUID: b1ee8bc0ead99e240b28c5d73f73d9f0 - Path: Assets/BetterFolders/Resources/Icons/icon_scenes.png - Importer: ScriptedImporter/UnityEditor.QuickSearchModule:UnityEditor.Search:ASIAI0B
Importing 'GUID: b1ee8bc0ead99e240b28c5d73f73d9f0 - Path: Assets/BetterFolders/Resources/Icons/icon_scenes.png - Importer: ScriptedImporter/UnityEditor.QuickSearchModule:UnityEditor.Search:ASIAI0B' with importer (ScriptedImporter : UnityEditor.QuickSearchModule:UnityEditor.Search:ASIAI0B)
Imported 'GUID: b1ee8bc0ead99e240b28c5d73f73d9f0' -> (Import Result ID: 'a3378fa03711c53ae880ab89e4841e65') in 0.006 seconds [static and dynamic dependencies]. Details - ImportResultOutputID=496bb1f96c57b163364e3f2fadbca0a2 DependenciesID=cbc7393acfc611712cf07892709c3ea3 StaticDependenciesID=021c02a2aaa6ed5aa3a8adb878b59d03 
Number of updated asset objects reloaded before import = 0
Number of asset objects unloaded after import = 1
========================================================================
Received Import Request.
  Time of request: 2026-09-27T04:04:27.4701456Z
  Time since last request: 0.000687 seconds.
  importAddress: GUID: 27ab9b46f60e42b4da38cb0733333e79 - Path: Assets/FolderColor/BlackFolder.png - Importer: ScriptedImporter/UnityEditor.QuickSearchModule:UnityEditor.Search:ASIAI0B
Importing 'GUID: 27ab9b46f60e42b4da38cb0733333e79 - Path: Assets/FolderColor/BlackFolder.png - Importer: ScriptedImporter/UnityEditor.QuickSearchModule:UnityEditor.Search:ASIAI0B' with importer (ScriptedImporter : UnityEditor.QuickSearchModule:UnityEditor.Search:ASIAI0B)
Imported 'GUID: 27ab9b46f60e42b4da38cb0733333e79' -> (Import Result ID: '2fe7e1d783f4f6ff3b892212f1191045') in 0.010 seconds [static and dynamic dependencies]. Details - ImportResultOutputID=c4ec8ad12d7fe88b2fe34fbb3eb73979 DependenciesID=2054ae28e19815be56effca9104a576d StaticDependenciesID=86c2f025d71ceeab1b4783c21a26084c 
Number of updated asset objects reloaded before import = 0
Number of asset objects unloaded after import = 1
========================================================================
Received Import Request.
  Time of request: 2026-09-27T04:04:27.4810036Z
  Time since last request: 0.0007012 seconds.
  importAddress: GUID: 3f6524f97141eef4cb838ea589d9ef49 - Path: Assets/BetterFolders/Resources/Presets/DefaultFolderRules.json - Importer: ScriptedImporter/UnityEditor.QuickSearchModule:UnityEditor.Search:ASIAI0B
Importing 'GUID: 3f6524f97141eef4cb838ea589d9ef49 - Path: Assets/BetterFolders/Resources/Presets/DefaultFolderRules.json - Importer: ScriptedImporter/UnityEditor.QuickSearchModule:UnityEditor.Search:ASIAI0B' with importer (ScriptedImporter : UnityEditor.QuickSearchModule:UnityEditor.Search:ASIAI0B)
Imported 'GUID: 3f6524f97141eef4cb838ea589d9ef49' -> (Import Result ID: '4d7aa5f073bef36ab5cc0b8f3d4ddaa5') in 0.002 seconds [static and dynamic dependencies]. Details - ImportResultOutputID=27671561b23f706ee7d1281f965fba86 DependenciesID=30bcc412c131f9b5ba5dbc6dadf1d4b8 StaticDependenciesID=0a87e51bc34bcd319f2a8e08ace4629f 
Number of updated asset objects reloaded before import = 0
Number of asset objects unloaded after import = 1
========================================================================
Received Import Request.
  Time of request: 2026-09-27T04:04:27.4842095Z
  Time since last request: 0.0004948 seconds.
  importAddress: GUID: 979d8dd6e1979274b973349b4079519b - Path: Assets/FolderColor/PinkFolder.png - Importer: ScriptedImporter/UnityEditor.QuickSearchModule:UnityEditor.Search:ASIAI0B
Importing 'GUID: 979d8dd6e1979274b973349b4079519b - Path: Assets/FolderColor/PinkFolder.png - Importer: ScriptedImporter/UnityEditor.QuickSearchModule:UnityEditor.Search:ASIAI0B' with importer (ScriptedImporter : UnityEditor.QuickSearchModule:UnityEditor.Search:ASIAI0B)
Imported 'GUID: 979d8dd6e1979274b973349b4079519b' -> (Import Result ID: '542874c1c4cbb1ed8483b77c0ca14050') in 0.011 seconds [static and dynamic dependencies]. Details - ImportResultOutputID=4bda22760ccb1317793c1f3c5906466b DependenciesID=a5e1882916cca5ff80bee6496935dc41 StaticDependenciesID=65f435a039835df4d7efdf605883f935 
Number of updated asset objects reloaded before import = 0
Number of asset objects unloaded after import = 1
========================================================================
Received Import Request.
  Time of request: 2026-09-27T04:04:27.495987Z
  Time since last request: 0.0007229 seconds.
  importAddress: GUID: 33e5b39249fe5d340bff6571da0853db - Path: Assets/BetterFolders/Resources/Icons/icon_audio.png - Importer: ScriptedImporter/UnityEditor.QuickSearchModule:UnityEditor.Search:ASIAI0B
Importing 'GUID: 33e5b39249fe5d340bff6571da0853db - Path: Assets/BetterFolders/Resources/Icons/icon_audio.png - Importer: ScriptedImporter/UnityEditor.QuickSearchModule:UnityEditor.Search:ASIAI0B' with importer (ScriptedImporter : UnityEditor.QuickSearchModule:UnityEditor.Search:ASIAI0B)
Imported 'GUID: 33e5b39249fe5d340bff6571da0853db' -> (Import Result ID: '53844c1d0782f727c498c21b2af3beeb') in 0.006 seconds [static and dynamic dependencies]. Details - ImportResultOutputID=e2edabf8ef636a2e75a6184dd270a8a4 DependenciesID=03a6b739b643ee370644b4fe33b3b1f1 StaticDependenciesID=f02aebc10095a56f224b0eda3ed0f584 
Number of updated asset objects reloaded before import = 0
Number of asset objects unloaded after import = 1
========================================================================
Received Import Request.
  Time of request: 2026-09-27T04:04:27.5031308Z
  Time since last request: 0.0003236 seconds.
  importAddress: GUID: 390265c3e834a4a7c804369abba00760 - Path: Packages/com.unity.cinemachine/Runtime/ThirdParty/clipper.cs - Importer: ScriptedImporter/UnityEditor.QuickSearchModule:UnityEditor.Search:ASIAI0B
Importing 'GUID: 390265c3e834a4a7c804369abba00760 - Path: Packages/com.unity.cinemachine/Runtime/ThirdParty/clipper.cs - Importer: ScriptedImporter/UnityEditor.QuickSearchModule:UnityEditor.Search:ASIAI0B' with importer (ScriptedImporter : UnityEditor.QuickSearchModule:UnityEditor.Search:ASIAI0B)
Imported 'GUID: 390265c3e834a4a7c804369abba00760' -> (Import Result ID: '856566b780a1af51aa738f8cc92d870e') in 0.003 seconds [static and dynamic dependencies]. Details - ImportResultOutputID=8e8e6c2a4cf8f3b23fdf1b8b937afa65 DependenciesID=3ed14f58836dd6a1a6c0b378de3d9230 StaticDependenciesID=96b0856876b4bb114a8b425aa56404f2 
Number of updated asset objects reloaded before import = 0
Number of asset objects unloaded after import = 0
========================================================================
Received Import Request.
  Time of request: 2026-09-27T04:04:27.5074014Z
  Time since last request: 0.0007961 seconds.
  importAddress: GUID: e02cd34857342294caed08cfd52d738d - Path: Assets/BetterFolders/Resources - Importer: ScriptedImporter/UnityEditor.QuickSearchModule:UnityEditor.Search:ASIAI0B
Importing 'GUID: e02cd34857342294caed08cfd52d738d - Path: Assets/BetterFolders/Resources - Importer: ScriptedImporter/UnityEditor.QuickSearchModule:UnityEditor.Search:ASIAI0B' with importer (ScriptedImporter : UnityEditor.QuickSearchModule:UnityEditor.Search:ASIAI0B)
Imported 'GUID: e02cd34857342294caed08cfd52d738d' -> (Import Result ID: 'dc99b33c219d3e7a5a37e8709ab70d93') in 0.002 seconds [static and dynamic dependencies]. Details - ImportResultOutputID=9c9c9a23aaced21e8839ca5605747551 DependenciesID=9a2ab4b29114f1b2e47fbb41b4df10ba StaticDependenciesID=2c4c89dfd569b678929ea89fe6bba34a 
Number of updated asset objects reloaded before import = 0
Number of asset objects unloaded after import = 1
========================================================================
Received Import Request.
  Time of request: 2026-09-27T04:04:27.510761Z
  Time since last request: 0.0006261 seconds.
  importAddress: GUID: e366dd80182b9974c96f178781064042 - Path: Assets/BetterFolders/Resources/Presets/tailwind_200.json - Importer: ScriptedImporter/UnityEditor.QuickSearchModule:UnityEditor.Search:ASIAI0B
Importing 'GUID: e366dd80182b9974c96f178781064042 - Path: Assets/BetterFolders/Resources/Presets/tailwind_200.json - Importer: ScriptedImporter/UnityEditor.QuickSearchModule:UnityEditor.Search:ASIAI0B' with importer (ScriptedImporter : UnityEditor.QuickSearchModule:UnityEditor.Search:ASIAI0B)
Imported 'GUID: e366dd80182b9974c96f178781064042' -> (Import Result ID: '23d439a4d0b1e5740d034d3b37c5dbbc') in 0.002 seconds [static and dynamic dependencies]. Details - ImportResultOutputID=760e40775aae3bc53bde2262143a157d DependenciesID=33315382b8fa1eaf8a2165c7a5ecea3c StaticDependenciesID=cca0900ec941c336aa4b9d61280fc39c 
Number of updated asset objects reloaded before import = 0
Number of asset objects unloaded after import = 1
========================================================================
Received Import Request.
  Time of request: 2026-09-27T04:04:27.5261245Z
  Time since last request: 0.0125807 seconds.
  importAddress: GUID: 7fe5c71ebb3b19d4cadeedffc7b6f875 - Path: Assets/BetterFolders/Resources/FolderColorSettings.asset - Importer: ScriptedImporter/UnityEditor.QuickSearchModule:UnityEditor.Search:ASIAI0B
Importing 'GUID: 7fe5c71ebb3b19d4cadeedffc7b6f875 - Path: Assets/BetterFolders/Resources/FolderColorSettings.asset - Importer: ScriptedImporter/UnityEditor.QuickSearchModule:UnityEditor.Search:ASIAI0B' with importer (ScriptedImporter : UnityEditor.QuickSearchModule:UnityEditor.Search:ASIAI0B)
Imported 'GUID: 7fe5c71ebb3b19d4cadeedffc7b6f875' -> (Import Result ID: '702481e44a1ceac937b5e4aa360041fa') in 0.033 seconds [static and dynamic dependencies]. Details - ImportResultOutputID=3c49d7235f645b0abd62624557bbb384 DependenciesID=cea57b0c615b30e7b40167f4b5467b27 StaticDependenciesID=714fdf8f9e8fc49afb1789f2a66b2739 
Number of updated asset objects reloaded before import = 0
Number of asset objects unloaded after import = 16
========================================================================
Received Import Request.
  Time of request: 2026-09-27T04:04:27.5604674Z
  Time since last request: 0.0004905 seconds.
  importAddress: GUID: d4f119e42618ea14b98dcccc7d882163 - Path: Packages/ca.tim-cstj.fast-play/Editor/SceneWithBasicInstructions - Importer: ScriptedImporter/UnityEditor.QuickSearchModule:UnityEditor.Search:ASIAI0B
Importing 'GUID: d4f119e42618ea14b98dcccc7d882163 - Path: Packages/ca.tim-cstj.fast-play/Editor/SceneWithBasicInstructions - Importer: ScriptedImporter/UnityEditor.QuickSearchModule:UnityEditor.Search:ASIAI0B' with importer (ScriptedImporter : UnityEditor.QuickSearchModule:UnityEditor.Search:ASIAI0B)
Imported 'GUID: d4f119e42618ea14b98dcccc7d882163' -> (Import Result ID: 'f4af719b8ea64e8409c51a803be45f61') in 0.002 seconds [static and dynamic dependencies]. Details - ImportResultOutputID=a2b61c1f1c04b8428d6c01eff218f93a DependenciesID=e87a4085c2ea572207e27a21e712baca StaticDependenciesID=da45ccfd51023cca4917ce21bd395fcd 
Number of updated asset objects reloaded before import = 0
Number of asset objects unloaded after import = 1
========================================================================
Received Import Request.
  Time of request: 2026-09-27T04:04:27.5635842Z
  Time since last request: 0.0005668 seconds.
  importAddress: GUID: c376de64c01954844bd68ae8520261d0 - Path: Assets/MeshStatsScanner/Materials/Skybox.shadergraph - Importer: ScriptedImporter/UnityEditor.QuickSearchModule:UnityEditor.Search:ASIAI0B
Importing 'GUID: c376de64c01954844bd68ae8520261d0 - Path: Assets/MeshStatsScanner/Materials/Skybox.shadergraph - Importer: ScriptedImporter/UnityEditor.QuickSearchModule:UnityEditor.Search:ASIAI0B' with importer (ScriptedImporter : UnityEditor.QuickSearchModule:UnityEditor.Search:ASIAI0B)
Imported 'GUID: c376de64c01954844bd68ae8520261d0' -> (Import Result ID: '614205e5cf6acaf2ab61d94f61d2b243') in 0.002 seconds [static and dynamic dependencies]. Details - ImportResultOutputID=8bafbd43a08b75f76296db575b44912c DependenciesID=ff122baf52da00b1fff5cf83f7f946fd StaticDependenciesID=49a2da18d1a5b4105f8013a550c980a8 
Number of updated asset objects reloaded before import = 0
Number of asset objects unloaded after import = 1
========================================================================
Received Import Request.
  Time of request: 2026-09-27T04:04:27.5671848Z
  Time since last request: 0.0006823 seconds.
  importAddress: GUID: 56bb01e1d026ce249aa1b1d505dbc0eb - Path: Assets/MeshStatsScanner/Scenes/Demo.unity - Importer: ScriptedImporter/UnityEditor.QuickSearchModule:UnityEditor.Search:ASIAI0B
Importing 'GUID: 56bb01e1d026ce249aa1b1d505dbc0eb - Path: Assets/MeshStatsScanner/Scenes/Demo.unity - Importer: ScriptedImporter/UnityEditor.QuickSearchModule:UnityEditor.Search:ASIAI0B' with importer (ScriptedImporter : UnityEditor.QuickSearchModule:UnityEditor.Search:ASIAI0B)
Imported 'GUID: 56bb01e1d026ce249aa1b1d505dbc0eb' -> (Import Result ID: '3ae2490940fd6e62e9d2977bc1c72bbc') in 0.003 seconds [static and dynamic dependencies]. Details - ImportResultOutputID=b35a1bb2936bd439bbbf2cd75de1a0f5 DependenciesID=116e15ac43de7266d6d2e5d1f18e0897 StaticDependenciesID=ad95c82d1bb26158aad919ab90b11f60 
Number of updated asset objects reloaded before import = 0
Number of asset objects unloaded after import = 1
========================================================================
Received Import Request.
  Time of request: 2026-09-27T04:04:27.5711091Z
  Time since last request: 0.000642 seconds.
  importAddress: GUID: d47bb3bc4fd8af94ebd1cfe47804db6f - Path: Assets/MeshStatsScanner/Materials/daytime.hdr - Importer: ScriptedImporter/UnityEditor.QuickSearchModule:UnityEditor.Search:ASIAI0B
Importing 'GUID: d47bb3bc4fd8af94ebd1cfe47804db6f - Path: Assets/MeshStatsScanner/Materials/daytime.hdr - Importer: ScriptedImporter/UnityEditor.QuickSearchModule:UnityEditor.Search:ASIAI0B' with importer (ScriptedImporter : UnityEditor.QuickSearchModule:UnityEditor.Search:ASIAI0B)
Imported 'GUID: d47bb3bc4fd8af94ebd1cfe47804db6f' -> (Import Result ID: 'e33ca1a6476a0050434ca6079e223cb1') in 0.023 seconds [static and dynamic dependencies]. Details - ImportResultOutputID=5b525b11e6c0f920f57effd69e1ffd9a DependenciesID=0e54924c0345b7bd355a7fb666515292 StaticDependenciesID=f77bb02c075e21309986a48d3eb4d6ed 
Number of updated asset objects reloaded before import = 0
Number of asset objects unloaded after import = 1
========================================================================
Received Import Request.
  Time of request: 2026-09-27T04:04:27.595581Z
  Time since last request: 0.0007027 seconds.
  importAddress: GUID: 5b135eb3e0a3513458442f70f090f79a - Path: Assets/KrispyAssets - Importer: ScriptedImporter/UnityEditor.QuickSearchModule:UnityEditor.Search:ASIAI0B
Importing 'GUID: 5b135eb3e0a3513458442f70f090f79a - Path: Assets/KrispyAssets - Importer: ScriptedImporter/UnityEditor.QuickSearchModule:UnityEditor.Search:ASIAI0B' with importer (ScriptedImporter : UnityEditor.QuickSearchModule:UnityEditor.Search:ASIAI0B)
Imported 'GUID: 5b135eb3e0a3513458442f70f090f79a' -> (Import Result ID: 'a869ac1a6ae54edf7ae9d1769cd451dd') in 0.002 seconds [static and dynamic dependencies]. Details - ImportResultOutputID=6ba6924a812274db7361ccc55ad64fde DependenciesID=e923ec4348d541d6b3a1857139d19188 StaticDependenciesID=b8ff05199afe6f14cd5911e7eb622c96 
Number of updated asset objects reloaded before import = 0
Number of asset objects unloaded after import = 1
========================================================================
Received Import Request.
  Time of request: 2026-09-27T04:04:27.5991027Z
  Time since last request: 0.0005085 seconds.
  importAddress: GUID: 73341dd7e87d03849a64ed44ccd57bf9 - Path: Assets/MeshStatsScanner/Materials/Blue.mat - Importer: ScriptedImporter/UnityEditor.QuickSearchModule:UnityEditor.Search:ASIAI0B
Importing 'GUID: 73341dd7e87d03849a64ed44ccd57bf9 - Path: Assets/MeshStatsScanner/Materials/Blue.mat - Importer: ScriptedImporter/UnityEditor.QuickSearchModule:UnityEditor.Search:ASIAI0B' with importer (ScriptedImporter : UnityEditor.QuickSearchModule:UnityEditor.Search:ASIAI0B)
Imported 'GUID: 73341dd7e87d03849a64ed44ccd57bf9' -> (Import Result ID: '7baf94693e8dfaac8086077bde2daf89') in 0.010 seconds [static and dynamic dependencies]. Details - ImportResultOutputID=a8914922e555a58f672629ff1807053d DependenciesID=2b6f3d1a822996b5d98d6458855ad5b4 StaticDependenciesID=6ecf442657df9523265a72931f52957b 
Number of updated asset objects reloaded before import = 0
Number of asset objects unloaded after import = 1
========================================================================
Received Import Request.
  Time of request: 2026-09-27T04:04:27.6105194Z
  Time since last request: 0.0010096 seconds.
  importAddress: GUID: e0b725309789aa14488a8900db45909b - Path: Assets/MeshStatsScanner/Editor/MeshStatsScanner.cs - Importer: ScriptedImporter/UnityEditor.QuickSearchModule:UnityEditor.Search:ASIAI0B
Importing 'GUID: e0b725309789aa14488a8900db45909b - Path: Assets/MeshStatsScanner/Editor/MeshStatsScanner.cs - Importer: ScriptedImporter/UnityEditor.QuickSearchModule:UnityEditor.Search:ASIAI0B' with importer (ScriptedImporter : UnityEditor.QuickSearchModule:UnityEditor.Search:ASIAI0B)
Imported 'GUID: e0b725309789aa14488a8900db45909b' -> (Import Result ID: 'f08e45edc3dd6ef1f7d19648be5971f6') in 0.002 seconds [static and dynamic dependencies]. Details - ImportResultOutputID=14caca598855de618a2007600d3e4ea9 DependenciesID=50c20e980b9ed5227da4715751bd75db StaticDependenciesID=620ee749238aecb681623a205ce88286 
Number of updated asset objects reloaded before import = 0
Number of asset objects unloaded after import = 0
========================================================================
Received Import Request.
  Time of request: 2026-09-27T04:04:27.6139462Z
  Time since last request: 0.0010449 seconds.
  importAddress: GUID: 84a4cd02a6d13eb43a14df562ae915b6 - Path: Assets/KrispyAssets/ObjectToIconConverter/Scripts/CaptureTarget.cs - Importer: ScriptedImporter/UnityEditor.QuickSearchModule:UnityEditor.Search:ASIAI0B
Importing 'GUID: 84a4cd02a6d13eb43a14df562ae915b6 - Path: Assets/KrispyAssets/ObjectToIconConverter/Scripts/CaptureTarget.cs - Importer: ScriptedImporter/UnityEditor.QuickSearchModule:UnityEditor.Search:ASIAI0B' with importer (ScriptedImporter : UnityEditor.QuickSearchModule:UnityEditor.Search:ASIAI0B)
Imported 'GUID: 84a4cd02a6d13eb43a14df562ae915b6' -> (Import Result ID: '507f445d3bab5cd7da8499935ae1b6e2') in 0.003 seconds [static and dynamic dependencies]. Details - ImportResultOutputID=267e7e546cdc393ce36dd7e199770f73 DependenciesID=aacbfbb3953678dd41ad1b1e82b6bde4 StaticDependenciesID=6b71ca33d0e624c02adc8f5c60938dde 
Number of updated asset objects reloaded before import = 0
Number of asset objects unloaded after import = 0
========================================================================
Received Import Request.
  Time of request: 2026-09-27T04:04:27.6178258Z
  Time since last request: 0.0007395 seconds.
  importAddress: GUID: dc5dced54d130fc4d8408d7acaf4e955 - Path: Assets/MeshStatsScanner/Scenes/Demo/Lightmap-1_comp_light.exr - Importer: ScriptedImporter/UnityEditor.QuickSearchModule:UnityEditor.Search:ASIAI0B
Importing 'GUID: dc5dced54d130fc4d8408d7acaf4e955 - Path: Assets/MeshStatsScanner/Scenes/Demo/Lightmap-1_comp_light.exr - Importer: ScriptedImporter/UnityEditor.QuickSearchModule:UnityEditor.Search:ASIAI0B' with importer (ScriptedImporter : UnityEditor.QuickSearchModule:UnityEditor.Search:ASIAI0B)
Imported 'GUID: dc5dced54d130fc4d8408d7acaf4e955' -> (Import Result ID: 'bd31418682af3eaea699e1c399ffa5e6') in 0.009 seconds [static and dynamic dependencies]. Details - ImportResultOutputID=53a322187256fd92fabc56d2049e2ed0 DependenciesID=a692f4c183c640a22c114b22414bef69 StaticDependenciesID=58e0a7417475f2bb64a3d20e3db692c4 
Number of updated asset objects reloaded before import = 0
Number of asset objects unloaded after import = 1
========================================================================
Received Import Request.
  Time of request: 2026-09-27T04:04:27.6276525Z
  Time since last request: 0.0004714 seconds.
  importAddress: GUID: 02f21860a90ed484884878f954f9d890 - Path: Assets/BetterFolders/Resources/Presets - Importer: ScriptedImporter/UnityEditor.QuickSearchModule:UnityEditor.Search:ASIAI0B
Importing 'GUID: 02f21860a90ed484884878f954f9d890 - Path: Assets/BetterFolders/Resources/Presets - Importer: ScriptedImporter/UnityEditor.QuickSearchModule:UnityEditor.Search:ASIAI0B' with importer (ScriptedImporter : UnityEditor.QuickSearchModule:UnityEditor.Search:ASIAI0B)
Imported 'GUID: 02f21860a90ed484884878f954f9d890' -> (Import Result ID: '601de65e1f39e09db06228ac128db9de') in 0.002 seconds [static and dynamic dependencies]. Details - ImportResultOutputID=4fb06e92caddfcb5d091884af3ea6469 DependenciesID=dda4c375854921b85d3f4ced8d8b0de8 StaticDependenciesID=cd9be9c261ed95253f9dbc60ce517678 
Number of updated asset objects reloaded before import = 0
Number of asset objects unloaded after import = 1
========================================================================
Received Import Request.
  Time of request: 2026-09-27T04:04:27.6310194Z
  Time since last request: 0.0005734 seconds.
  importAddress: GUID: 8f53779b596d9ec41ada86144ea6acba - Path: Assets/BetterFolders/Documentation/README.md - Importer: ScriptedImporter/UnityEditor.QuickSearchModule:UnityEditor.Search:ASIAI0B
Importing 'GUID: 8f53779b596d9ec41ada86144ea6acba - Path: Assets/BetterFolders/Documentation/README.md - Importer: ScriptedImporter/UnityEditor.QuickSearchModule:UnityEditor.Search:ASIAI0B' with importer (ScriptedImporter : UnityEditor.QuickSearchModule:UnityEditor.Search:ASIAI0B)
Imported 'GUID: 8f53779b596d9ec41ada86144ea6acba' -> (Import Result ID: '402abe8282ba2f12e35bb35e36ce754e') in 0.003 seconds [static and dynamic dependencies]. Details - ImportResultOutputID=d370e7f6a45f89f6ef899d020c04b8ae DependenciesID=d55a22fdd84ba7a22f50d4a249c38897 StaticDependenciesID=43b5251e7befb20a24872a0f7053c7d8 
Number of updated asset objects reloaded before import = 0
Number of asset objects unloaded after import = 1
========================================================================
Received Import Request.
  Time of request: 2026-09-27T04:04:27.6352683Z
  Time since last request: 0.0006151 seconds.
  importAddress: GUID: 275f6bb167006134aa3197aee87f0fbb - Path: Assets/MeshStatsScanner/Scenes/Demo/Lightmap-0_comp_shadowmask.png - Importer: ScriptedImporter/UnityEditor.QuickSearchModule:UnityEditor.Search:ASIAI0B
Importing 'GUID: 275f6bb167006134aa3197aee87f0fbb - Path: Assets/MeshStatsScanner/Scenes/Demo/Lightmap-0_comp_shadowmask.png - Importer: ScriptedImporter/UnityEditor.QuickSearchModule:UnityEditor.Search:ASIAI0B' with importer (ScriptedImporter : UnityEditor.QuickSearchModule:UnityEditor.Search:ASIAI0B)
Imported 'GUID: 275f6bb167006134aa3197aee87f0fbb' -> (Import Result ID: '12f22f39f689d5022304db4ab28b542c') in 0.009 seconds [static and dynamic dependencies]. Details - ImportResultOutputID=de0f433fb354a3b22782144bf93000b4 DependenciesID=7b954fd85cf03aeb29a9065788324cbb StaticDependenciesID=4cb1a0af480676c13a42b4940f486951 
Number of updated asset objects reloaded before import = 0
Number of asset objects unloaded after import = 1
========================================================================
Received Import Request.
  Time of request: 2026-09-27T04:04:27.645515Z
  Time since last request: 0.0006381 seconds.
  importAddress: GUID: a42a4179e74325049b4134e3f497d875 - Path: Assets/BetterFolders/Editor/FolderColorSettings.cs - Importer: ScriptedImporter/UnityEditor.QuickSearchModule:UnityEditor.Search:ASIAI0B
Importing 'GUID: a42a4179e74325049b4134e3f497d875 - Path: Assets/BetterFolders/Editor/FolderColorSettings.cs - Importer: ScriptedImporter/UnityEditor.QuickSearchModule:UnityEditor.Search:ASIAI0B' with importer (ScriptedImporter : UnityEditor.QuickSearchModule:UnityEditor.Search:ASIAI0B)
Imported 'GUID: a42a4179e74325049b4134e3f497d875' -> (Import Result ID: 'd7ad5baba4d2622c03b54bf29c0d32a2') in 0.002 seconds [static and dynamic dependencies]. Details - ImportResultOutputID=e1e6ea8b4f1ee1b702b84cf00d67425e DependenciesID=4f513d39712ea2724e0c6e7bef420b55 StaticDependenciesID=df5c66dcbdc555dcd685a05a24b0e3dd 
Number of updated asset objects reloaded before import = 0
Number of asset objects unloaded after import = 0
========================================================================
Received Import Request.
  Time of request: 2026-09-27T04:04:27.648888Z
  Time since last request: 0.0007709 seconds.
  importAddress: GUID: 7af99948bdb6e8147913a95bc81b2b50 - Path: Assets/MeshStatsScanner/Scenes/Demo/Lightmap-1_comp_shadowmask.png - Importer: ScriptedImporter/UnityEditor.QuickSearchModule:UnityEditor.Search:ASIAI0B
Importing 'GUID: 7af99948bdb6e8147913a95bc81b2b50 - Path: Assets/MeshStatsScanner/Scenes/Demo/Lightmap-1_comp_shadowmask.png - Importer: ScriptedImporter/UnityEditor.QuickSearchModule:UnityEditor.Search:ASIAI0B' with importer (ScriptedImporter : UnityEditor.QuickSearchModule:UnityEditor.Search:ASIAI0B)
Imported 'GUID: 7af99948bdb6e8147913a95bc81b2b50' -> (Import Result ID: 'f36aae7f103abf68363923d7a1ac941c') in 0.007 seconds [static and dynamic dependencies]. Details - ImportResultOutputID=f62f090bf8abb2acf8e7e30d7e741082 DependenciesID=d3eb93fe9d82ee143fa93025434a6eba StaticDependenciesID=210ce35a87bfcb8e7331645efa7587fc 
Number of updated asset objects reloaded before import = 0
Number of asset objects unloaded after import = 1
========================================================================
Received Import Request.
  Time of request: 2026-09-27T04:04:27.657374Z
  Time since last request: 0.0005406 seconds.
  importAddress: GUID: e8f773ed12919704f8da008b216e3427 - Path: Assets/BetterFolders/Resources/Icons/icon_scripts.png - Importer: ScriptedImporter/UnityEditor.QuickSearchModule:UnityEditor.Search:ASIAI0B
Importing 'GUID: e8f773ed12919704f8da008b216e3427 - Path: Assets/BetterFolders/Resources/Icons/icon_scripts.png - Importer: ScriptedImporter/UnityEditor.QuickSearchModule:UnityEditor.Search:ASIAI0B' with importer (ScriptedImporter : UnityEditor.QuickSearchModule:UnityEditor.Search:ASIAI0B)
Imported 'GUID: e8f773ed12919704f8da008b216e3427' -> (Import Result ID: '47bd9cb090a43b2f00d012e3146a6041') in 0.006 seconds [static and dynamic dependencies]. Details - ImportResultOutputID=19c6b2f0686f24d8748e47344c744c7b DependenciesID=960baac4de7e48e294980405ae58d1d9 StaticDependenciesID=134fb59872b1339ffe4e91bcf2a20c44 
Number of updated asset objects reloaded before import = 0
Number of asset objects unloaded after import = 1
========================================================================
Received Import Request.
  Time of request: 2026-09-27T04:04:27.6642748Z
  Time since last request: 0.0000833 seconds.
  importAddress: GUID: d855e864cb203bc4ea5c7373a7914106 - Path: Assets/MeshStatsScanner/Settings/Icon.png - Importer: ScriptedImporter/UnityEditor.QuickSearchModule:UnityEditor.Search:ASIAI0B
Importing 'GUID: d855e864cb203bc4ea5c7373a7914106 - Path: Assets/MeshStatsScanner/Settings/Icon.png - Importer: ScriptedImporter/UnityEditor.QuickSearchModule:UnityEditor.Search:ASIAI0B' with importer (ScriptedImporter : UnityEditor.QuickSearchModule:UnityEditor.Search:ASIAI0B)
Imported 'GUID: d855e864cb203bc4ea5c7373a7914106' -> (Import Result ID: 'c0baf7b799f0c33b36b72495a89869d8') in 0.009 seconds [static and dynamic dependencies]. Details - ImportResultOutputID=1ec80600cb53078970a6116fc80de23b DependenciesID=eac62dbdf36385a3ed8d9c9f2fb3322c StaticDependenciesID=6b839a5a359bd002dd399cdb2bc07b89 
Number of updated asset objects reloaded before import = 0
Number of asset objects unloaded after import = 1
========================================================================
Received Import Request.
  Time of request: 2026-09-27T04:04:27.6743086Z
  Time since last request: 0.000634 seconds.
  importAddress: GUID: 4de37a457b4661545856cbaec602bc97 - Path: Assets/MeshStatsScanner/Scenes/Demo/Lightmap-1_comp_dir.png - Importer: ScriptedImporter/UnityEditor.QuickSearchModule:UnityEditor.Search:ASIAI0B
Importing 'GUID: 4de37a457b4661545856cbaec602bc97 - Path: Assets/MeshStatsScanner/Scenes/Demo/Lightmap-1_comp_dir.png - Importer: ScriptedImporter/UnityEditor.QuickSearchModule:UnityEditor.Search:ASIAI0B' with importer (ScriptedImporter : UnityEditor.QuickSearchModule:UnityEditor.Search:ASIAI0B)
Imported 'GUID: 4de37a457b4661545856cbaec602bc97' -> (Import Result ID: '2773f7fbd8e450856537b33ca770f612') in 0.007 seconds [static and dynamic dependencies]. Details - ImportResultOutputID=8745d86445ac0e4612adec5541db9187 DependenciesID=1ead2b90ef94124812eb9d24f603f6f5 StaticDependenciesID=9405ccf84bce4cf4fa03543778aa600f 
Number of updated asset objects reloaded before import = 0
Number of asset objects unloaded after import = 1
========================================================================
Received Import Request.
  Time of request: 2026-09-27T04:04:27.6830822Z
  Time since last request: 0.0009919 seconds.
  importAddress: GUID: 1198d611c5f841b4b98e7db96d58d89a - Path: Assets/MeshStatsScanner - Importer: ScriptedImporter/UnityEditor.QuickSearchModule:UnityEditor.Search:ASIAI0B
Importing 'GUID: 1198d611c5f841b4b98e7db96d58d89a - Path: Assets/MeshStatsScanner - Importer: ScriptedImporter/UnityEditor.QuickSearchModule:UnityEditor.Search:ASIAI0B' with importer (ScriptedImporter : UnityEditor.QuickSearchModule:UnityEditor.Search:ASIAI0B)
Imported 'GUID: 1198d611c5f841b4b98e7db96d58d89a' -> (Import Result ID: '60df621ecac5079f4a83ebf3f744f6df') in 0.003 seconds [static and dynamic dependencies]. Details - ImportResultOutputID=834483947ffb54d94e07514f2e3acec3 DependenciesID=9cd7c7f290645e6bef1263cf0f755228 StaticDependenciesID=8b7fd3cfd9c645127f345911242c6006 
Number of updated asset objects reloaded before import = 0
Number of asset objects unloaded after import = 1
========================================================================
Received Import Request.
  Time of request: 2026-09-27T04:04:27.686771Z
  Time since last request: 0.0006019 seconds.
  importAddress: GUID: 4f227395493550041bee6d4b08cf5ada - Path: Packages/ca.tim-cstj.fast-play/Editor - Importer: ScriptedImporter/UnityEditor.QuickSearchModule:UnityEditor.Search:ASIAI0B
Importing 'GUID: 4f227395493550041bee6d4b08cf5ada - Path: Packages/ca.tim-cstj.fast-play/Editor - Importer: ScriptedImporter/UnityEditor.QuickSearchModule:UnityEditor.Search:ASIAI0B' with importer (ScriptedImporter : UnityEditor.QuickSearchModule:UnityEditor.Search:ASIAI0B)
Imported 'GUID: 4f227395493550041bee6d4b08cf5ada' -> (Import Result ID: '7da41bdcd62a3f4ad3fe0dd95fa5a09f') in 0.003 seconds [static and dynamic dependencies]. Details - ImportResultOutputID=a33bf9b35dbd380d5b6b436602a4976e DependenciesID=5d8d9e6d5fed02a7acbd51797ecfbdfa StaticDependenciesID=007c849b7d24e64f4f5dc65028b6813d 
Number of updated asset objects reloaded before import = 0
Number of asset objects unloaded after import = 1
========================================================================
Received Import Request.
  Time of request: 2026-09-27T04:04:27.7141762Z
  Time since last request: 0.0242333 seconds.
  importAddress: GUID: 9f84d7ad5d81026498f1c35da6bf0f7f - Path: Assets/IntuitiveCreative/Shared - Importer: ScriptedImporter/UnityEditor.QuickSearchModule:UnityEditor.Search:ASIAI0B
Importing 'GUID: 9f84d7ad5d81026498f1c35da6bf0f7f - Path: Assets/IntuitiveCreative/Shared - Importer: ScriptedImporter/UnityEditor.QuickSearchModule:UnityEditor.Search:ASIAI0B' with importer (ScriptedImporter : UnityEditor.QuickSearchModule:UnityEditor.Search:ASIAI0B)
Imported 'GUID: 9f84d7ad5d81026498f1c35da6bf0f7f' -> (Import Result ID: 'e6ddc28c99ec7fde376b53c23316aa74') in 0.002 seconds [static and dynamic dependencies]. Details - ImportResultOutputID=047f7431c5356e6fe9fe659cc1dcb232 DependenciesID=46ad1140f7dcd75c8b3211c26b5f5db5 StaticDependenciesID=add3e7e99df76d87adf92829ba5780f6 
Number of updated asset objects reloaded before import = 0
Number of asset objects unloaded after import = 1
========================================================================
Received Import Request.
  Time of request: 2026-09-27T04:04:27.7172835Z
  Time since last request: 0.0007527 seconds.
  importAddress: GUID: 3959d768dc3ba864ca4ac30c2db8b728 - Path: Assets/IntuitiveCreative/Demos/IntuitiveAudioAdjust - Importer: ScriptedImporter/UnityEditor.QuickSearchModule:UnityEditor.Search:ASIAI0B
Importing 'GUID: 3959d768dc3ba864ca4ac30c2db8b728 - Path: Assets/IntuitiveCreative/Demos/IntuitiveAudioAdjust - Importer: ScriptedImporter/UnityEditor.QuickSearchModule:UnityEditor.Search:ASIAI0B' with importer (ScriptedImporter : UnityEditor.QuickSearchModule:UnityEditor.Search:ASIAI0B)
Imported 'GUID: 3959d768dc3ba864ca4ac30c2db8b728' -> (Import Result ID: 'b06e72811f77b19842b68bc832eea5ca') in 0.002 seconds [static and dynamic dependencies]. Details - ImportResultOutputID=4b1316b9c2edd0cca1222644e107b464 DependenciesID=a5fc7117e7ebb95a1732b4b21f459543 StaticDependenciesID=a3641debe80b41c3f30ce645c6edb580 
Number of updated asset objects reloaded before import = 0
Number of asset objects unloaded after import = 1
========================================================================
Received Import Request.
  Time of request: 2026-09-27T04:04:27.7206184Z
  Time since last request: 0.0006222 seconds.
  importAddress: GUID: b3af57f49a2a2d4429c77b5d3c030042 - Path: Assets/IntuitiveCreative/Shared/Editor/Base/IntuitiveCreativeStyles.cs - Importer: ScriptedImporter/UnityEditor.QuickSearchModule:UnityEditor.Search:ASIAI0B
Importing 'GUID: b3af57f49a2a2d4429c77b5d3c030042 - Path: Assets/IntuitiveCreative/Shared/Editor/Base/IntuitiveCreativeStyles.cs - Importer: ScriptedImporter/UnityEditor.QuickSearchModule:UnityEditor.Search:ASIAI0B' with importer (ScriptedImporter : UnityEditor.QuickSearchModule:UnityEditor.Search:ASIAI0B)
Imported 'GUID: b3af57f49a2a2d4429c77b5d3c030042' -> (Import Result ID: '6932cc08006b9e1af65ae6016ee193b6') in 0.002 seconds [static and dynamic dependencies]. Details - ImportResultOutputID=cd3e0c6ee593bc6577f986f1a8e05f98 DependenciesID=08f8f89b7275dfe375e2b9d34680a0f6 StaticDependenciesID=fab42cb6c5b470c20d0a92c24804e338 
Number of updated asset objects reloaded before import = 0
Number of asset objects unloaded after import = 0
========================================================================
Received Import Request.
  Time of request: 2026-09-27T04:04:27.7243145Z
  Time since last request: 0.0007706 seconds.
  importAddress: GUID: 6accd8e5194642446bb7023dfb947b3e - Path: Assets/IntuitiveCreative/Shared/Editor/Base/Textures - Importer: ScriptedImporter/UnityEditor.QuickSearchModule:UnityEditor.Search:ASIAI0B
Importing 'GUID: 6accd8e5194642446bb7023dfb947b3e - Path: Assets/IntuitiveCreative/Shared/Editor/Base/Textures - Importer: ScriptedImporter/UnityEditor.QuickSearchModule:UnityEditor.Search:ASIAI0B' with importer (ScriptedImporter : UnityEditor.QuickSearchModule:UnityEditor.Search:ASIAI0B)
Imported 'GUID: 6accd8e5194642446bb7023dfb947b3e' -> (Import Result ID: '133fd9e5db8340c9973b32c2a23e3a57') in 0.002 seconds [static and dynamic dependencies]. Details - ImportResultOutputID=1d067e1359d00fe6893aa46b40093f74 DependenciesID=41f471421f8c68dd8e91983ba920b012 StaticDependenciesID=878f1a4d4452cf358482f8590f099dfd 
Number of updated asset objects reloaded before import = 0
Number of asset objects unloaded after import = 1
========================================================================
Received Import Request.
  Time of request: 2026-09-27T04:04:27.7271578Z
  Time since last request: 0.0006036 seconds.
  importAddress: GUID: e36a3b57edaf65646860fdd7b3c2d24d - Path: Assets/IntuitiveCreative/Demos - Importer: ScriptedImporter/UnityEditor.QuickSearchModule:UnityEditor.Search:ASIAI0B
Importing 'GUID: e36a3b57edaf65646860fdd7b3c2d24d - Path: Assets/IntuitiveCreative/Demos - Importer: ScriptedImporter/UnityEditor.QuickSearchModule:UnityEditor.Search:ASIAI0B' with importer (ScriptedImporter : UnityEditor.QuickSearchModule:UnityEditor.Search:ASIAI0B)
Imported 'GUID: e36a3b57edaf65646860fdd7b3c2d24d' -> (Import Result ID: '2c76ffa6841c6921aacd4ab49d160607') in 0.002 seconds [static and dynamic dependencies]. Details - ImportResultOutputID=04f0785641e9563559d7e1edb23d4b7d DependenciesID=922f1c00d47a8cff35f0ef78f6316e7e StaticDependenciesID=efe5d67ea356303015b6367c35869cb1 
Number of updated asset objects reloaded before import = 0
Number of asset objects unloaded after import = 1
========================================================================
Received Import Request.
  Time of request: 2026-09-27T04:04:27.7301593Z
  Time since last request: 0.0007157 seconds.
  importAddress: GUID: 3b150deeabc2b874aaf4a2ab71d6c253 - Path: Assets/IntuitiveCreative/CHANGELOG.md - Importer: ScriptedImporter/UnityEditor.QuickSearchModule:UnityEditor.Search:ASIAI0B
Importing 'GUID: 3b150deeabc2b874aaf4a2ab71d6c253 - Path: Assets/IntuitiveCreative/CHANGELOG.md - Importer: ScriptedImporter/UnityEditor.QuickSearchModule:UnityEditor.Search:ASIAI0B' with importer (ScriptedImporter : UnityEditor.QuickSearchModule:UnityEditor.Search:ASIAI0B)
Imported 'GUID: 3b150deeabc2b874aaf4a2ab71d6c253' -> (Import Result ID: 'd8ee9c1c8fac6d0a7fcc245f083a2eb8') in 0.002 seconds [static and dynamic dependencies]. Details - ImportResultOutputID=c3e357225d85946c2853f19f82f392ac DependenciesID=795aa2aec15786c9fde3f5c60408cbf3 StaticDependenciesID=87d75965ff643bdbbe87f3210159864a 
Number of updated asset objects reloaded before import = 0
Number of asset objects unloaded after import = 1
========================================================================
Received Import Request.
  Time of request: 2026-09-27T04:04:27.7331187Z
  Time since last request: 0.0006726 seconds.
  importAddress: GUID: 557ca66c21387ea409885d31648ef048 - Path: Assets/IntuitiveCreative/Shared/Editor - Importer: ScriptedImporter/UnityEditor.QuickSearchModule:UnityEditor.Search:ASIAI0B
Importing 'GUID: 557ca66c21387ea409885d31648ef048 - Path: Assets/IntuitiveCreative/Shared/Editor - Importer: ScriptedImporter/UnityEditor.QuickSearchModule:UnityEditor.Search:ASIAI0B' with importer (ScriptedImporter : UnityEditor.QuickSearchModule:UnityEditor.Search:ASIAI0B)
Imported 'GUID: 557ca66c21387ea409885d31648ef048' -> (Import Result ID: '8cab2e45dccfad2dbd0934736261bc48') in 0.002 seconds [static and dynamic dependencies]. Details - ImportResultOutputID=90eab51e1cb9cc8d6b3858b5b323bca9 DependenciesID=31aa120982b25b1d6e5aa3c35c439287 StaticDependenciesID=891596abddadf55788bbcf87471a462a 
Number of updated asset objects reloaded before import = 0
Number of asset objects unloaded after import = 1
========================================================================
Received Import Request.
  Time of request: 2026-09-27T04:04:27.7359883Z
  Time since last request: 0.0006885 seconds.
  importAddress: GUID: f8cf8f975886cd94bbf1a371447b7ca6 - Path: Assets/IntuitiveCreative/Shared/Editor/Base - Importer: ScriptedImporter/UnityEditor.QuickSearchModule:UnityEditor.Search:ASIAI0B
Importing 'GUID: f8cf8f975886cd94bbf1a371447b7ca6 - Path: Assets/IntuitiveCreative/Shared/Editor/Base - Importer: ScriptedImporter/UnityEditor.QuickSearchModule:UnityEditor.Search:ASIAI0B' with importer (ScriptedImporter : UnityEditor.QuickSearchModule:UnityEditor.Search:ASIAI0B)
Imported 'GUID: f8cf8f975886cd94bbf1a371447b7ca6' -> (Import Result ID: '24f9b1582bede4003e8277af4609bd19') in 0.003 seconds [static and dynamic dependencies]. Details - ImportResultOutputID=b1610d6dd2b36531ddf017d1e98b5017 DependenciesID=376a5f1fe2427cb0ba1182d8a551174a StaticDependenciesID=6ed2459a50d7c5c7c106b6faaf93e665 
Number of updated asset objects reloaded before import = 0
Number of asset objects unloaded after import = 1
========================================================================
Received Import Request.
  Time of request: 2026-09-27T04:04:27.7398141Z
  Time since last request: 0.0006491 seconds.
  importAddress: GUID: fed3637e04187c34ca3b496874defb3a - Path: Assets/IntuitiveCreative/Demos/IntuitiveAudioAdjust/outputs_processed/IntuitiveAudioAdjust_square_trim_pitchdown.wav - Importer: ScriptedImporter/UnityEditor.QuickSearchModule:UnityEditor.Search:ASIAI0B
Importing 'GUID: fed3637e04187c34ca3b496874defb3a - Path: Assets/IntuitiveCreative/Demos/IntuitiveAudioAdjust/outputs_processed/IntuitiveAudioAdjust_square_trim_pitchdown.wav - Importer: ScriptedImporter/UnityEditor.QuickSearchModule:UnityEditor.Search:ASIAI0B' with importer (ScriptedImporter : UnityEditor.QuickSearchModule:UnityEditor.Search:ASIAI0B)
Imported 'GUID: fed3637e04187c34ca3b496874defb3a' -> (Import Result ID: '60e1a595a858a893b3763b5d87bc9014') in 0.008 seconds [static and dynamic dependencies]. Details - ImportResultOutputID=7266226bebab16b21ff4a03d5f1256d3 DependenciesID=cdd11fde734694989fe14b8f315092a3 StaticDependenciesID=9b1420591b5205f82c1e2baa3dd31bce 
Number of updated asset objects reloaded before import = 0
Number of asset objects unloaded after import = 1
========================================================================
Received Import Request.
  Time of request: 2026-09-27T04:06:21.0839521Z
  Time since last request: 113.3360172 seconds.
  importAddress: GUID: d6362b560b719374e9afe26b14dc34f3 - Path: Assets/ProjectFolders/Models - Importer: ScriptedImporter/UnityEditor.QuickSearchModule:UnityEditor.Search:ASIAI0B
Importing 'GUID: d6362b560b719374e9afe26b14dc34f3 - Path: Assets/ProjectFolders/Models - Importer: ScriptedImporter/UnityEditor.QuickSearchModule:UnityEditor.Search:ASIAI0B' with importer (ScriptedImporter : UnityEditor.QuickSearchModule:UnityEditor.Search:ASIAI0B)
Imported 'GUID: d6362b560b719374e9afe26b14dc34f3' -> (Import Result ID: '48f55aea0f60922d4f2a006bbcf5b19c') in 0.002 seconds [static and dynamic dependencies]. Details - ImportResultOutputID=9280014de7e398447fecbda3b4ee6ddb DependenciesID=69f3b7fed4dc583d2e69dace321c0259 StaticDependenciesID=3ed68411499d001b11742bc317a6aa57 
Number of updated asset objects reloaded before import = 0
Number of asset objects unloaded after import = 1
========================================================================
Received Import Request.
  Time of request: 2026-09-27T04:06:35.4563455Z
  Time since last request: 14.3697503 seconds.
  importAddress: GUID: fdc04a39343ed4e47a5f0cd1257a1bc1 - Path: Assets/ProjectFolders/Textures - Importer: ScriptedImporter/UnityEditor.QuickSearchModule:UnityEditor.Search:ASIAI0B
Importing 'GUID: fdc04a39343ed4e47a5f0cd1257a1bc1 - Path: Assets/ProjectFolders/Textures - Importer: ScriptedImporter/UnityEditor.QuickSearchModule:UnityEditor.Search:ASIAI0B' with importer (ScriptedImporter : UnityEditor.QuickSearchModule:UnityEditor.Search:ASIAI0B)
Imported 'GUID: fdc04a39343ed4e47a5f0cd1257a1bc1' -> (Import Result ID: '099d2b51cc29e7631c94a050d927a09c') in 0.001 seconds [static and dynamic dependencies]. Details - ImportResultOutputID=8cd36193215ecd4eec371d7c8a81a851 DependenciesID=3b118550a4e7168d2a73c7840d8fb3c9 StaticDependenciesID=2fa51da08c7c3570ac68c42d8b384db9 
Number of updated asset objects reloaded before import = 0
Number of asset objects unloaded after import = 1
========================================================================
Received Prepare
AcceleratorClientConnectionCallback - disconnected - :0
Unloading 1 Unused Serialized files (Serialized files now loaded: 0)
Unloading 36 unused Assets / (86.9 KB). Loaded Objects now: 2340.
Memory consumption went from 200.2 MB to 200.1 MB.
Total: 7.525500 ms (FindLiveObjects: 0.292700 ms CreateObjectMapping: 0.041400 ms MarkObjects: 6.949400 ms  DeleteObjects: 0.069200 ms)

Prepare: number of updated asset objects reloaded= 0
========================================================================
Received Prepare
AcceleratorClientConnectionCallback - disconnected - :0
Unloading 1 Unused Serialized files (Serialized files now loaded: 0)
Unloading 1 unused Assets / (83.9 KB). Loaded Objects now: 2340.
Memory consumption went from 200.3 MB to 200.2 MB.
Total: 6.731700 ms (FindLiveObjects: 0.305600 ms CreateObjectMapping: 0.033100 ms MarkObjects: 6.209900 ms  DeleteObjects: 0.038000 ms)

Prepare: number of updated asset objects reloaded= 0
Editor requested this worker to shutdown with reason: Editor is closing down
AcceleratorClientConnectionCallback - disconnected - :0
AssetImportWorker is now disconnected from the server
Process exiting
[ExitDontLaunchBugReporter] Exiting without the bug reporter. Application will exit with return code 0
